time_offset_s,desired_position_x,desired_position_y,desired_position_z,desired_position_roll,desired_position_pitch,desired_position_yaw,desired_velocity_x,desired_velocity_y,desired_velocity_z,desired_velocity_roll,desired_velocity_pitch,desired_velocity_yaw,nominal_position_x,nominal_position_y,nominal_position_z,nominal_position_roll,nominal_position_pitch,nominal_position_yaw,nominal_velocity_x,nominal_velocity_y,nominal_velocity_z,nominal_velocity_roll,nominal_velocity_pitch,nominal_velocity_yaw,actual_position_mean_x,actual_position_mean_y,actual_position_mean_z,actual_position_mean_roll,actual_position_mean_pitch,actual_position_mean_yaw,actual_velocity_mean_x,actual_velocity_mean_y,actual_velocity_mean_z,actual_velocity_mean_roll,actual_velocity_mean_pitch,actual_velocity_mean_yaw,actual_position_std_x,actual_position_std_y,actual_position_std_z,actual_position_std_roll,actual_position_std_pitch,actual_position_std_yaw,actual_velocity_std_x,actual_velocity_std_y,actual_velocity_std_z,actual_velocity_std_roll,actual_velocity_std_pitch,actual_velocity_std_yaw,nominal_acceleration_command_x,nominal_acceleration_command_y,nominal_acceleration_command_z,nominal_acceleration_command_roll,nominal_acceleration_command_pitch,nominal_acceleration_command_yaw,nominal_actual_log_residual_x,nominal_actual_log_residual_y,nominal_actual_log_residual_z,nominal_actual_log_residual_roll,nominal_actual_log_residual_pitch,nominal_actual_log_residual_yaw,desired_actual_log_residual_x,desired_actual_log_residual_y,desired_actual_log_residual_z,desired_actual_log_residual_roll,desired_actual_log_residual_pitch,desired_actual_log_residual_yaw
294.00327491760254,-0.25939276814460754,-0.1603957712650299,0.800000011920929,0.0,0.0,0.06156108155846596,0.0,0.0,0.0,0.0,0.0,0.0,-0.2783303215053126,-0.15848300495179646,0.8522036135498927,0.012286385128516078,-0.0459792383355812,0.14040193812381757,0.010998407652694848,0.04024268415595293,-0.008539622526276163,-0.05988606595885801,0.08696780183193797,0.1166481967375518,-0.2783303215053126,-0.15848300495179646,0.8522036135498927,0.012286385128516078,-0.0459792383355812,0.14040193812381757,0.010998407652694848,0.04024268415595293,-0.008539622526276163,-0.05988606595885801,0.08696780183193797,0.1166481967375518,0.002319719678477073,0.0023197289652923973,0.002293679510838804,0.0015878264931873142,0.0015874711683565828,0.0016638090822771023,0.010285895473962763,0.01028622180408942,0.009972637471748145,0.008726646259971648,0.008726646259971648,0.008726646259971648,-0.17740190676931272,0.04490576638468356,11.866860668827009,4.222641328148275,1.4246809194782821,-1.1383149010032818,0.0,0.0,0.0,-0.0,-0.0,-0.0,-0.018937553360705073,0.0019127663132334494,0.05220360162896376,0.010859412345318205,-0.04630952229638492,0.07885247213435233
294.05327491760255,-0.25939276814460754,-0.1603957712650299,0.800000011920929,0.0,0.0,0.06156108155846596,0.0,0.0,0.0,0.0,0.0,0.0,-0.27781713234735345,-0.15664191981793182,0.851844350706641,0.010035263078482815,-0.042715647185890486,0.1451884395452318,0.009529158665667597,0.03340072119861553,-0.005830891203788557,-0.016243127587809145,0.05041895124583363,0.07584945622315768,-0.2777459328517659,-0.15644439972038604,0.8518241656546066,0.008846786739618091,-0.04382400905946158,0.14581123204878393,0.011616144908221422,0.04109485402071782,-0.00677988129646115,-0.05749076241556578,0.011073963909002135,0.10167413800133844,0.0019616432098914895,0.0019616427429718806,0.00194769354647079,0.001544302950962793,0.0015439959601925132,0.0016187919056398835,0.009229306837573647,0.009229566109236274,0.008988746283283569,0.008726646259971648,0.008726646259971648,0.008726646259971648,-0.15711538544848083,0.046470260749574596,11.853390408962843,4.220833140476542,2.7248534220586738,-1.1394947264591617,7.119949558753724e-05,0.0001975200975457836,-2.01850520343827e-05,-0.0012507293965781435,-0.0010157818907761032,0.0006543640347294456,-0.018353164707158365,0.003951371544643867,0.05182415373367766,0.007489460101895082,-0.04404950598951422,0.08426040062889972
294.10327491760256,-0.25939276814460754,-0.1603957712650299,0.800000011920929,0.0,0.0,0.06156108155846596,0.0,0.0,0.0,0.0,0.0,0.0,-0.2773520474870946,-0.15514097721397802,0.8516036866046834,0.010017757351531974,-0.03948403890767484,0.1479793563850918,0.009074235744682172,0.02663698295952269,-0.0037956728745093845,0.027309401399653058,0.07887872578876365,0.03499172443596956,-0.2772180857210639,-0.15440511264946588,0.8515010133650329,0.006034333687345891,-0.04484204751302608,0.1504924144984112,0.009015898448925997,0.040160020727867,-0.006405021060399909,-0.04573097048685219,-0.049960294454836435,0.08935859313709263,0.0016746739583749187,0.0016746700722558832,0.0016686583288573155,0.0015026453126040003,0.001502356051727203,0.0015755412177902212,0.008252955876222151,0.008253134612188469,0.00807515678584655,0.008726646259971648,0.008726646259971648,0.008726646259971648,-0.13419771041665932,0.04251513527182478,11.850600025623372,4.047334922499734,3.8349418629727805,-1.1522170169035404,0.0001339617660306991,0.0007358645645121342,-0.00010267323965051922,-0.004312802182211994,-0.005033791511673019,0.0026223722072297186,-0.017825317576456334,0.005990658615564026,0.051501001444103967,0.004648574125257962,-0.04497887662324789,0.08894183129488867
294.1532749176025,-0.25939276814460754,-0.1603957712650299,0.800000011920929,0.0,0.0,0.06156108155846596,0.0,0.0,0.0,0.0,0.0,0.0,-0.27688106167909576,-0.15398316542882723,0.8514612954400156,0.011789446137300992,-0.03329044184233027,0.14876274480649698,0.009765196575287297,0.019675488446550232,-0.0018999737122059664,0.06218701948823321,0.16284292237731618,-0.006502121873390464,-0.2768943341416841,-0.1524473960484676,0.8511546654080784,0.004080136683602233,-0.04884527467701873,0.15455061071977053,0.00362942969962896,0.03798423347227378,-0.007621351822909847,-0.03056835115089954,-0.1042440978622284,0.0735471081028852,0.0014583707117570433,0.0014583690846944252,0.0014565922091012418,0.0014622116236522014,0.0014619122225583727,0.001533453834593684,0.007323306099915521,0.007323404638979272,0.007196470542820359,0.008726646259971648,0.008726646259971648,0.008726646259971648,-0.11179949018529214,0.04598501367869235,11.855301633326139,3.809812883236688,4.8635324652366405,-1.15021804866688,-1.3272462588309608e-05,0.001535769380359625,-0.00030663003193720506,-0.00873409722045151,-0.014894399985438695,0.00602032535966695,-0.01750156599707653,0.007948375216562303,0.051154653487149426,0.0025733223762425296,-0.048916625686574636,0.0930018494763668
294.2032749176025,-0.25939276814460754,-0.1603957712650299,0.800000011920929,0.0,0.0,0.06156108155846596,0.0,0.0,0.0,0.0,0.0,0.0,-0.2763475300542769,-0.15316909102131543,0.8514195662430913,0.014631090308134018,-0.021502466695701074,0.14752620436458092,0.01157606841746182,0.012887487853913276,0.00023080583523801368,0.08518853561369803,0.29823664907916886,-0.047896019770964623,-0.27686882823556214,-0.15061923607130934,0.8507366861227277,0.003187084883358062,-0.05454974267945349,0.1578849409582006,-0.0026622411789983848,0.03507476441331967,-0.008932876164924795,-0.025102672274582568,-0.12243658052484749,0.05778859104361746,0.0013078870373103757,0.0013078909887101363,0.001307350270412214,0.001423704788666428,0.0014233771583224532,0.0014931913016162672,0.006528486016058825,0.006528524324618185,0.006443490912117369,0.008726646259971648,0.008726646259971648,0.008726646259971648,-0.0929864479430264,0.04998609932000596,11.863748236640681,3.724973681296963,5.258012195427188,-1.1403425854905784,-0.0005212981812852124,0.002549854950006092,-0.0006828801203636603,-0.013714169285024462,-0.03200987470582334,0.010749510290937023,-0.017476060090954593,0.00977653519372057,0.050736674201798726,0.0015057871916904495,-0.054586368965911486,0.09633917115950223
294.25327491760254,-0.25939276814460754,-0.1603957712650299,0.800000011920929,0.0,0.0,0.06156108155846596,0.0,0.0,0.0,0.0,0.0,0.0,-0.27569993853454644,-0.1526894152863839,0.8514949342776825,0.01799967718238881,-0.002373200359057022,0.14428873278824253,0.014327592371749846,0.006299541543342047,0.0027839155484092144,0.10394809164217564,0.45335436229055337,-0.08879614450972359,-0.2771671977059994,-0.14895275988807977,0.8502569614476299,0.0025568548121288706,-0.06078609928162547,0.16038021688449008,-0.009253880321848512,0.03157107419108903,-0.010322801909130219,-0.024417952995456967,-0.12701822696525616,0.03535615587670984,0.0012133915884466385,0.001213401429806357,0.0012121107829507188,0.0013867164221015539,0.0013863527337389851,0.0014543833215656518,0.005843623150568937,0.005843628964684942,0.005790424951043119,0.008726646259971648,0.008726646259971648,0.008726646259971648,-0.07939544105953827,0.044698713129184164,11.874418989383786,3.7295443635507097,5.416841449115469,-1.1027032627123539,-0.0014672591714529615,0.003736655398304145,-0.0012379728300526693,-0.019560160256920985,-0.05694176036909516,0.0166742588564445,-0.017774429561391858,0.01144301137695014,0.0502569495267009,0.0006844546863660809,-0.060795543587265945,0.09883811725186176
294.30327491760255,-0.25939276814460754,-0.1603957712650299,0.800000011920929,0.0,0.0,0.06156108155846596,0.0,0.0,0.0,0.0,0.0,0.0,-0.2748977820584972,-0.15254574609971958,0.8517112962388612,0.02173625456712266,0.024780411627964558,0.13911248332389917,0.017758666670212434,-0.0005527740767703321,0.0058705628987357605,0.12293618178334063,0.6164135381863538,-0.1278143031095709,-0.27778193495518916,-0.14744555819599986,0.8497239989817041,0.001556075412399196,-0.06651223266433537,0.16179490714747524,-0.014911549443497834,0.028901317401843818,-0.010799313930613496,-0.03323009800609571,-0.09408575702293137,0.02509256323391872,0.001160673022227362,0.001160686856052244,0.001157760297771391,0.0013511554883590933,0.001350758683228233,0.001416957916766297,0.005269630336038137,0.00526963133023968,0.005238677353269274,0.008726646259971648,0.008726646259971648,0.008726646259971648,-0.06714746521250672,0.043298293538596086,11.880673503857544,3.9056409758963055,4.889670403385788,-1.1019392524628595,-0.0028841528966919716,0.005100187903719716,-0.0019872972571570724,-0.02671180272666477,-0.0893101841399833,0.02346294881147109,-0.018389166810581614,0.012950213069030048,0.04972398706077519,-0.0004912904320473219,-0.06648389564157382,0.10025652473165762
294.35327491760256,-0.25939276814460754,-0.1603957712650299,0.800000011920929,0.0,0.0,0.06156108155846596,0.0,0.0,0.0,0.0,0.0,0.0,-0.27390876189771596,-0.15274644321854916,0.8520898087106484,0.026091125244471495,0.05951342292631167,0.13203208095012872,0.021802139761026736,-0.00747511067641213,0.009269935972750278,0.15072910254178742,0.7531141617956641,-0.1667942611969435,-0.27860112245286,-0.1460646103753908,0.8491977742883718,0.0001714649406179235,-0.0699953176014806,0.16268445607491097,-0.01738504400074238,0.02631976784487094,-0.01004157615563773,-0.03785537143534133,-0.04541150038532277,0.01214867686564931,0.0011349729224512486,0.001134988208877892,0.001130410740207317,0.001317236441351813,0.0013168294568409865,0.0013811426727596866,0.004823854713920795,0.004823862129116337,0.004807313013730281,0.008726646259971648,0.008726646259971648,0.008726646259971648,-0.06884924224421926,0.04138064094082243,11.884835224198904,4.0172843278376025,4.051791960233853,-1.0714790129033847,-0.004692360555144048,0.006681832843158347,-0.0028920344222765904,-0.035262517571682285,-0.12693221647553507,0.03157654915412535,-0.019208354308252462,0.014331160889639094,0.04919776236744289,-0.0019814279215439813,-0.06992008659952823,0.10114849988695523
294.4032749176025,-0.25939276814460754,-0.1603957712650299,0.800000011920929,0.0,0.0,0.06156108155846596,0.0,0.0,0.0,0.0,0.0,0.0,-0.2727196953036851,-0.15329565423310734,0.8526434919865624,0.03152825889314233,0.10014341898366373,0.1230405149020929,0.025760524000250893,-0.014493329905934655,0.01287739506382873,0.18410419089726238,0.8479208632472605,-0.2042512073062994,-0.27950298048925387,-0.14478346084273602,0.8487505853640214,-0.0020823023797308495,-0.07139256460789264,0.1628546563844248,-0.018480102225789347,0.025121761275352886,-0.0075750752355670135,-0.05019143445167498,0.0012841539692122123,-0.002171155178479599,0.0011255826884408356,0.001125597116908032,0.001119867747907744,0.001285147119781766,0.0012847535673400344,0.0013471047809983877,0.0045117523688968314,0.004511773369501477,0.004503371719332549,0.008726646259971648,0.008726646259971648,0.008726646259971648,-0.0769584936617838,0.03527939108716209,11.882605533528002,4.26720496692381,3.236096409977419,-1.053139621378928,-0.006783285185568755,0.00851219339037132,-0.003892906622541048,-0.046020073778402504,-0.16824056781867625,0.04076084832167351,-0.020110212344646328,0.015612310422293885,0.048750573443092415,-0.004275571462398175,-0.07124634967543325,0.1013197354780954
294.4532749176025,-0.25939276814460754,-0.1603957712650299,0.800000011920929,0.0,0.0,0.06156108155846596,0.0,0.0,0.0,0.0,0.0,0.0,-0.2713428460619635,-0.15420340277145964,0.8533747611036924,0.03861437229732899,0.14462917951507182,0.11211920606501047,0.02931344566860123,-0.021816611628148245,0.016373369621366176,0.22997531120708847,0.9019427871861335,-0.24079118383947484,-0.28040765540677376,-0.14354135240391533,0.8484465041239574,-0.004865828917424672,-0.0706604729231606,0.1622772247117726,-0.017300351134552375,0.024738885379765204,-0.004801295438151756,-0.058330444490831926,0.040618751483360624,-0.018002852878823025,0.001123851954882617,0.001123863769611645,0.0011176299255008693,0.001254454252920789,0.0012540966701929238,0.0013144456974937928,0.004292215131941441,0.004292244762807612,0.004286359539316009,0.008726646259971648,0.008726646259971648,0.008726646259971648,-0.0840458115620259,0.032070217302434895,11.876723199156492,4.448768838999807,2.517992207023119,-1.0398347962244259,-0.009064809344810243,0.010662050367544307,-0.0049282569797349796,-0.05902276583042676,-0.21116181678064283,0.050956911996518285,-0.021014887262166215,0.01685441886111458,0.048446492203028435,-0.007033399630275673,-0.07042970274867494,0.10074186964125385
294.50327491760254,-0.25939276814460754,-0.1603957712650299,0.800000011920929,0.0,0.0,0.06156108155846596,0.0,0.0,0.0,0.0,0.0,0.0,-0.26979720988419964,-0.15548132686315358,0.8542734760307349,0.04797509835227493,0.1910784936745992,0.09919317091394775,0.03251200144193938,-0.029300352039598233,0.019575227460328068,0.2849246251207165,0.9200595009772834,-0.27666591911492505,-0.2812054907214851,-0.14228937392302005,0.8482515963557052,-0.008037047279820088,-0.0681877947275755,0.16101934694429992,-0.014344027546495393,0.0253488807501792,-0.0031973044202070044,-0.05486094296276033,0.06965745408491009,-0.02671065222545326,0.0011235033312278454,0.0011235113300283699,0.0011173251861198014,0.001225435619835211,0.0012251307947659747,0.001283412855894801,0.004153849162805583,0.0041538808452173505,0.004147472891252454,0.008726646259971648,0.008726646259971648,0.008726646259971648,-0.093728312747962,0.021532907535232168,11.875534020145077,4.422981268073418,1.9648867503045186,-1.0165947444858108,-0.011408280837285456,0.013191952940133533,-0.006021879675029651,-0.07460628980329359,-0.2541850881099589,0.062280492675103,-0.021812722576877552,0.01810639734200986,0.048251584434776285,-0.01012499572605112,-0.06786277160097616,0.09948244093202513
294.55327491760255,-0.25939276814460754,-0.1603957712650299,0.800000011920929,0.0,0.0,0.06156108155846596,0.0,0.0,0.0,0.0,0.0,0.0,-0.26810374904425127,-0.15714660961262913,0.8553307973759614,0.0598551659045456,0.2379017444791483,0.08419553515313205,0.03522643215598062,-0.03731095793940847,0.02271762634871917,0.33858456048802477,0.910520941932497,-0.3113786518034442,-0.2818334772620056,-0.14100492394638153,0.8480975384926329,-0.01111367042834749,-0.06477279038178044,0.15929233834277923,-0.01058929074239291,0.026205980201327573,-0.003014835283457451,-0.06403037746512939,0.08291545723861031,-0.04279970039478021,0.001122749261465535,0.001122752631386868,0.0011170293412556599,0.0011979805814901518,0.0011977340815886633,0.0012538883511465553,0.004074542858617813,0.004074574943699061,0.004066140623584576,0.008726646259971648,0.008726646259971648,0.008726646259971648,-0.10494663685931269,0.015921200392560075,11.876449773030915,4.623332974238767,1.6842621711896877,-0.982168756143067,-0.013729728217754311,0.0161416856662476,-0.007233258883328486,-0.09245307497653943,-0.29655124138635575,0.07504406511299365,-0.02244070911739804,0.019390847318648374,0.048097526571703964,-0.01309319400038108,-0.06435761523856023,0.09775340582304898
294.60327491760256,-0.25939276814460754,-0.1603957712650299,0.800000011920929,0.0,0.0,0.06156108155846596,0.0,0.0,0.0,0.0,0.0,0.0,-0.26628858957374,-0.15921943729102364,0.8565463833567147,0.07448219844921358,0.2840513350218872,0.06707538073425387,0.0373799466644542,-0.04560214919635239,0.025905812881402184,0.4022620811636028,0.8869511539319659,-0.3443700850748258,-0.2822509899899472,-0.1396678400772201,0.8479454779689297,-0.014549591146837987,-0.060651235642019984,0.1567151252701614,-0.00610401426465652,0.027121035640711756,-0.0030882930349303787,-0.06906282101145948,0.08336398413314317,-0.05723162463622958,0.0011201847176360775,0.0011201830192348505,0.0011151595596541448,0.0011720286624453211,0.0011718430139766674,0.0012258135226536737,0.004031974470417136,0.004032011605733541,0.004021439335705987,0.008726646259971648,0.008726646259971648,0.008726646259971648,-0.11541965465460002,0.008926197016468601,11.877594087043386,4.729932618763689,1.5816743509975042,-0.9476519036413468,-0.015962400416207168,0.019551597213803534,-0.008600905387785018,-0.11310948091273877,-0.33746272000876026,0.08886167299208193,-0.022858221845339644,0.0207279311878098,0.04794546604800076,-0.01639867991559436,-0.06013585242128556,0.09517399384100292
294.6532749176025,-0.25939276814460754,-0.1603957712650299,0.800000011920929,0.0,0.0,0.06156108155846596,0.0,0.0,0.0,0.0,0.0,0.0,-0.2643788456500514,-0.16171556828648245,0.8579228090566162,0.0922171708830348,0.3290414724278923,0.047770720769349434,0.03900981028316143,-0.05424309062209113,0.029151215114705083,0.4712695840653497,0.858251974921857,-0.37563567572108547,-0.2824543596605032,-0.13830669726034012,0.847797670869733,-0.018226563331758174,-0.05645604180699596,0.15333036509843598,-0.002099149916997529,0.027347503142582257,-0.0026518222264371233,-0.07541192797289706,0.09606135572450428,-0.07253764247384858,0.0011157488943194618,0.001115742209482493,0.0011115119628074398,0.001147657074428657,0.0011475281243283919,0.0011992630464636984,0.004014399166813124,0.0040144480450545585,0.004002069396911911,0.008726646259971648,0.008726646259971648,0.008726646259971648,-0.11799575442048509,0.0029276650389361072,11.87892663813083,4.909352974516586,1.3453010211329794,-0.8964874129827034,-0.01807551401045182,0.023408871026142336,-0.010125138186883209,-0.1367757987458131,-0.37709368966785817,0.10385880163263263,-0.023061591515895652,0.02208907400468979,0.047797658948804056,-0.01994285596857188,-0.05583323769767347,0.09178733222399352
294.7032749176025,-0.25939276814460754,-0.1603957712650299,0.800000011920929,0.0,0.0,0.06156108155846596,0.0,0.0,0.0,0.0,0.0,0.0,-0.26239082867013247,-0.16465124451820332,0.8594631705570438,0.11339014610819144,0.3724293935886766,0.026221810874805584,0.040510868913576234,-0.06318395864671639,0.03246324490238388,0.5492481047548219,0.8177341294184867,-0.4043430418344479,-0.2824615469881361,-0.1369465211856266,0.8476964985495701,-0.021895936547363767,-0.052228590351789034,0.14944081158570757,0.0016335956009721892,0.02687442475486054,-0.001308534618779241,-0.06541444566296066,0.07392008110015738,-0.0783316987045233,0.0011092825216476583,0.0011092716885553562,0.00110580940736976,0.0011247428528193505,0.0011246641110725106,0.0011741293680786603,0.004005023837181092,0.004005087040096675,0.00399174511622414,0.008726646259971648,0.008726646259971648,0.008726646259971648,-0.12056135749652228,0.0006926455928091586,11.874407168013601,4.762653650207103,1.68145505001495,-0.8689245978040118,-0.02007071831800361,0.027704723332576703,-0.011766672007473722,-0.1635235040250208,-0.41506169482904215,0.12043784683354047,-0.023068778843528537,0.023449250079403294,0.04769648662864112,-0.023478633192494946,-0.051498617768884404,0.08789617749331545
294.75327491760254,-0.25939276814460754,-0.1603957712650299,0.800000011920929,0.0,0.0,0.06156108155846596,0.0,0.0,0.0,0.0,0.0,0.0,-0.26033096576253784,-0.16803675792546321,0.8611634842092089,0.13800388467197325,0.41430338919949916,0.002426199316879416,0.041883647390189155,-0.07223657764364802,0.035549301184201174,0.6198916592288183,0.7940239853592186,-0.43167226718887547,-0.282311704921494,-0.13562253494827345,0.8476925549418507,-0.0254323531407179,-0.04930511922854028,0.14513845528485167,0.004268134485911382,0.026072492106265617,0.0014808154526540765,-0.06851900378759854,0.051741093731269734,-0.08877584277895528,0.0011016741348123227,0.0011016608736405978,0.0010988788671294524,0.0011033050413626604,0.0011032633747421804,0.0011504347814622297,0.00400095434652058,0.00400102156717486,0.003987352244167122,0.008726646259971648,0.008726646259971648,0.008726646259971648,-0.11769057051570203,0.00528650098556181,11.863625917384214,4.860688054142669,2.0532599457525276,-0.8322004578404715,-0.021980739158956153,0.032414222977189766,-0.013470929267358156,-0.1932573685945466,-0.4528306203666143,0.13880921475647842,-0.022918936776886445,0.02477323631675646,0.04769254302092174,-0.02692190044860408,-0.04847061173314913,0.08359315735468797
294.80327491760255,-0.25939276814460754,-0.1603957712650299,0.800000011920929,0.0,0.0,0.06156108155846596,0.0,0.0,0.0,0.0,0.0,0.0,-0.25819887544738657,-0.17186915996332883,0.863004624112178,0.16596516136004263,0.45550507339329127,-0.023563415678279034,0.04339996521584312,-0.08105950387094196,0.03809629493454899,0.695436933899594,0.7889040860868337,-0.4571652855451256,-0.28204279635968854,-0.13435952478430133,0.8478653305607666,-0.028596698761972916,-0.04772349742992742,0.14044378497755827,0.00617400347161743,0.02411049285665106,0.005609556576384106,-0.05821730349421199,0.017091854563327222,-0.0966835978073145,0.0010949751789532329,0.0010949619069225952,0.001092753842218776,0.001083320070229799,0.0010833033852186836,0.0011281795642639754,0.004006641835198391,0.00400669610426721,0.00399301696837999,0.008726646259971648,0.008726646259971648,0.008726646259971648,-0.1168525186942197,0.00919643013223468,11.84252657965582,4.73135902093194,2.68353059948199,-0.7784521683541056,-0.023843920912301975,0.0375096351790275,-0.015139293551411415,-0.2256662588481949,-0.49132229686676776,0.15903590229822342,-0.022650028215080997,0.02603624648072858,0.04786531863983767,-0.030034968440691423,-0.046794466622657536,0.07889857692057971
294.85327491760256,-0.25939276814460754,-0.1603957712650299,0.800000011920929,0.0,0.0,0.06156108155846596,0.0,0.0,0.0,0.0,0.0,0.0,-0.2559899216761757,-0.1761378209011259,0.8649467395305042,0.19724323440456104,0.4972355877837377,-0.05161524231474536,0.04495818563257121,-0.08968693364090222,0.039588321798476864,0.764515756909832,0.8152977195009291,-0.4799708894270568,-0.28172549259249835,-0.13323607125249426,0.8482498616430444,-0.031476647283120565,-0.048280190222688986,0.1353611828733839,0.006282801418438477,0.020763743842491984,0.009624914030708689,-0.05871159660169393,-0.027809725319185997,-0.1077841696316777,0.00108880259259126,0.0010887918128766987,0.0010870169549769724,0.0010646825387706437,0.0010646780255580872,0.001107269980550266,0.004012160936597794,0.004012179349678451,0.003999080750304574,0.008726646259971648,0.008726646259971648,0.008726646259971648,-0.10720293018849661,0.018870047635989033,11.82244895096159,4.772895662997551,3.478827638738644,-0.7271844986738801,-0.02573557091632267,0.04290174964863164,-0.01669687788745977,-0.2608186623351823,-0.532565081702411,0.18110704414207515,-0.022332724447890806,0.027159700012535648,0.048249849722115434,-0.03292991519864073,-0.047263233043273185,0.07381713632268379
294.9032749176025,-0.25939276814460754,-0.1603957712650299,0.800000011920929,0.0,0.0,0.06156108155846596,0.0,0.0,0.0,0.0,0.0,0.0,-0.25369099489849894,-0.18082576130553582,0.8669383592561566,0.23180383220058307,0.5412169129022216,-0.0814786952719477,0.04699888547458324,-0.09783068253566539,0.04007646722769247,0.83567141202327,0.881456204877791,-0.5002131098249532,-0.28144280447456255,-0.1322716252118397,0.8488204262631267,-0.03393721691577809,-0.050608064093911935,0.12971425983727067,0.0047005703262199645,0.017858085999095552,0.013054475992400009,-0.05227930882217084,-0.05995183205907306,-0.11546458591565786,0.001083327878296687,0.0010833214236228121,0.0010818368894671474,0.001047334564123076,0.0010473324411124033,0.0010876714253099395,0.004015622072266683,0.004015581378441363,0.004003511961205171,0.008726646259971648,0.008726646259971648,0.008726646259971648,-0.0966209674132282,0.026903235759130638,11.802992992375666,4.691473599014999,4.088677573999354,-0.6460719480294828,-0.027751809576063602,0.04855413609369613,-0.018117932993029884,-0.29852107687554097,-0.5779588824941506,0.2046767337943538,-0.022050036329955003,0.02812414605319022,0.04882041434219775,-0.0354606307431768,-0.049514505552140965,0.06817221956191118
294.9532749176025,-0.25939276814460754,-0.1603957712650299,0.800000011920929,0.0,0.0,0.06156108155846596,0.0,0.0,0.0,0.0,0.0,0.0,-0.2512768056752498,-0.18591084766953564,0.8689300663050397,0.2697459318778775,0.5891334518439405,-0.11283468475027852,0.04956868345536113,-0.10557277202428064,0.039591814727612196,0.9027559639376603,0.9781071870177706,-0.5163997026906517,-0.281293433430124,-0.13145492235660705,0.8495329636200891,-0.03570981124151626,-0.05479645035676217,0.12390058097469635,0.0008720818343391877,0.014678574828824082,0.01518935434475956,-0.02966999358926028,-0.11772275976620787,-0.11923486628563558,0.001078693413383381,0.0010786916461093495,0.0010773700635175805,0.001031235100946166,0.0010312246904050203,0.0010693658148371676,0.0040179581454906415,0.0040178577305556035,0.004006981869336699,0.008726646259971648,0.008726646259971648,0.008726646259971648,-0.08030762111138778,0.03399185446821437,11.787189972881006,4.29297239274413,5.20850396694489,-0.6169871616566083,-0.03001662775487418,0.05445592531292859,-0.01939710268495054,-0.3387063026274719,-0.6292209218297883,0.2299983789422508,-0.02190066528551643,0.028940848908422856,0.049532951699160166,-0.03736143555298445,-0.053645857970065595,0.062361438341384884
295.00327491760254,-0.25939276814460754,-0.1603957712650299,0.800000011920929,0.0,0.0,0.06156108155846596,0.0,0.0,0.0,0.0,0.0,0.0,-0.2487137348700844,-0.19137417773457996,0.8708777869545504,0.31072701315216117,0.6430924915627569,-0.14511804096131,0.052954148751231236,-0.11296043057744164,0.03831701125279874,0.9499154555385028,1.1307494888050396,-0.5311320562377062,-0.28136478435389506,-0.13082362528271224,0.8503159680663109,-0.036134023812293144,-0.06182463294505413,0.11772476977188798,-0.003217770418584513,0.010322415857616967,0.015966447341906047,-0.016286545225167426,-0.13429967894207284,-0.12323353120694959,0.0010762290085476484,0.001076230655050421,0.0010749772935471581,0.0010163424714549009,0.0010163060469860188,0.0010523204602125955,0.004024591195880202,0.00402446018075924,0.004014691509971155,0.008726646259971648,0.008726646259971648,0.008726646259971648,-0.06467204357838774,0.04222378140891589,11.782204295289311,4.082507293240592,5.57500622834232,-0.5647572718870145,-0.032651049483810646,0.06055055245186772,-0.02056181888823949,-0.38029234543737567,-0.6894016103032337,0.2568064897546188,-0.021972016209287515,0.029572145982317666,0.05031595614538198,-0.03800264229135447,-0.060656227581694214,0.05618998765563568
295.05327491760255,-0.25939276814460754,-0.1603957712650299,0.800000011920929,0.0,0.0,0.06156108155846596,0.0,0.0,0.0,0.0,0.0,0.0,-0.24596184632820922,-0.19719660081860652,0.8727555353333308,0.3543047728393598,0.7049231434505381,-0.17768130622321981,0.05712139292375151,-0.11993649278356745,0.036792923898400505,0.9865516921641659,1.3017169036621843,-0.5432529152962804,-0.28156245163331145,-0.13042095303813206,0.8511241105396307,-0.036026169810738876,-0.06814315116807168,0.11172972687467612,-0.004580002856633098,0.0057948334304952585,0.016152421558753783,0.001622521432041506,-0.1198165878691462,-0.12342117271161676,0.0010735705768639152,0.0010735735529205283,0.0010723089629128574,0.0010025477096940395,0.0010024861830174642,0.0010364705132967437,0.004024465027388408,0.004024335182729499,0.004015628410670489,0.008726646259971648,0.008726646259971648,0.008726646259971648,-0.06250050954347515,0.047744975995748236,11.783445203121818,3.750816483493139,5.4024398512484115,-0.5275030907208434,-0.03560060530510223,0.06677564778047446,-0.02163142479370017,-0.42399965260229505,-0.7567611737906702,0.28428043984438395,-0.022169683488703906,0.029974818226897848,0.05112409861870171,-0.03809042878728428,-0.06697431287576316,0.05019911734385488
295.10327491760256,-0.25939276814460754,-0.1603957712650299,0.800000011920929,0.0,0.0,0.06156108155846596,0.0,0.0,0.0,0.0,0.0,0.0,-0.24299888116016433,-0.20336092551970592,0.874558630479182,0.4000291213926468,0.7748644397341462,-0.2100442847723326,0.06139721379801745,-0.1266364952603516,0.03533088193562764,1.0066033883024526,1.4640559996646316,-0.5535110652965456,-0.281818190349103,-0.13024833264385777,0.8519128857767951,-0.03543560820643984,-0.07427294677037388,0.10570859333795612,-0.005244628543367925,0.0010764432666952812,0.015097629093283627,0.008277415017811353,-0.10430252376229358,-0.1217227651587554,0.001072824575451925,0.0010728267389655498,0.0010715109739172783,0.0009898281637710563,0.0009897400563203174,0.00102180293886637,0.004027356785517417,0.0040272510767437215,0.004019346485393029,0.008726646259971648,0.008726646259971648,0.008726646259971648,-0.07158162390978322,0.053460370169238734,11.789389162192748,3.6441244215086392,5.203286226582049,-0.5148591480931703,-0.03881930918893867,0.07311259287584815,-0.022645744702386894,-0.46932414970275904,-0.8320890652845522,0.3118473375795994,-0.02242542220449545,0.03014743862117214,0.05191287385586618,-0.037690126442106564,-0.07311908570052793,0.04418224570393523
295.1532749176025,-0.25939276814460754,-0.1603957712650299,0.800000011920929,0.0,0.0,0.06156108155846596,0.0,0.0,0.0,0.0,0.0,0.0,-0.23983347634136767,-0.20985310610192015,0.8762960534757313,0.44748422455936465,0.8524743260411688,-0.24189045503790593,0.06521897895396353,-0.13305072802845386,0.034166037926402645,1.0213204813414962,1.6164374144335854,-0.5631370181654161,-0.282040499833439,-0.13030977142389916,0.8526031125404864,-0.03456299849475187,-0.07872983555085691,0.09990163761196738,-0.0035382661006751162,-0.003478781648744622,0.012401544607316581,0.010553554541772897,-0.06543962062596903,-0.11771593251456026,0.0010719968154218238,0.0010719967372726815,0.0010706022440561357,0.0009780892274104322,0.000977981484492647,0.0010082458539020511,0.004023953712670153,0.0040238789092605235,0.004016613749741037,0.008726646259971648,0.008726646259971648,0.008726646259971648,-0.0842081016817227,0.06246526810092967,11.805754043135995,3.597079504952737,4.5665986176962825,-0.48849881002915735,-0.04220702349207131,0.079543334678021,-0.023692940935244877,-0.5162266591360991,-0.9134583138853585,0.3390392680918439,-0.02264773168883144,0.03008599984113075,0.05260310061955742,-0.03695647738253489,-0.07760130705220318,0.03837847519234414
295.2032749176025,-0.25939276814460754,-0.1603957712650299,0.800000011920929,0.0,0.0,0.06156108155846596,0.0,0.0,0.0,0.0,0.0,0.0,-0.2364927663619849,-0.21665474220013253,0.8779956903730002,0.49648410741066373,0.9367275891209981,-0.27315727966414194,0.06840942022131684,-0.13901471589997877,0.033819437964338846,1.033685328552761,1.7369844487584167,-0.5714449541310965,-0.2821844163762821,-0.13059818633462383,0.8531541697249073,-0.03370782648598369,-0.08192153244041138,0.09434811502353653,-0.0021937169781771327,-0.008018624530489488,0.00974806134082525,0.008501311272832546,-0.056557713799925614,-0.10641547824368344,0.0010708550054279167,0.0010708521405276652,0.0010693671501000512,0.0009672747863860123,0.0009671535686700863,0.0009957596122757673,0.004016010895942533,0.004015966535488024,0.004009171458863499,0.008726646259971648,0.008726646259971648,0.008726646259971648,-0.0998353809928948,0.0708456839682374,11.822019578563447,3.627153043929507,4.454453438481347,-0.4830239101129457,-0.0456916500142972,0.0860565558655087,-0.024841520648092863,-0.5647713854149813,-1.0002830528971676,0.365752149574174,-0.022791648231674566,0.029797584930406074,0.053154157803978364,-0.036201236876212954,-0.08081897231425629,0.032827284041237074
295.25327491760254,-0.25939276814460754,-0.1603957712650299,0.800000011920929,0.0,0.0,0.06156108155846596,0.0,0.0,0.0,0.0,0.0,0.0,-0.2330120684183734,-0.22374410217208707,0.8796983291914502,0.5469770349554027,1.0266984553036544,-0.3038673585995613,0.07081849752311137,-0.14455968297813818,0.03428611477364785,1.0475538527128647,1.8519242241225,-0.5794791451009664,-0.2822355067939255,-0.13110084887126391,0.8535833806659724,-0.032948530789051834,-0.08407651797073563,0.08927400908938164,0.00036634088391509655,-0.01194097468719229,0.00756385226076882,0.00781932238806113,-0.027354848991831535,-0.0972906681914132,0.001069245444252064,0.0010692400411868512,0.001067664440839046,0.0009573290829976829,0.0009571994434287804,0.0009842887884751175,0.004003298357066725,0.004003275547712247,0.003996824203432228,0.008726646259971648,0.008726646259971648,0.008726646259971648,-0.11456174790329145,0.07647379190774214,11.835370270924292,3.63425100568788,3.952456033029166,-0.47819405067524656,-0.0492234383755521,0.09264325330082315,-0.0261149485254778,-0.6150591121428465,-1.091821439306179,0.3921780503003948,-0.022842738649317962,0.029294922393765993,0.053583368745043436,-0.03550977238029748,-0.08299775531171509,0.027754754211487143
295.30327491760255,-0.25939276814460754,-0.1603957712650299,0.800000011920929,0.0,0.0,0.06156108155846596,0.0,0.0,0.0,0.0,0.0,0.0,-0.22942932456831017,-0.23110367536302526,0.8814409902158168,0.598955661814053,1.1216291322090848,-0.33409375878994996,0.0724912564793859,-0.14982324465932229,0.035420326200999254,1.0617772749608871,1.9417641292139687,-0.5872718430989513,-0.2821443913973198,-0.131796766732776,0.8539223456076271,-0.03257254371466449,-0.08498937524940037,0.08461592607585346,0.0034670009595302686,-0.015812727329858854,0.006151343326983301,-0.005727511585595333,-0.013176734957574824,-0.08795814610756476,0.0010675498583704588,0.001067542637178787,0.00106588715813389,0.0009481992689745983,0.0009480676138031145,0.0009737853947858656,0.003988946831537459,0.003988935083769193,0.003982718798691635,0.008726646259971648,0.008726646259971648,0.008726646259971648,-0.13038006565296725,0.08436804657326005,11.841026416776925,3.877097411121905,3.722920916332846,-0.44589437102817253,-0.052715066829009616,0.09930690863024927,-0.027518644608189646,-0.6673488057324745,-1.1871957898862155,0.41802720051634396,-0.02275162325271224,0.02859900453225392,0.05392233368669819,-0.035163002031176324,-0.08392347992932259,0.023097337194023612
295.35327491760256,-0.25939276814460754,-0.1603957712650299,0.800000011920929,0.0,0.0,0.06156108155846596,0.0,0.0,0.0,0.0,0.0,0.0,-0.2257827156676203,-0.23871655881969078,0.8832474319938668,0.6526021737596174,1.2205821454336698,-0.3641099759885766,0.07337309954817646,-0.1546920936072304,0.03683734492098239,1.0881430174806135,2.0201272784706186,-0.5934495571145821,-0.2818886304548098,-0.1326560073049937,0.8542332988258797,-0.03323845560983673,-0.085353058832155,0.08014404326031091,0.006656852410105555,-0.01821994261819821,0.006630258297347472,-0.03298155939887354,-0.002484427429482713,-0.08607313376856704,0.0010668082659786504,0.0010668000996986232,0.0010650879478133056,0.0009398511927563451,0.0009397215738426762,0.000964210120739892,0.003979236964724495,0.003979232604941246,0.003973159385092149,0.008726646259971648,0.008726646259971648,0.008726646259971648,-0.14163487207556363,0.09101623063173256,11.835216270783638,4.390890593800104,3.5606619968755218,-0.4291938794769396,-0.05610591478718949,0.1060605515146971,-0.029014133167987066,-0.7221593291691127,-1.286389262010525,0.44310772510724283,-0.02249586231020223,0.027739763960036218,0.05423328690495077,-0.0358404264848527,-0.08426833616281536,0.018625997671841813
295.4032749176025,-0.25939276814460754,-0.1603957712650299,0.800000011920929,0.0,0.0,0.06156108155846596,0.0,0.0,0.0,0.0,0.0,0.0,-0.2221060831215233,-0.24656457449366964,0.8851174620254221,0.7087207299784264,1.3229406956543746,-0.3945350057423965,0.0736922022958367,-0.15922853335220968,0.03796385634129982,1.1401984191341965,2.0903774817543206,-0.598792246552645,-0.2814896589955994,-0.13359157268833804,0.8546055763667728,-0.03534745723900768,-0.08588480313925662,0.07583775386620535,0.00927630878214997,-0.018775976860436132,0.008315019309040111,-0.05409097012300034,-2.3168475738150974e-05,-0.08202642471713734,0.0010664436474969194,0.001066435387782216,0.0010646893965545617,0.0009322371568515937,0.0009321112150236558,0.0009555030088784867,0.003971124269637909,0.0039711263859916355,0.003965072992799798,0.008726646259971648,0.008726646259971648,0.008726646259971648,-0.14805883994606966,0.08976560967747145,11.822972978609755,4.7970223400077465,3.509158168966003,-0.42406919977774,-0.05938357587407611,0.1129730018053316,-0.030511885658649263,-0.7804323798643034,-1.3896456405638804,0.4679129569876154,-0.022096890850991868,0.026804198576691862,0.05460556444584386,-0.03796509443692787,-0.08473667652616178,0.014320918159110336
295.4532749176025,-0.25939276814460754,-0.1603957712650299,0.800000011920929,0.0,0.0,0.06156108155846596,0.0,0.0,0.0,0.0,0.0,0.0,-0.21842152539787724,-0.25464097543109937,0.8870285135127781,0.7682871997113399,1.4282639883794848,-0.42623138086493806,0.07369010664997194,-0.16382750414490718,0.03847820315292424,1.2125604080982255,2.158052493642626,-0.6038787020057539,-0.28095893889810425,-0.13449046763735867,0.8550796902355292,-0.03810142769843493,-0.08586237761910255,0.07168405432223544,0.012070147483424718,-0.017007981232385023,0.010746043698701075,-0.06364266209468639,0.011232956455893424,-0.0777785672573593,0.0010661297779095556,0.0010661222340999801,0.0010643630425157095,0.0009252980120121638,0.0009251779969650584,0.000947615831650737,0.003964939501384604,0.003964947564168586,0.0039589150682725355,0.008726646259971648,0.008726646259971648,0.008726646259971648,-0.15513381454305503,0.08336776024240544,11.805948785393774,4.991677361444796,3.3176863098514624,-0.41603060973871836,-0.06253741350022701,0.1201505077937407,-0.031948823277248906,-0.8424093724910089,-1.4957054955154738,0.4933996469729541,-0.021566170753496705,0.02590530362767124,0.055079678314600256,-0.04071730146495781,-0.08463133465189591,0.010168237292937428
295.50327491760254,-0.25939276814460754,-0.1603957712650299,0.800000011920929,0.0,0.0,0.06156108155846596,0.0,0.0,0.0,0.0,0.0,0.0,-0.21474591617477068,-0.2629553222199579,0.8889440020991954,0.8318893806338544,1.5361010910860944,-0.45995602371436856,0.07333426227425784,-0.16874636740935806,0.0381413403037494,1.294655148134109,2.2161539125752023,-0.6085632279569116,-0.28026744221136685,-0.13527673746627947,0.8556806052858664,-0.041197442560331234,-0.08514177612736479,0.0677724859606025,0.015744260693216213,-0.014254958569555373,0.013302919920384041,-0.05716471490011396,0.025073527003006302,-0.0746939061611772,0.0010660296485702596,0.0010660235032073336,0.0010642711275136458,0.0009189909157848832,0.0009188790985558815,0.0009405016579776997,0.003961077629446513,0.0039610870143877855,0.003955023094721521,0.008726646259971648,0.008726646259971648,0.008726646259971648,-0.1679581977921911,0.08089567064900725,11.784840542281806,4.915793662089191,3.0650398967933556,-0.39848163536357684,-0.06552152603659617,0.1276785847536784,-0.033263396813329016,-0.9084220285754918,-1.6039356752375313,0.5204403010455703,-0.020874674066759302,0.02511903379875044,0.05568059336493747,-0.04378990651247673,-0.08381764593531207,0.0062572969922465825
295.55327491760255,-0.25939276814460754,-0.1603957712650299,0.800000011920929,0.0,0.0,0.06156108155846596,0.0,0.0,0.0,0.0,0.0,0.0,-0.21110412964951125,-0.27151870228403074,0.890816262239264,0.8995292415469307,1.6458113553070417,-0.49619485239099853,0.07233719873608678,-0.17378883515347887,0.03674906529897594,1.3729557032022117,2.2616230108548705,-0.6123703051893121,-0.27941100203821057,-0.1359184332082142,0.8563952592983853,-0.04372164942307719,-0.08442529819440914,0.0640695254988586,0.018204785381377007,-0.01166304854309555,0.015166243526022303,-0.047485574564974015,0.000502682942969757,-0.06443485617189262,0.0010653720412197734,0.0010653677417663903,0.001063633786781695,0.0009132608685556449,0.0009131544715943148,0.0009340985606129246,0.0039569100030427224,0.00395691594051353,0.003950852466147413,0.008726646259971648,0.008726646259971648,0.008726646259971648,-0.17598659813781875,0.07540876349228764,11.769706050275612,4.768826689953669,3.488308002367502,-0.4223126682880747,-0.06830687238869931,0.13560026907581654,-0.03442100294087869,-0.9775978546481073,-1.7140942416114178,0.5504879457172797,-0.02001823389360302,0.024477338056815706,0.05639524737745638,-0.04629127214864787,-0.08302555137059532,0.0025548136428297182
295.60327491760256,-0.25939276814460754,-0.1603957712650299,0.800000011920929,0.0,0.0,0.06156108155846596,0.0,0.0,0.0,0.0,0.0,0.0,-0.2075222318015924,-0.28034106436925565,0.8925999905140861,0.9711149351034205,1.757515349316752,-0.534870737492844,0.07093871518063424,-0.17910564825543573,0.034600065693892616,1.4439079096635365,2.3282555144132506,-0.6173689340679377,-0.27847538651423726,-0.13645949485506953,0.8571889532599403,-0.0454594075078746,-0.08465770716301417,0.06115806851545622,0.019039389562640473,-0.009988888772645069,0.016771681473830166,-0.0314270609342465,-0.004420370557905353,-0.052959454527829054,0.00106606769058157,0.0010660654626589642,0.0010643725063869882,0.0009080856877165886,0.0009079783098981769,0.0009283697157853716,0.003960102767185071,0.0039601019735644935,0.003953958432402719,0.008726646259971648,0.008726646259971648,0.008726646259971648,-0.18003123350754838,0.07426100998787036,11.759644715585438,4.485131510982027,3.5754558586712593,-0.4333241778698665,-0.07095315471264485,0.14388156951418613,-0.03541103725414585,-1.0501928383197263,-1.826766911247606,0.5846585329554118,-0.01908261836962971,0.023936276409960378,0.05718894133901131,-0.04803577901338721,-0.08320558176857461,-0.00035564604468396415
295.6532749176025,-0.25939276814460754,-0.1603957712650299,0.800000011920929,0.0,0.0,0.06156108155846596,0.0,0.0,0.0,0.0,0.0,0.0,-0.20401531392566233,-0.2894307018014485,0.8942636921402896,1.046560680603606,1.8717502950607534,-0.5754701489315357,0.069337999856697,-0.18447984903260736,0.031947999354303466,1.5006753571762115,2.399245410786739,-0.6229181384256467,-0.2775199293111645,-0.13695275251449923,0.8580999904854835,-0.04569372246038742,-0.0841979149821391,0.058731585121068484,0.01893350531338694,-0.010341392400530693,0.01973125319523416,0.010945441515136635,0.009428877462013489,-0.0427408064912591,0.0010672874456807034,0.0010672871836743985,0.0010656469860207314,0.0009034177775374483,0.0009033073540492927,0.0009232798387943761,0.003966721726985761,0.003966716727652213,0.003960470583809004,0.008726646259971648,0.008726646259971648,0.008726646259971648,-0.17971840962389377,0.07721551200337518,11.7453040746885,3.743702191250063,3.351620210601969,-0.4348632559319559,-0.07350461538550215,0.15247794928694924,-0.03616370165480609,-1.1257884950386028,-1.9406719235375067,0.6220062344846327,-0.018127161166556938,0.023443018750530675,0.05809997856455451,-0.04825639909952209,-0.08273989922703501,-0.002782417719568016
295.7032749176025,-0.25939276814460754,-0.1603957712650299,0.800000011920929,0.0,0.0,0.06156108155846596,0.0,0.0,0.0,0.0,0.0,0.0,-0.2005880407860706,-0.298785356144991,0.8957768646483941,1.1250345889913957,1.9884040530048706,-0.6169389066323323,0.06775292572694068,-0.18970632470900983,0.02857890096986424,1.5203713387023443,2.459043524756841,-0.6285442966864665,-0.27661639603564364,-0.1375248707892867,0.8591410522324275,-0.04475897887591582,-0.08363202194116093,0.0563751547828035,0.017065837699245516,-0.012505501406487879,0.021646369389594144,0.01999422346188379,0.013651340004064295,-0.05153075590884891,0.0010677593555508682,0.0010677606941978269,0.0010661696969200025,0.0008992024122981196,0.0008990855599925278,0.0009187613747015671,0.003970086115614251,0.003970079468094232,0.00396377988322682,0.008726646259971648,0.008726646259971648,0.008726646259971648,-0.17526573798688969,0.09167922271609137,11.734933237597234,3.5714668354785997,3.272255409452442,-0.40203930453751646,-0.07602835524957305,0.1612604853557043,-0.036635812415966584,-1.2035617242745869,-2.056373487066994,0.6613637287619688,-0.017223627891036097,0.022870900475743194,0.05914104031149858,-0.047305391246699864,-0.0822041128290156,-0.005139768685629127
295.75327491760254,-0.25939276814460754,-0.1603957712650299,0.800000011920929,0.0,0.0,0.06156108155846596,0.0,0.0,0.0,0.0,0.0,0.0,-0.19723445551342045,-0.3083832546339628,0.8971086186909126,1.2058277302821285,2.107154032968055,-0.6582247613451003,0.0663904851790346,-0.1942096148497763,0.02469126073086161,1.531455552439902,2.5148733986694656,-0.6325292573775639,-0.27581096664786797,-0.13822001999240727,0.8602491926696777,-0.04307622239234595,-0.0830352968264869,0.053999252354183236,0.015154014700227513,-0.015483362577898414,0.022431361222193292,0.038950364077243074,0.005162715881731008,-0.04677473709668062,0.0010680011021505637,0.0010680035992240002,0.001066457316186385,0.000895400121232385,0.0008952743505786632,0.0009147672149135561,0.003971949451791172,0.003971943835735413,0.003965626342507302,0.008726646259971648,0.008726646259971648,0.008726646259971648,-0.17208704613509776,0.1088960035742935,11.726692016894063,3.210374242479178,3.417499870844912,-0.35815712396158667,-0.07857651113444752,0.17016323464155556,-0.03685942602123493,-1.2831506854686345,-2.173713392402157,0.7014099523774961,-0.01641819850326043,0.02217575127262264,0.06024918074874874,-0.04560584686602959,-0.0816605257576133,-0.007516939281226512
295.80327491760255,-0.25939276814460754,-0.1603957712650299,0.800000011920929,0.0,0.0,0.06156108155846596,0.0,0.0,0.0,0.0,0.0,0.0,-0.1939450189033509,-0.31818479665390026,0.8982356891956019,1.2889026474844512,2.2279804938040773,-0.6983727132066875,0.06518697922371816,-0.1978520659476325,0.020391559456700327,1.5244851365274845,2.5779654956517155,-0.6343201090398645,-0.27510418589962493,-0.13907637827261424,0.8613720024908313,-0.04134409143379943,-0.082777270621436,0.05168387571812535,0.01299776379930798,-0.018840088518655467,0.02225488899458864,0.030777274109291368,-0.006491427502942192,-0.04972147736677727,0.0010671720382036383,0.0010671752693446862,0.001065660484461972,0.0008919722470637381,0.0008918350995671126,0.0009112473346924567,0.003968585734459844,0.003968580117647939,0.003962318397895952,0.008726646259971648,0.008726646259971648,0.008726646259971648,-0.1626379151775711,0.12630372902996168,11.721677509551792,3.340404303655703,3.633183001471813,-0.3789175492528687,-0.08115916699627404,0.17910841838128602,-0.03686368670477058,-1.365112776787734,-2.293208135797084,0.7408960128496985,-0.015711417755017387,0.02131939299241567,0.06137199056990239,-0.04386732412766552,-0.0814569216380713,-0.00983328524081011
295.85327491760256,-0.25939276814460754,-0.1603957712650299,0.800000011920929,0.0,0.0,0.06156108155846596,0.0,0.0,0.0,0.0,0.0,0.0,-0.19070394617735023,-0.328146701571911,0.8991415065024053,1.3746963993237482,2.351147098314429,-0.7365595319852593,0.06445592981627817,-0.20062413077270508,0.015841132815425464,1.5240162236738948,2.651841749165313,-0.6371489819667293,-0.274521840961229,-0.140067333300826,0.8624585119975379,-0.040635233363662024,-0.08392476052868983,0.049148486332173544,0.010685890116402773,-0.02004408052464438,0.021064348784101496,-0.005399554026143642,0.00022349758395946414,-0.04995667490839118,0.0010668523741164026,0.0010668559410090374,0.0010653710513629027,0.0008889056278665527,0.0008887525356255566,0.0009081689735948162,0.003967151350775462,0.003967144711185491,0.003960916393067896,0.008726646259971648,0.008726646259971648,0.008726646259971648,-0.15707361537102238,0.13677090130620215,11.71945756238857,3.9865139389480344,3.5311507510127056,-0.33814135021992336,-0.08381789478387877,0.188079368271085,-0.03668299450486745,-1.450028195711914,-2.416735396546333,0.7787281022792009,-0.015129072816621458,0.020328437964203916,0.062458500076608914,-0.04319475072659931,-0.0826266328367978,-0.012367990813835356
295.9032749176025,-0.25939276814460754,-0.1603957712650299,0.800000011920929,0.0,0.0,0.06156108155846596,0.0,0.0,0.0,0.0,0.0,0.0,-0.18749247054696705,-0.33823412576581857,0.8998170275431902,1.4641072811845528,2.476532035952251,-0.7736376560688164,0.06400309539916618,-0.20287283698396297,0.011179708815994737,1.5558527925848926,2.7206163901558758,-0.6379390449419455,-0.2739767471169763,-0.14104772611882152,0.8634823426688069,-0.04057698860723787,-0.08273859768501175,0.047088414840036265,0.010920144382045855,-0.019215096401693752,0.02001341058636255,0.007838140476489144,0.026747630205660154,-0.039334311167331756,0.001066136812933792,0.001066140359029818,0.001064678489676013,0.0008861416284916631,0.0008859799830927696,0.0009054948327532097,0.003964228801682867,0.0039642234341656455,0.0039580557687292645,0.008726646259971648,0.008726646259971648,0.008726646259971648,-0.15201325317887296,0.13060092530121034,11.71941240066202,3.754206776746103,3.04693693105611,-0.3706954996878587,-0.08648427657000923,0.19718639964699705,-0.036334684874383294,-1.5396015761864106,-2.5407954706955893,0.8130499805374182,-0.014583978972368739,0.019348045146208387,0.0634823307478779,-0.0431004932343588,-0.08144379719242775,-0.014429100486650848
295.9532749176025,-0.25939276814460754,-0.1603957712650299,0.800000011920929,0.0,0.0,0.06156108155846596,0.0,0.0,0.0,0.0,0.0,0.0,-0.18429731118469564,-0.3484416977403068,0.900259420931846,1.5571575036928516,2.60336758244255,-0.8105205503635579,0.06380327909166121,-0.20543004199547307,0.006516026730231188,1.5760740033858276,2.765180340148681,-0.6403568153905598,-0.2734827783279931,-0.1419726673033399,0.8644345120338323,-0.04036770387429299,-0.08283430341508251,0.04494715353214723,0.009043395471088,-0.017492588648949297,0.017779555727972695,0.009691056633058972,-0.003585882547762606,-0.04069022607464309,0.0010663933003669907,0.001066396416627099,0.0010649613815398192,0.0008836857907144664,0.0008835098828804442,0.0009031977662470537,0.003965707599045964,0.003965701528734681,0.00395954647785769,0.008726646259971648,0.008726646259971648,0.008726646259971648,-0.15313179097864774,0.12066715302473567,11.722171436993952,3.7124422162930233,3.5953374853488222,-0.3553260208869998,-0.08918546714329748,0.2064690304369669,-0.03582490889801371,1.533148259126615,2.5047366308334085,-0.7970514690319347,-0.01409001018338557,0.01842310396169,0.0644345001129033,-0.042894741595019006,-0.08154678584204224,-0.016570366977637627
296.00327491760254,-0.25939276814460754,-0.1603957712650299,0.800000011920929,0.0,0.0,0.06156108155846596,0.0,0.0,0.0,0.0,0.0,0.0,-0.18111354081004918,-0.3587895471807162,0.9004720790116284,-1.4918818605558675,-2.46354083662456,0.7635020549617053,0.06354753589416749,-0.20848393562080703,0.0019902964610642865,1.5942069861641082,2.8371643178561285,-0.6420061118991309,-0.27301781410633263,-0.14281366043253485,0.8652466350571317,-0.038807801346607204,-0.08194304476814582,0.0435250561593016,0.009373650705299238,-0.0167866575778753,0.014586958297639152,0.04535093221048987,0.01657292142735653,-0.024207479018937078,0.0010657483720349478,0.0010657505985536377,0.001064332813322171,0.0008814676911238677,0.00088127740693872,0.0009012228770299908,0.003963832084524543,0.003963825774730755,0.003957752442103335,0.008726646259971648,0.008726646259971648,0.008726646259971648,-0.1565208532092716,0.1165096250118306,11.7302354605525,3.0422443451671537,3.228249478263977,-0.3757322429814829,-0.09190427329628345,0.21597588674818136,-0.03522544395449667,1.4654916144068535,2.3648822144155894,-0.7490550062758426,-0.01362504596172509,0.017582110832495057,0.06524662313620277,-0.041308565949152644,-0.080704606973023,-0.017993851292306733
296.05327491760255,-0.25939276814460754,-0.1603957712650299,0.800000011920929,0.0,0.0,0.06156108155846596,0.0,0.0,0.0,0.0,0.0,0.0,-0.17794679392306573,-0.3692952882124084,0.9004685306074006,-1.4233488207665517,-2.3193047084587763,0.713388085416881,0.06312233958514253,-0.21174570564678627,-0.00213223263017512,1.5788300753860876,2.8907938952093293,-0.6446757195124264,-0.27258981237896884,-0.1436946773243038,0.8658757395526374,-0.03605111413288599,-0.08178728203693035,0.04228394809003007,0.0076451480674780935,-0.01862398836239721,0.010458483868813295,0.06463963417181436,-0.014494538595838168,-0.03355688667706022,0.0010653399659402267,0.001065340797215983,0.0010639393610433728,0.0008795023791262882,0.0008792920193921491,0.0008995555971535782,0.003963494152883062,0.003963484885423705,0.003957466036267294,0.008726646259971648,0.008726646259971648,0.008726646259971648,-0.15528255947686273,0.12841654470007952,11.736575792760197,2.6669240701964894,3.7963842231850626,-0.3255881517100857,-0.09464301845590312,0.22560061088810462,-0.034592791054763206,1.3967412494708515,2.222395835294697,-0.7008323982867777,-0.0131970442343613,0.01670109394072611,0.06587572763170846,-0.03854881721608451,-0.0806342753327763,-0.019236148803366743
296.10327491760256,-0.25939276814460754,-0.1603957712650299,0.800000011920929,0.0,0.0,0.06156108155846596,0.0,0.0,0.0,0.0,0.0,0.0,-0.17479975898436798,-0.3799492340957893,0.9002667811638704,-1.3538851230856828,-2.17390445426584,0.6598111074405202,0.06275905796273804,-0.21441212968835294,-0.005937745111029576,1.5446871508595295,2.972830209808591,-0.6448381225621515,-0.27228381967054055,-0.14469819746006898,0.866276195778351,-0.03305659146032116,-0.08397083761066318,0.04087549185832972,0.004406238493990854,-0.021492083425320514,0.005197199882531942,0.03830823636385376,-0.06805954529203367,-0.027261838062813425,0.0010658126002813116,0.0010658113899190073,0.0010644304606427096,0.0008777728366252041,0.0008775314564294968,0.0008981623759124663,0.003967426210710918,0.003967410880780454,0.0039614028515164695,0.008726646259971648,0.008726646259971648,0.008726646259971648,-0.14797501411147912,0.14480294932930723,11.74608502826368,3.1064123554852703,4.79378477755875,-0.35976162717617866,-0.09748406068617257,0.2352510366357203,-0.033990585385519356,1.3262084696164904,2.0767571170855836,-0.6506694427457912,-0.012891051525933006,0.015697573804960924,0.06627618385742207,-0.03562334376281042,-0.08290941954609603,-0.020643809472468213
296.1532749176025,-0.25939276814460754,-0.1603957712650299,0.800000011920929,0.0,0.0,0.06156108155846596,0.0,0.0,0.0,0.0,0.0,0.0,-0.17166175369508732,-0.3907160181754497,0.8998866426406773,-1.283644208371156,-2.025489519111047,0.6018042873300947,0.0627611536086028,-0.21625923349845594,-0.00926779581670599,1.5325186405974291,3.1047365521263983,-0.6467091993851795,-0.2721404881372369,-0.14580920344110826,0.8663757645426132,-0.031196271707593932,-0.08772563111468668,0.039710937341080534,0.0014903207344696431,-0.022630129085390218,-0.0011222134970563448,0.03216610444924819,-0.07107450206423498,-0.02501630329332712,0.0010666288606198616,0.0010666248667584573,0.0010652637819968413,0.0008762417428730207,0.0008759609458679342,0.0008970043523373815,0.003973068884963875,0.003973050976838581,0.003967036361979145,0.008726646259971648,0.008726646259971648,0.008726646259971648,-0.14159765282523923,0.14842863583636237,11.767488149329713,3.210470087442048,4.890861060622588,-0.3495169520537513,-0.10047873444214958,0.24490681473434145,-0.03351087809806408,1.2545397057125272,1.9263156790659763,-0.5954434710202477,-0.012747719992629358,0.014586567823921648,0.06637575262168427,-0.0338797542386853,-0.08672000684697062,-0.021805669161515665
296.2032749176025,-0.25939276814460754,-0.1603957712650299,0.800000011920929,0.0,0.0,0.06156108155846596,0.0,0.0,0.0,0.0,0.0,0.0,-0.16851567192190206,-0.40157062533749377,0.8993667554835325,-1.2122487946960816,-1.8723323210051381,0.5395964958404502,0.06308211731877962,-0.21792505298320822,-0.011527690469084296,1.5255530169331553,3.241496708597549,-0.648068042452088,-0.2721285921083393,-0.14694394625132048,0.8661814114763585,-0.029931526915196637,-0.09040841274376286,0.03867450018540186,-0.0012085987975864378,-0.022480649928274858,-0.006306096410460519,0.018142871519586618,-0.03172369526439174,-0.02336215291380871,0.0010674452075025431,0.0010674378377334961,0.0010660923810631919,0.0008748699393617775,0.0008745502166435958,0.0008960566003812261,0.003978358508557617,0.003978344495179458,0.003972314788117979,0.008726646259971648,0.008726646259971648,0.008726646259971648,-0.1377130198735052,0.15157150186374285,11.786398761575184,3.4423820344716,4.223764769892412,-0.3499995782935232,-0.10361292018643722,0.2546266790861733,-0.03318534400717399,1.1828394724302151,1.771607715857,-0.5347451809100701,-0.01273582396373174,0.013451825013709423,0.06618139955542957,-0.03269840094496983,-0.08944079124640365,-0.02284005063442396
296.25327491760254,-0.25939276814460754,-0.1603957712650299,0.800000011920929,0.0,0.0,0.06156108155846596,0.0,0.0,0.0,0.0,0.0,0.0,-0.16534868617201826,-0.41250459489124125,0.8987575118590756,-1.13929702796619,-1.714607963302262,0.4746456049107758,0.0635973126765432,-0.21943372916659146,-0.012842054509188872,1.5301829906203614,3.3449020505321827,-0.6494510168309853,-0.27229146146874267,-0.14803147123257504,0.8657762002289626,-0.02889490471385443,-0.09185364657926592,0.037366466600307846,-0.005468280760639845,-0.021071895008085238,-0.00982612259541309,0.025680600310100127,-0.013135991243883037,-0.027810646574651383,0.0010673516532040937,0.001067340542145708,0.0010660009662966361,0.0008736418771165896,0.0008732846684516358,0.0008952980430394041,0.0039787035631682855,0.00397870193812437,0.003972687506155172,0.008726646259971648,0.008726646259971648,0.008726646259971648,-0.13203995828436177,0.14726885456161423,11.798906715931137,3.2934789504452806,3.908684442394719,-0.34325922678215104,-0.10694277529672441,0.2644731236586662,-0.032981311630112975,1.1103091289499958,1.6133573208817065,-0.4705825084913489,-0.012898693324135124,0.012364300032454867,0.06577618830803367,-0.031707000823930465,-0.09091779321284649,-0.02414704520137848
296.30327491760255,-0.25939276814460754,-0.1603957712650299,0.800000011920929,0.0,0.0,0.06156108155846596,0.0,0.0,0.0,0.0,0.0,0.0,-0.16214884932725984,-0.4235193765632856,0.8980981849755583,-1.0645578857423215,-1.5531830419989199,0.40824606524348517,0.064396161113764,-0.22115753771508118,-0.013531020831495624,1.52736781010625,3.4325533760919282,-0.6504969736343138,-0.2726544415929031,-0.1490643712403449,0.8652093768796494,-0.027188913733570772,-0.09216117623355362,0.03605186054789779,-0.008788377623367493,-0.020209499132240127,-0.012677278290407507,0.044058803385968716,0.01722700628523139,-0.028586958290772076,0.0010666008263310657,0.0010665861227290192,0.001065245241673625,0.0008725399817328674,0.0008721461599573311,0.0008947055119579878,0.003975308242092137,0.003975321711141464,0.003969343451240965,0.008726646259971648,0.008726646259971648,0.008726646259971648,-0.12515470514930205,0.14691057239534558,11.80713000780273,2.9414807158612235,3.368811769609597,-0.3190920297210844,-0.11050559226564324,0.27445500532294065,-0.032888808095908884,1.0372859308269409,1.4522225797717343,-0.4049271765264678,-0.013261673448295541,0.011331400024684996,0.06520936495872043,-0.030011542335094114,-0.09127828376127753,-0.025461851519666512
296.35327491760256,-0.25939276814460754,-0.1603957712650299,0.800000011920929,0.0,0.0,0.06156108155846596,0.0,0.0,0.0,0.0,0.0,0.0,-0.15890046349422154,-0.43462079651546226,0.8974146888907651,-0.9884222294754562,-1.3891038850663702,0.3408753781126759,0.06553927220773788,-0.22289926037188432,-0.013808822560222643,1.5069527178629318,3.4932110680124118,-0.6503345705845888,-0.2731425826334148,-0.15005743565445812,0.8645274598575533,-0.024738112783923884,-0.0906199598164923,0.03470369879802299,-0.01050019089393547,-0.019823966709971268,-0.014548820425715791,0.04995641148386581,0.03704676275623889,-0.02975667416179049,0.001065725565357684,0.0010657081464467235,0.0010643634882037784,0.000871552198361579,0.0008711266532847764,0.0008942682530418583,0.0039707612531391465,0.003970785984182475,0.0039648406197322905,0.008726646259971648,0.008726646259971648,0.008726646259971648,-0.12243559755208858,0.1526334049329774,11.809995857632021,2.8129916164501334,3.0088058172397876,-0.2789378506535348,-0.11424211913919324,0.28456336086100414,-0.03288722903321184,0.9642953923568465,1.2900057506146319,-0.3378746378401938,-0.013749814488807244,0.010338335610571792,0.06452744793662435,-0.027514728626769902,-0.08981388403278162,-0.026812111484891644
296.4032749176025,-0.25939276814460754,-0.1603957712650299,0.800000011920929,0.0,0.0,0.06156108155846596,0.0,0.0,0.0,0.0,0.0,0.0,-0.15559152322199185,-0.4458021490597943,0.896720885031823,-0.9113689037562861,-1.2234149751201502,0.27304294706942417,0.066818338681571,-0.22435484140180414,-0.013943331797484913,1.4801131706490882,3.5358684623143524,-0.6481644585814882,-0.2736904021864633,-0.15105640944922677,0.8637658771916524,-0.022301580041140353,-0.08879805784027643,0.03330205263902385,-0.011398202709706628,-0.020135232273091032,-0.015667923833228167,0.03794263665099998,0.029468723516065217,-0.029997321068118046,0.0010654832588671266,0.0010654646051153818,0.0010641198153773302,0.0008706846683063015,0.0008702271511398064,0.0008939701883594568,0.0039688483730338005,0.003968879557215401,0.003962933669202123,0.008726646259971648,0.008726646259971648,0.008726646259971648,-0.11913567055489274,0.15962838854824427,11.808853516623238,2.9907549265068747,3.116185675666539,-0.2794774256935027,-0.11809887896447144,0.29474573961056755,-0.03295500784017058,0.8905309718297754,1.1264902114044528,-0.27004562172048296,-0.014297634041855745,0.009339361815803138,0.06376586527072348,-0.025023510306224458,-0.08806850024847404,-0.02821602275122089
296.4532749176025,-0.25939276814460754,-0.1603957712650299,0.800000011920929,0.0,0.0,0.06156108155846596,0.0,0.0,0.0,0.0,0.0,0.0,-0.15221450471732018,-0.457047536926116,0.8960189277847561,-0.8333787468048234,-1.0562588336853513,0.20519023753279844,0.06826240150526541,-0.22546067325096222,-0.014134958085186531,1.4621617889380532,3.58389484953768,-0.6460213253303836,-0.27427388616589704,-0.15206012624441648,0.8629699778042647,-0.02090684078966676,-0.08784516735457919,0.032028261878850335,-0.011429628365402024,-0.019621523104741835,-0.015954939286376726,0.012577815190645826,0.019403661091827354,-0.024654163967069452,0.0010658432700706396,0.0010658253093003935,0.0010644845509832793,0.0008699192210543165,0.0008694255072163595,0.0008937801401735922,0.003969662158725667,0.003969693153736315,0.003963710198654142,0.008726646259971648,0.008726646259971648,0.008726646259971648,-0.11659118462270389,0.1668852771865059,11.805705281212562,3.4312837081945684,3.2922704177868996,-0.26564861954800034,-0.12205938144857686,0.30498741068169954,-0.03304894998049146,0.8148565050405439,0.960720565964676,-0.2016391150919177,-0.014881118021289497,0.00833564502061343,0.0629699658833357,-0.02360027875374244,-0.08715956695755318,-0.029490986161232798
296.50327491760254,-0.25939276814460754,-0.1603957712650299,0.800000011920929,0.0,0.0,0.06156108155846596,0.0,0.0,0.0,0.0,0.0,0.0,-0.14876210246404853,-0.4683391452740978,0.8953034539290408,-0.7537790085367347,-0.8870732088055315,0.13775213355055718,0.0698336886255693,-0.22620366066820713,-0.01448399614342195,1.4662368463114077,3.640725473867028,-0.6431867517720037,-0.27477558896948934,-0.15298892300133682,0.8621870831089157,-0.02016847287355181,-0.08586682345107985,0.03102996622916665,-0.008374007300147639,-0.01753950247396135,-0.015523146097999303,0.007063423281307761,0.04897795179303286,-0.017360957209696305,0.0010662443708289806,0.0010662292229716075,0.0010648920637619551,0.0008692352844066292,0.0008687089452125783,0.0008936905882409925,0.003970660426515528,0.003970672458989464,0.0039646532935759095,0.008726646259971648,0.008726646259971648,0.008726646259971648,-0.12079203278813988,0.16446245606407964,11.804711025209478,3.5210002238905873,2.742223688145347,-0.2841101041946804,-0.1260134865054408,0.315350222272761,-0.033116370820125085,0.7372419888430526,0.7938241462864979,-0.13259098580825,-0.015382820824881793,0.007406848263693089,0.06218707118798672,-0.022801497814748127,-0.08520533351265559,-0.030491200619892495
296.55327491760255,-0.25939276814460754,-0.1603957712650299,0.800000011920929,0.0,0.0,0.06156108155846596,0.0,0.0,0.0,0.0,0.0,0.0,-0.14523638691496846,-0.47967093151934487,0.8945692853504097,-0.6719227151160785,-0.7161855146759817,0.0713168748749484,0.07119493333760132,-0.22706778914157338,-0.014882747001811582,1.4747977294695642,3.670053761714292,-0.6412752524459581,-0.27507108658339335,-0.1538122323768346,0.8613998135952065,-0.019683394000171738,-0.0826610567429586,0.030257917972188488,-0.0030408160402214802,-0.015256393887032609,-0.016077148859874168,0.012817314643262556,0.07810014144949005,-0.011685440707432482,0.0010667507489096905,0.0010667401819564712,0.0010654040809141684,0.000868625460996711,0.0008680715873835162,0.0008936903248234247,0.003971809260617512,0.0039717855753002495,0.003965741712074722,0.008726646259971648,0.008726646259971648,0.008726646259971648,-0.1389140219533766,0.15600198439748714,11.809784553009045,3.4110418610040885,2.185675209093939,-0.28774606213623705,-0.1298346996684249,0.32585869914251026,-0.03316947175520324,0.6571258418558933,0.6263965674975314,-0.06381385758377847,-0.01567831843878581,0.006583538888195295,0.0613998016742775,-0.022218078043961226,-0.08201634385276015,-0.03126612006698779
296.60327491760256,-0.25939276814460754,-0.1603957712650299,0.800000011920929,0.0,0.0,0.06156108155846596,0.0,0.0,0.0,0.0,0.0,0.0,-0.1416652616167433,-0.49105649977784355,0.8938215211386087,-0.5878244001448734,-0.5449426517359642,0.006358762737852806,0.07165007859137132,-0.22835494119826935,-0.015027821470222804,1.4778606944833945,3.671554625608979,-0.6395455510169903,-0.2750605065707616,-0.1545204454219087,0.86057583795127,-0.01878363497062473,-0.07802196838412664,0.03008503841451864,0.003760757582457402,-0.013201484983887752,-0.016945131056026283,0.030817818698371087,0.11095024685933308,0.0045194964352753145,0.001066354640336775,0.0010663494836290412,0.0010650039463305898,0.0008680462168640122,0.0008674714417964106,0.0008937362342009726,0.003968708364920489,0.003968639452017057,0.00396263071359176,0.008726646259971648,0.008726646259971648,0.008726646259971648,-0.16002159401229715,0.14991312611214425,11.81682098703532,3.0655315131030787,1.526490008820111,-0.33163398620356177,-0.13339524495401828,0.3365360543559348,-0.03324568318733867,0.5750374964365824,0.4599404727808863,0.004268767517883821,-0.015667738426154043,0.0058753258431211985,0.06057582603034106,-0.021175990418407776,-0.07740720118042185,-0.03144300197080462
296.6532749176025,-0.25939276814460754,-0.1603957712650299,0.800000011920929,0.0,0.0,0.06156108155846596,0.0,0.0,0.0,0.0,0.0,0.0,-0.13809776352090739,-0.5025140367120207,0.8930752987459208,-0.5021030512156898,-0.3748665722581521,-0.05691866138685346,0.07104984524219572,-0.22994653616923072,-0.014821074237320488,1.4636481421021865,3.6400962294900028,-0.6400102457913887,-0.2746853007913595,-0.1551440055750026,0.8597120249044664,-0.0168085590427833,-0.07178212600183988,0.030327904860650103,0.01130938896141481,-0.012019658676943013,-0.01759321239967649,0.05597833878241719,0.13410356968840698,0.006172778822451918,0.0010662059613250749,0.0010662058041987883,0.001064847889848632,0.0008675471928361695,0.0008669586133509056,0.0008938685588313182,0.003966103227448153,0.003965988061622181,0.0039600361118218245,0.008726646259971648,0.008726646259971648,0.008726646259971648,-0.18328740907128158,0.14328577819470495,11.826733150787758,2.595648554902433,1.0575960963208908,-0.3468634568801479,-0.13658753727045211,0.34737003113701803,-0.03336327384145443,0.4919237664966589,0.2963399508250339,0.0711376736608119,-0.015292532646751955,0.005251765690027305,0.059712012983537455,-0.01900978367229497,-0.07123098947851783,-0.031205292357084302
296.7032749176025,-0.25939276814460754,-0.1603957712650299,0.800000011920929,0.0,0.0,0.06156108155846596,0.0,0.0,0.0,0.0,0.0,0.0,-0.13458935936134994,-0.5140594375796557,0.8923518039195678,-0.4159117508404852,-0.2073312675676459,-0.11848994216557568,0.06928632114006997,-0.23186949853606595,-0.01411871881679587,1.4259414418109249,3.5851931377460247,-0.6412364140996171,-0.27389834245405403,-0.15575306860670893,0.8588247583043918,-0.014028542241308594,-0.06356267912787324,0.030854890913397236,0.020104293469875186,-0.012638712451582337,-0.017762028693008268,0.06365805060823153,0.16303942204687324,0.014694269144548355,0.001065434576905325,0.0010654376346703417,0.0010640612846981106,0.0008670733700210766,0.0008664796176035416,0.000894032233164478,0.0039605040962736844,0.003960353867710175,0.003954489253634566,0.008726646259971648,0.008726646259971648,0.008726646259971648,-0.2042742760980233,0.15047691362827936,11.836360146846902,2.422675939351972,0.4414493810857735,-0.35423466318053615,-0.1393089830927041,0.35830636897294676,-0.033527045615176054,0.40841167195070865,0.13747733106698173,0.13675982697590763,-0.01450557430944649,0.00464270265832098,0.0588247463834628,-0.015978074874846246,-0.0631008050157843,-0.03068445388443191
296.75327491760254,-0.25939276814460754,-0.1603957712650299,0.800000011920929,0.0,0.0,0.06156108155846596,0.0,0.0,0.0,0.0,0.0,0.0,-0.13119536499068224,-0.5256919976463406,0.8916754606093149,-0.3302849394979361,-0.04358087474988251,-0.17823712495675073,0.06647345368660688,-0.23343290413122236,-0.012935013593313966,1.379586110742138,3.499482710240284,-0.642831142722865,-0.2726972404125721,-0.15643062798823404,0.8579361429247211,-0.01128714795496022,-0.05605009664663546,0.031568151778407834,0.02801584523706342,-0.014594221281426968,-0.01767259019599228,0.06203298056162282,0.1510843932278252,0.009463604614344465,0.0010649126774644935,0.0010649161672217828,0.0010635239706224555,0.0008666571896660831,0.000866059194760576,0.0008942325037419809,0.003956087200078129,0.003955925012207533,0.003950125601319019,0.008726646259971648,0.008726646259971648,0.008726646259971648,-0.2281044128420504,0.16531711151774284,11.846410200448172,2.419239403551089,0.5716382415914483,-0.3390698493476317,-0.14150187542188986,0.3692613696581065,-0.03373931768459382,0.3246826540022064,-0.01803461893268998,0.20034572793724678,-0.013304472267964551,0.003965143276795868,0.057936131003792135,-0.013006728171694749,-0.05567594961304276,-0.02997615939741291
296.80327491760255,-0.25939276814460754,-0.1603957712650299,0.800000011920929,0.0,0.0,0.06156108155846596,0.0,0.0,0.0,0.0,0.0,0.0,-0.1279718016636178,-0.5373841777454214,0.8910708651272378,-0.24568001990593408,0.1158884804801629,-0.23609769146499615,0.06246907939594217,-0.23425429983190543,-0.011248805689768415,1.3330589528833072,3.4202817257598284,-0.6436676306544675,-0.27103796292901583,-0.15720318382626086,0.8570884371452496,-0.009538463574221287,-0.045546360999139335,0.032295024552883675,0.038168013122889664,-0.01587016971621226,-0.015893173123711458,0.008338483344781794,0.22916861141724199,0.01813264437108239,0.0010646139092812484,0.0010646145649394127,0.0010632125934372646,0.0008662805091523416,0.0008656876258350619,0.0008944686330819679,0.003953173405017419,0.00395303686108925,0.003947279962331268,0.008726646259971648,0.008726646259971648,0.008726646259971648,-0.2503212237811755,0.17728594136857426,11.850615100106602,3.3658182222796906,-0.9616234419025759,-0.3716312283118601,-0.14306616126539803,0.3801809939191605,-0.03398242798198814,0.2398957630741597,-0.1661506430194932,0.26206347500599275,-0.011645194784408286,0.0031925874387690456,0.05708842522432067,-0.010935580338501664,-0.04523088100703255,-0.02925494824651296
296.85327491760256,-0.25939276814460754,-0.1603957712650299,0.800000011920929,0.0,0.0,0.06156108155846596,0.0,0.0,0.0,0.0,0.0,0.0,-0.12497622806476053,-0.5491024665922228,0.8905558361649109,-0.1613251563416664,0.2692789322608794,-0.29198326476507314,0.057353864558320956,-0.2344772540400468,-0.009352352803301357,1.3338607359609171,3.264417657104654,-0.6461321875342818,-0.26900501480904804,-0.1579440870138418,0.8563539747821075,-0.01039252728545983,-0.036143998027752595,0.03300820713927975,0.042372367913164406,-0.01316641920569426,-0.013438984792485424,-0.036964764937653966,0.15373834472884668,0.013608771285293733,0.001064985895346851,0.0010649813027948213,0.0010635808404583346,0.0008659567711059271,0.0008653705325158893,0.0008947267973004353,0.003953537124258294,0.003953449618268692,0.003947622730150739,0.008726646259971648,0.008726646259971648,0.008726646259971648,-0.2690702648852153,0.17782776891792346,11.838737436271266,4.208399060903795,0.2963998318459772,-0.3631071195682693,-0.1440287867442875,0.39115837957838107,-0.034201861382803345,0.15211600673896417,-0.309448651468292,0.3205826280702014,-0.009612246664440494,0.0024516842511881076,0.05635396286117855,-0.011499829012869913,-0.03580663022672086,-0.028545618709621218
296.9032749176025,-0.25939276814460754,-0.1603957712650299,0.800000011920929,0.0,0.0,0.06156108155846596,0.0,0.0,0.0,0.0,0.0,0.0,-0.12225985150916736,-0.5608312258649814,0.8901207827671136,-0.0753053824021269,0.41594248582094634,-0.34638593409949053,0.051301197665504415,-0.23467311687072048,-0.00804978310860268,1.376791560969693,3.1714547521370275,-0.6481705389769141,-0.26683056807840316,-0.15850215162971842,0.8557433207402525,-0.012209527974184014,-0.028737353299892663,0.03369254033887528,0.044251091357288094,-0.009435016976709417,-0.010913796067420982,-0.030756081732503392,0.14493460309579892,0.018066856776434735,0.0010651466291076933,0.00106513625514354,0.001063741227099067,0.0008656454231927719,0.0008650661705430529,0.0008949663469583976,0.003953429951666261,0.0039533936690311485,0.003947468128152849,0.008726646259971648,0.008726646259971648,0.008726646259971648,-0.2682688267670408,0.1663650553598985,11.828280040450672,4.099649926085054,0.3759540406974639,-0.3663410814009096,-0.1445707165692358,0.40232907423526293,-0.034377462026861094,0.06147487562585078,-0.4481227711513742,0.37626864265098475,-0.007437799933795619,0.0018936196353114831,0.055743308819323545,-0.013087960433531816,-0.02834756049924893,-0.027863540083154982
296.9532749176025,-0.25939276814460754,-0.1603957712650299,0.800000011920929,0.0,0.0,0.06156108155846596,0.0,0.0,0.0,0.0,0.0,0.0,-0.11984510650056446,-0.5725841066712344,0.8897377861092752,0.013322798856829214,0.5573259826616487,-0.39993166178234646,0.04528860267858973,-0.23544211537929577,-0.007270083204932375,1.4142849292375794,3.08246955761187,-0.6503705885111809,-0.2646578476007125,-0.15890472032343175,0.8552540051259641,-0.013136132892216223,-0.023558110686634867,0.03453250430095097,0.04174800811049743,-0.006761454866245043,-0.008805013008027898,0.003934854434274474,0.0661873841421651,0.012284490189172981,0.0010649248944019044,0.0010649096464672538,0.0010635199787254897,0.0008653728886311643,0.0008648008224556664,0.0008952155460912463,0.003951680663080982,0.003951676403520504,0.003945670765192831,0.008726646259971648,0.008726646259971648,0.008726646259971648,-0.2548629325117504,0.151853658318392,11.815455307700617,3.487236215405641,1.7056143590722745,-0.36555507689192146,-0.14481274110014802,0.41367938634780266,-0.034483780983311174,-0.03091989838630225,-0.5835884925640343,0.4305110456999556,-0.0052650794561049374,0.0014910509415981543,0.0552539932050351,-0.013854660596362242,-0.023142232492072003,-0.027024845101118643
297.00327491760254,-0.25939276814460754,-0.1603957712650299,0.800000011920929,0.0,0.0,0.06156108155846596,0.0,0.0,0.0,0.0,0.0,0.0,-0.11771423387348824,-0.5843935766492181,0.8893777435306828,0.10386965914985856,0.6952780559806031,-0.45273364498074664,0.039946302404439714,-0.23693668373994653,-0.007131619938764945,1.4211576119714882,3.0599673790054687,-0.6525313378199982,-0.2626916324972591,-0.15919688512638572,0.8548415630201998,-0.011573795292354618,-0.021173639256098886,0.03500170616085923,0.03673467614431971,-0.005568356361311344,-0.007795334284929553,0.06779941391547045,0.029622256144026752,0.0048699975231075695,0.0010641230852822638,0.001064104720919225,0.0010627167148303965,0.000865138167142368,0.0008645703355857232,0.0008954757763358559,0.003947818761985124,0.003947828238242049,0.003941806049619681,0.008726646259971648,0.008726646259971648,0.008726646259971648,-0.2397158173544021,0.14394972181143412,11.810434297548548,2.268352291089716,2.334234679038575,-0.3568866758339282,-0.14497739862377085,0.42519669152283235,-0.03453618051048302,-0.12244820399256137,-0.7178222873984949,0.48397531403286453,-0.0032988643526515316,0.0011988861386441896,0.0548415510992708,-0.012219681414905278,-0.020806967477123725,-0.026556388446928692
297.05327491760255,-0.25939276814460754,-0.1603957712650299,0.800000011920929,0.0,0.0,0.06156108155846596,0.0,0.0,0.0,0.0,0.0,0.0,-0.11583154236617288,-0.5962876549658681,0.8890183478527085,0.19464291492063787,0.8326817409879083,-0.5040922500534953,0.03536135788815729,-0.2388264489259453,-0.007244207180201006,1.367086098489587,3.0688962163973894,-0.6542586670759157,-0.26101001313193367,-0.15952897589612092,0.8544562484293512,-0.007772038005264434,-0.02015468932127688,0.035228921543793104,0.03033364848167603,-0.008186803876231313,-0.007675616698605617,0.08228273186128936,0.006339595070691534,-0.0006867866937868611,0.0010643712278237151,0.001064351685327305,0.0010629710110566138,0.0008649347830895749,0.0008643690574074456,0.000895741120117138,0.003948971813888805,0.003948983227070817,0.003942922310848945,0.008726646259971648,0.008726646259971648,0.008726646259971648,-0.21872649739062466,0.15794090541769287,11.80961746129966,1.9956950651830785,2.735461974703243,-0.33947079268980607,-0.1451784707657608,0.4367586790697472,-0.034562099423357306,-0.21197263719294274,-0.85216646141589,0.5366717078825588,-0.0016172449873261274,0.0008667953689089902,0.05445623650842224,-0.008388439312195593,-0.019905498226196184,-0.02632976638077419
297.10327491760256,-0.25939276814460754,-0.1603957712650299,0.800000011920929,0.0,0.0,0.06156108155846596,0.0,0.0,0.0,0.0,0.0,0.0,-0.11415186143471696,-0.6082587325623102,0.8886523017673513,0.28428371655653517,0.9712822492469829,-0.5529868890398562,0.03182587937006397,-0.24001665493163094,-0.0073976362340815345,1.2993817237123506,3.097886418572548,-0.6551152021746269,-0.25966645008564415,-0.16004273116588685,0.8540720725390856,-0.003575166875278303,-0.019950655797972127,0.034916805762910307,0.02346844100539563,-0.012509616586870637,-0.007766051514045947,0.08089705678522206,-0.003118392204245882,-0.01467732920710021,0.0010644243977932985,0.0010644052536307044,0.0010630291509787697,0.0008647555911565603,0.0008641896757150963,0.0008960059654666661,0.003949815550975295,0.003949818801791389,0.003943763626281396,0.008726646259971648,0.008726646259971648,0.008726646259971648,-0.20225779243542108,0.17758708927706782,11.81040403014015,1.9751589308444948,2.879083497197255,-0.3020602741902401,-0.1455145886509272,0.44821600139642337,-0.03458022922826576,-0.2998694374017554,-0.9882050463361494,0.5869537487454771,-0.0002736819410366076,0.0003530400991430538,0.054072060618156614,-0.004187379508136306,-0.01983075639064708,-0.026642168430273772
297.1532749176025,-0.25939276814460754,-0.1603957712650299,0.800000011920929,0.0,0.0,0.06156108155846596,0.0,0.0,0.0,0.0,0.0,0.0,-0.11262836854797341,-0.6202647627291987,0.8882795674403512,0.37278522840031925,1.1119076734062305,-0.5987579627270587,0.0291138360997341,-0.2402245517443474,-0.007511736845937381,1.230650542218263,3.1340576968723677,-0.6541012113483606,-0.2586619858436593,-0.16077265538028393,0.8536803143656017,-0.0005002562328994976,-0.02031981009268113,0.03409531016769407,0.016970165136453805,-0.01651977369794401,-0.0078388506253608,0.038068779223531454,-0.007244282879232395,-0.015572811270318683,0.0010644807000692884,0.0010644630046318436,0.0010630905362784078,0.0008645964704101749,0.0008640271879457255,0.0008962661009398832,0.0039510268773586855,0.0039510158545361,0.003944984711217234,0.008726646259971648,0.008726646259971648,0.008726646259971648,-0.19230854550725798,0.19664791398739925,11.812938369253285,2.753321944753312,2.9308134059295807,-0.299420484107635,-0.14603361729568587,0.45949210734891477,-0.034599253074749536,-0.38746893967237656,-1.1270250175728236,0.6335552482490857,0.0007307823009482517,-0.00037688411525402254,0.0536803024446727,-0.0011253561105438342,-0.020294443979519357,-0.027463652041470988
297.2032749176025,-0.25939276814460754,-0.1603957712650299,0.800000011920929,0.0,0.0,0.06156108155846596,0.0,0.0,0.0,0.0,0.0,0.0,-0.11122804126608452,-0.6322573617058488,0.8879042960066492,0.46122138972534316,1.254597809640076,-0.64143082687804,0.026899255175809416,-0.2394794073215473,-0.007499120502136592,1.200827511419547,3.172815470608845,-0.6529552310179628,-0.257932630728237,-0.16164691479037152,0.8533135876936834,-0.00010988551874705833,-0.019676993283939185,0.0332938962923003,0.012457144593987416,-0.017925089741734644,-0.0066008351003282095,-0.018370302044260614,0.02967688374377043,-0.016723097090796515,0.0010653176886113078,0.0010653019668471425,0.0010639383663174648,0.0008644645563080688,0.0008638899861848317,0.0008965332690127284,0.003955526523373773,0.003955504299372379,0.003949449596880823,0.008726646259971648,0.008726646259971648,0.008726646259971648,-0.1895334398301379,0.2065130399497183,11.812433715501255,3.7558670343425082,2.305355562317254,-0.2861675014164555,-0.1467045894621525,0.47061044691547727,-0.034590708312965845,-0.47773023079212695,-1.267781601877107,0.6754693928729314,0.0014601374163705216,-0.0012511435253416137,0.05331357577275442,-0.0007153970991968601,-0.019664037165880888,-0.02826519902175979
297.25327491760254,-0.25939276814460754,-0.1603957712650299,0.800000011920929,0.0,0.0,0.06156108155846596,0.0,0.0,0.0,0.0,0.0,0.0,-0.10993497414829548,-0.6442003720539059,0.8875290245729472,0.5513748433842155,1.3980664671891374,-0.6821695422540813,0.02482342953574077,-0.23824100660063113,-0.007511736845937292,1.2211317351003022,3.1803003521646995,-0.651146601553006,-0.25741416144195006,-0.1625172316902773,0.8530302214081131,-0.0017022380968930095,-0.018365905808435563,0.032063359458316426,0.008251459447958971,-0.016465941044174783,-0.004900900093672003,-0.03696279908106878,0.02798749107514677,-0.029123627172144315,0.0010655771462952054,0.0010655633721110651,0.0010642062378197516,0.0008643397918052356,0.0008637593449094744,0.0008967884427227304,0.003957135627244709,0.003957108462950708,0.00395104777391244,0.008726646259971648,0.008726646259971648,0.008726646259971648,-0.19005248769151445,0.20094361512127915,11.808006817526474,4.089713657013724,2.320238112948583,-0.25327131594242586,-0.14747918729365458,0.4816831403636286,-0.03449880316483411,-0.5711737012634399,-1.4096042199255392,0.7134139468477813,0.0019786067026574816,-0.0021214604252473845,0.05303020948718418,-0.002266640097807335,-0.01830469809932485,-0.029495976906623356
297.30327491760255,-0.25939276814460754,-0.1603957712650299,0.800000011920929,0.0,0.0,0.06156108155846596,0.0,0.0,0.0,0.0,0.0,0.0,-0.1087463471223366,-0.6560884241469528,0.8871475886995868,0.6444538887918783,1.5410533345399504,-0.7221390825821535,0.022721651502603288,-0.237281077121137,-0.0077456980884771055,1.258128289914622,3.1885293612521206,-0.6476931628143472,-0.2570987863929085,-0.1632841409682732,0.852790531373875,-0.0032647216346736916,-0.016734629174368,0.030556577150136863,0.004613544351367607,-0.014242291736108808,-0.005205845603831613,-0.01729723487508632,0.03722167101464753,-0.034694154973767745,0.0010651868737087677,0.0010651747737908702,0.0010638208789496976,0.0008642235335262304,0.0008636375000806348,0.0008970320291934023,0.003955318871755725,0.003955289021647021,0.003949249008894804,0.008726646259971648,0.008726646259971648,0.008726646259971648,-0.18876304555924014,0.19054694387570661,11.810709191132613,3.7685093062357784,2.1480435549748904,-0.2291514403431675,-0.1483524392705719,0.4928042831786796,-0.034357057325711815,-0.6671383897234524,-1.5508987522827524,0.7498631425707388,0.002293981751699037,-0.0028883697032432987,0.052790519452945994,-0.003778199118257103,-0.016626247267038624,-0.031003013120925724
297.35327491760256,-0.25939276814460754,-0.1603957712650299,0.800000011920929,0.0,0.0,0.06156108155846596,0.0,0.0,0.0,0.0,0.0,0.0,-0.10766119719536929,-0.667941475605082,0.886757832731107,0.7405484832777463,1.6832392811443126,-0.7613652807338546,0.020684345576079538,-0.2368409812039216,-0.007844540650709931,1.2790646271900408,3.1881486424408547,-0.6430337302957253,-0.2569333799532073,-0.1639446087053244,0.8524621116403038,-0.0037808699145553473,-0.014514079671021793,0.02882023582361711,0.0022456577845513578,-0.012480196829954765,-0.008414386501423352,0.009517615801467186,0.04734106983554278,-0.03512028102183973,0.0010655350235351487,0.00106552441671388,0.0010641776928739534,0.0008641273700538357,0.0008635366239502414,0.000897273524202455,0.003955960116148277,0.003955927225755616,0.003949868791794411,0.008726646259971648,0.008726646259971648,0.008726646259971648,-0.18928155159681365,0.18529181188594704,11.826210067202956,3.2752593522714384,1.9261599546023531,-0.2108042958425605,-0.14927218275783802,0.5039968668997576,-0.034295721090803144,-0.7650118203158501,-1.690649848821749,0.7855492195272563,0.002459388191400236,-0.0035488374402944944,0.05246209971937488,-0.00422580214354102,-0.014390990430181251,-0.03273969174185535
297.4032749176025,-0.25939276814460754,-0.1603957712650299,0.800000011920929,0.0,0.0,0.06156108155846596,0.0,0.0,0.0,0.0,0.0,0.0,-0.1066785606972762,-0.679779091182324,0.886382510729604,0.8388579664791632,1.8243267505664043,-0.7990484401161401,0.018621114347679452,-0.23666364188619446,-0.007168339409426211,1.2753384667672412,3.176673743610973,-0.6374569405520791,-0.2568624884847702,-0.16455450171339409,0.8518850854813462,-0.002481741462779606,-0.011696995286300473,0.02714268967339616,0.0008267620077255051,-0.012137554093488944,-0.01513893833938671,0.044136209586183896,0.06590601429691256,-0.033363163415552455,0.0010650053399003032,0.0010649959681347024,0.0010636486899423035,0.0008640273394427744,0.0008634332019516828,0.0008974899872807798,0.003952265978185438,0.003952230065779181,0.003946203981345918,0.008726646259971648,0.008726646259971648,0.008726646259971648,-0.19012979285384102,0.19023798916760537,11.854634220388307,2.6354915129007352,1.567281259255666,-0.20193033295266866,-0.150183927787494,0.51522458946893,-0.03449742524825772,-0.8638361981058698,-1.8280012716652174,0.8206322440317578,0.00253027965983732,-0.0041587304483641785,0.05188507356041727,-0.002840601901120702,-0.011615294081404581,-0.03441765841039923
297.4532749176025,-0.25939276814460754,-0.1603957712650299,0.800000011920929,0.0,0.0,0.06156108155846596,0.0,0.0,0.0,0.0,0.0,0.0,-0.10580014606217338,-0.6916016570720912,0.8860765289816465,0.9382187895853232,1.963956571468975,-0.8339130152920065,0.016515471056425642,-0.23623899370438411,-0.0050709305088738115,1.239623914375895,3.1472549100137392,-0.6314364526639319,-0.2568248833103075,-0.1651854307841296,0.8509040453433689,0.00046415434436779626,-0.007954989338781143,0.025623064757013567,0.0008633051465466729,-0.013490968947135178,-0.02447194295787898,0.0716487329017641,0.0808678752980503,-0.03250975910076364,0.0010645168654649702,0.0010645085267281355,0.0010631572781967464,0.0008639436277293132,0.0008633480876957256,0.0008977013366540148,0.003948603761138202,0.003948562836851105,0.003942570656893624,0.008726646259971648,0.008726646259971648,0.008726646259971648,-0.193355005841545,0.19697854013042335,11.897532141568464,2.0975531034127615,1.253503027818671,-0.19853735875203526,-0.15102473724813414,0.5264162262879616,-0.03517248363827752,-0.9630031715846756,-1.9621818541206715,0.8537276341586976,0.0025678848343000382,-0.004789659519099682,0.05090403342243999,0.00021912006887304993,-0.007965716611511412,-0.035937691060931365
297.50327491760254,-0.25939276814460754,-0.1603957712650299,0.800000011920929,0.0,0.0,0.06156108155846596,0.0,0.0,0.0,0.0,0.0,0.0,-0.1050310451078679,-0.7033945648640644,0.8859290400801918,1.03739957078014,2.101734429358972,-0.8644264549752364,0.014248567115786596,-0.2354773179744328,-0.0008286255493131188,1.177012441510144,3.1021471648446526,-0.625246316065753,-0.25676792010384963,-0.16591901175100063,0.8494331750599807,0.0038051056353545845,-0.0034534153376939566,0.024000225959789217,0.0014513365998854444,-0.015661943207660976,-0.034386097248652804,0.05052288453895892,0.0872665771334043,-0.03582302410767917,0.0010654555605830354,0.0010654480403802175,0.0010640974634118672,0.0008638814534897153,0.0008632861357051076,0.0008979080574555118,0.003951097616551394,0.0039510510922684166,0.00394501534138203,0.008726646259971648,0.008726646259971648,0.008726646259971648,-0.1964237898731707,0.2058076794217862,11.947511307910816,2.4399765761849443,1.0659210692090022,-0.17102112654037382,-0.15173687499598174,0.5374755531130637,-0.03649586502021107,-1.0618679896133427,-2.093658226376112,0.8821388301519318,0.00262484804075791,-0.005523240485970721,0.04943316313905177,0.0036971506115462713,-0.003569008369270748,-0.03756072014066885
297.55327491760255,-0.25939276814460754,-0.1603957712650299,0.800000011920929,0.0,0.0,0.06156108155846596,0.0,0.0,0.0,0.0,0.0,0.0,-0.10437912533063393,-0.7151383524454257,0.8860561403846431,1.1360394586498985,2.2371545371338644,-0.8901246338946345,0.01182822397356623,-0.23427418527991326,0.005912637727365737,1.131522142283006,3.04766032174508,-0.6176803678569907,-0.2566879706892176,-0.1667160661689103,0.8474689338587713,0.005544498004713585,0.0007008024112340834,0.021918222792292226,0.0016059345378825092,-0.015921335757007386,-0.044074239053998016,0.014083287473927644,0.06877637199515442,-0.04346900661122613,0.0010656893567269684,0.0010656821690821603,0.0010643232473216894,0.0008638119103210875,0.0008632164149856822,0.0008980836743768208,0.003950721114347025,0.003950673669623709,0.003944601621974356,0.008726646259971648,0.008726646259971648,0.008726646259971648,-0.1987939077514572,0.21175125085930144,11.995129311478104,3.0750191986026625,1.3524995814975862,-0.15474123090374445,-0.1523088453585837,0.5484222862765153,-0.038587206525871776,-1.1602875851654124,-2.2243499032538425,0.9040099252018939,0.002704797455389929,-0.006320294903880391,0.04746892193784236,0.005563692285788537,0.0005298588427618499,-0.03964269854022473
297.60327491760256,-0.25939276814460754,-0.1603957712650299,0.800000011920929,0.0,0.0,0.06156108155846596,0.0,0.0,0.0,0.0,0.0,0.0,-0.10385118535785887,-0.7268145539277641,0.8865798263573876,1.2349781339232642,2.3699824864502888,-0.9120444555919356,0.009289374937431512,-0.23277387401351787,0.015034801182409565,1.1177839741767612,3.00750240425994,-0.6093004248663967,-0.25662454819703867,-0.1674938141953481,0.8450615783322444,0.005604040477487274,0.0039743647586309916,0.019745319156676176,0.0008123848546526775,-0.014961613450707761,-0.051737934545216184,-0.015235574509076278,0.05766579795134522,-0.042015934930055836,0.001064852245341007,0.0010648448071500156,0.0010634660338143358,0.0008637468870161087,0.0008631506015014775,0.0008982436091974967,0.003945773020359272,0.003945729063584347,0.003939683079318089,0.008726646259971648,0.008726646259971648,0.008726646259971648,-0.19595645980260978,0.21304432484368063,12.032497740080647,3.6039556767761463,1.5148877147330186,-0.13293423823496486,-0.1527733628391798,0.559320739732416,-0.041518248025143256,-1.2590626021693188,-2.354598514651606,0.9208021040352051,0.002768219947568873,-0.0070980429303181825,0.045061566411315424,0.00572402375639584,0.0038002291412426205,-0.04181552025428168
297.6532749176025,-0.25939276814460754,-0.1603957712650299,0.800000011920929,0.0,0.0,0.06156108155846596,0.0,0.0,0.0,0.0,0.0,0.0,-0.10344664102695489,-0.738414123504289,0.8876063310386362,1.335385557631243,2.500273392324171,-0.9315962649625023,0.006892398298741923,-0.23120890904790528,0.026025386067568455,1.1304926299791822,2.97546389343661,-0.5998301322423742,-0.25661766576351785,-0.16819536448772268,0.8423684910656488,0.004455317215229135,0.006692799747725559,0.017684155162087115,-0.0005611206183766826,-0.01308761261348578,-0.05539336003764846,-0.022643033751221727,0.052680155681825276,-0.04185755486123413,0.0010637898351637013,0.0010637816733578584,0.0010623797507836547,0.0008636876890649189,0.0008630905596261232,0.0008983875361073876,0.0039406232427307425,0.00394058529736527,0.003934578426596284,0.008726646259971648,0.008726646259971648,0.008726646259971648,-0.18946108482513738,0.21080769787976525,12.049436204988591,3.772586604748269,1.5789692300074452,-0.12042902659360948,-0.15317102473656297,0.5702187590165664,-0.04523783997298736,-1.3591885335470473,-2.483960723323318,0.9341678632081205,0.002775102381089689,-0.0077995932226927744,0.04236847914471986,0.004659495315097046,0.006552954312671599,-0.0438765947619317
297.7032749176025,-0.25939276814460754,-0.1603957712650299,0.800000011920929,0.0,0.0,0.06156108155846596,0.0,0.0,0.0,0.0,0.0,0.0,-0.10315382630926319,-0.7499382406162515,0.8892035380452792,-1.4370327746012317,-2.6262707832933048,0.9491662992945087,0.004820190408923303,-0.22975577543048673,0.037862894198137265,1.1516328321802256,2.9466294583769654,-0.5897345790362731,-0.25668352235671615,-0.16878579750881922,0.8395983779859542,0.003442538343457154,0.009053994195859677,0.015369531883541256,-0.0022185793855001535,-0.010496624259358572,-0.05488279556054848,-0.006461347473735378,0.04773791612523021,-0.04792283268114377,0.0010642417915360165,0.001064232694890702,0.00106281968660245,0.0008636604770306288,0.0008630633467025489,0.0008985372125188346,0.0039432177694836345,0.003943186631384297,0.003937181970603676,0.008726646259971648,0.008726646259971648,0.008726646259971648,-0.18323469504264228,0.2027841139886254,12.050742398642617,3.4756961113108384,1.654167110176896,-0.09414110927836886,-0.15352969604745298,0.5811524431074322,-0.049605160059325026,-1.4602996002859439,-2.611426514790552,0.9463812929161762,0.00270924578789139,-0.008390026243789317,0.0395983660650252,0.0037198445835528128,0.00894446613272496,-0.046191068321786405
297.75327491760254,-0.25939276814460754,-0.1603957712650299,0.800000011920929,0.0,0.0,0.06156108155846596,0.0,0.0,0.0,0.0,0.0,0.0,-0.10295683899883433,-0.7613997305272068,0.8913942532005183,-1.3944204423157758,-2.4878510003640026,0.8732045552386966,0.0030593020082295076,-0.22870382100762524,0.04976571201140738,1.157928509709394,2.9215549173257944,-0.5783246299644097,-0.25685063621045023,-0.16926248573664493,0.8369233713151619,0.0032160447932680744,0.010970125779606746,0.012760799765534528,-0.004495627654050341,-0.008727786603919707,-0.05192372291925643,-0.002005046242790321,0.02785105854048142,-0.057847572622065045,0.0010650644071578444,0.0010650542694669158,0.0010636377841002987,0.0008636433988731447,0.0008630472341895877,0.0008986715717064217,0.003949138567369498,0.003949112519101395,0.003943056968904551,0.008726646259971648,0.008726646259971648,0.008726646259971648,-0.17686968053979385,0.19635022240054079,12.040576470391613,3.3946785797900922,1.9590904361051662,-0.056807768610545,-0.1538937972116159,0.5921372447905618,-0.054470881885356426,1.4183167294199426,2.483844924317386,-0.8697892948196685,0.00254213193415731,-0.008866714471615023,0.03692335939423297,0.003552462879004247,0.01086695797688197,-0.04879961132356763
297.80327491760255,-0.25939276814460754,-0.1603957712650299,0.800000011920929,0.0,0.0,0.06156108155846596,0.0,0.0,0.0,0.0,0.0,0.0,-0.10283993984031162,-0.7728166650815042,0.8941674018361073,-1.349468584924661,-2.349789474470233,0.800849234266769,0.0016166643326782067,-0.22797356116416806,0.06116023341212719,1.1601733106625245,2.9117265425710404,-0.5650480138591547,-0.2571321893655972,-0.16966812546622734,0.8344069758665874,0.0030603317385478022,0.012057274173474923,0.009827066259985832,-0.006849996951526774,-0.007544447650076714,-0.048699789671991726,-0.0044601949266457365,0.02065200949621463,-0.05804178338267851,0.001064846729162457,0.00106483546214667,0.0010634137080817042,0.0008636241982458141,0.0008630291763883918,0.0008987815591107033,0.003951976558194619,0.003951954466105087,0.003945893552592771,0.008726646259971648,0.008726646259971648,0.008726646259971648,-0.1689178554993103,0.19893204875968376,12.028264452504807,3.4704073701497524,2.1082956179032917,-0.023818490637320014,-0.15429224952528556,0.6031485396152768,-0.059760425969519915,1.3697635729696411,2.350192656044938,-0.7959752039389556,0.0022605787790103693,-0.00927235420119743,0.03440696394565845,0.003430321647277013,0.01195866446519983,-0.05173322139483746
297.85327491760256,-0.25939276814460754,-0.1603957712650299,0.800000011920929,0.0,0.0,0.06156108155846596,0.0,0.0,0.0,0.0,0.0,0.0,-0.10278523278426586,-0.7841938593606799,0.8974948865193739,-1.302571802565051,-2.2117035262776734,0.7313154189794686,0.000571617909151174,-0.2271142100027537,0.07193915391850654,1.1662045511336387,2.909358426906194,-0.5501219338552381,-0.25754004017438137,-0.17000654536449888,0.8320596054213748,0.0024340074088551275,0.012783658427217922,0.006899119458608852,-0.009470952913836844,-0.0057385078359411005,-0.045082154301318365,-0.022410267432455694,0.017066727154956527,-0.059864212356306803,0.0010650010913027237,0.0010649888043896456,0.0010635683146149833,0.0008636239858761266,0.0008630293813233599,0.000898885933182466,0.003957057223500676,0.003957039285935287,0.0039509711381578464,0.008726646259971648,0.008726646259971648,0.008726646259971648,-0.16109516094607965,0.20048129856160293,12.019733040009115,3.7672352664205215,2.1304574535981096,-0.009460704669816227,-0.1547548073901155,0.614187313996181,-0.06543528109799912,1.318945797393841,2.215952247413147,-0.7252716726196494,0.0018527279702261756,-0.009610774099468977,0.03205959350044585,0.0028266265309419346,0.012704251152146977,-0.05466109326200174
297.9032749176025,-0.25939276814460754,-0.1603957712650299,0.800000011920929,0.0,0.0,0.06156108155846596,0.0,0.0,0.0,0.0,0.0,0.0,-0.10277299968120494,-0.7955261495195196,0.9013506529623353,-1.2537480403330477,-2.0731648323588447,0.6646962035435034,-8.229378671349393e-05,-0.22617739635124443,0.0822915038000894,1.187077186418271,2.9080984030260906,-0.5344779645529639,-0.25806218510797485,-0.1702425310082557,0.8298976209111454,0.0008484674527085502,0.013760035688547365,0.003802834969995786,-0.01124460715512037,-0.0036118645179087287,-0.04139016516690147,-0.044693116396359873,0.024703387803133282,-0.06565830391718216,0.0010653359880832096,0.0010653229753317917,0.0010639084096443943,0.0008636391548783902,0.0008630435309398101,0.0008989813054917653,0.003964035395238027,0.003964018321344462,0.00395792258873788,0.008726646259971648,0.008726646259971648,0.008726646259971648,-0.15564482252582731,0.19886111648779675,12.018465353833106,4.1885994509869136,1.9671566476763942,0.022543774461488125,-0.1552891854267699,0.6252836185112639,-0.07145303205118991,1.2657931454551739,2.081358203077378,-0.6570473140614479,0.0013305830366326932,-0.009846759743225797,0.02989760899021643,0.0012717160035484122,0.013729305626710958,-0.05775727146766405
297.9532749176025,-0.25939276814460754,-0.1603957712650299,0.800000011920929,0.0,0.0,0.06156108155846596,0.0,0.0,0.0,0.0,0.0,0.0,-0.10278664923991193,-0.8068136242233889,0.9057224522916606,-1.202642471783076,-1.9338768421055397,0.6017579951441147,-0.00046368856156622676,-0.22532159180342443,0.09258046937288358,1.2290180309312513,2.898673338849898,-0.5172337712941063,-0.2586440610918913,-0.17035240129384965,0.8279191859360764,-0.0014928764755683293,0.01546613118132964,0.0004310615105625983,-0.011786585935549307,-0.0007804472487451087,-0.037758319057451,-0.04032966327629175,0.04663891841117554,-0.0655482058729881,0.0010659706080380054,0.0010659573304515858,0.0010645525790416205,0.0008636674997675578,0.0008630699948334219,0.0008990631043424856,0.003972364268654923,0.003972343160107054,0.003966219725616837,0.008726646259971648,0.008726646259971648,0.008726646259971648,-0.1551597674307326,0.19469187779633948,12.01987971593755,4.133187189348336,1.5484041277531693,0.05027948333181835,-0.15585741185197938,0.6364612229295392,-0.07780326635558421,1.2100640720349758,1.9465745350057815,-0.5923114010768193,0.0007487070527162354,-0.009956630028819746,0.02791917401514743,-0.0010163468428559571,0.01550716366482737,-0.06112878133260673
298.00327491760254,-0.25939276814460754,-0.1603957712650299,0.800000011920929,0.0,0.0,0.06156108155846596,0.0,0.0,0.0,0.0,0.0,0.0,-0.1028187622184927,-0.8180635202482315,0.9106104678522563,-1.1490344467071905,-1.7943410912642097,0.5431305325068151,-0.0008208305816642179,-0.22467424919017734,0.10294015305090001,1.2681882623623022,2.8683106486775394,-0.4986027925917319,-0.25923021208097596,-0.17031813301101312,0.8261210685307908,-0.003237593934845667,0.018288370502844174,-0.0027469905582458405,-0.011619482949291965,0.0021144335937276146,-0.03419048389121692,-0.02439564149552496,0.06728149633233475,-0.061261961213959756,0.0010665737350187203,0.0010665606461905425,0.0010651660248431236,0.0008637008442373682,0.0008631012603764084,0.0008991223521581477,0.003980877713925191,0.003980847065551221,0.0039747027178246574,0.008726646259971648,0.008726646259971648,0.008726646259971648,-0.15586842759738845,0.1898787004811696,12.02468673245679,3.8620906100117613,1.123574374489104,0.07611329938193928,-0.15641144986248326,0.6477453872372183,-0.08448939932146549,1.1528902484495627,1.8120264443672112,-0.532721738323145,0.00016255606363158037,-0.00992236174598321,0.02612105660986186,-0.002673683130205795,0.018382508310965794,-0.06430630224612237
298.05327491760255,-0.25939276814460754,-0.1603957712650299,0.800000011920929,0.0,0.0,0.06156108155846596,0.0,0.0,0.0,0.0,0.0,0.0,-0.1028696181232867,-0.8292870656140557,0.916022476367402,-1.0932211773160783,-1.6557972260053995,0.4888240983341766,-0.00121340561009501,-0.2242675654426888,0.11354018755487844,1.2938036648265212,2.816706470841973,-0.47868012308685115,-0.25978580257446743,-0.17016236376548993,0.8245236039074673,-0.003973914919845856,0.022249595605236913,-0.005598762305234407,-0.010408450104001779,0.003689435900665556,-0.029369926150850968,-0.0004915409833190355,0.08429861900921584,-0.05326415211363572,0.001067873673357384,0.001067861073100829,0.001066479777011993,0.0008637534495670355,0.0008631515279636054,0.000899171292068829,0.003991822497678734,0.003991780338647393,0.003985583218003895,0.008726646259971648,0.008726646259971648,0.008726646259971648,-0.15733752072016577,0.18650446849630375,12.023457039973671,3.450997679273819,0.7879980127271584,0.06788468160105901,-0.15691618445118072,0.6591247018485658,-0.09149887245993471,1.0949482410155758,1.6789645932132014,-0.4783606364242831,-0.00039303442985988424,-0.009766592500460025,0.024523591986538307,-0.003287899662319848,0.022365529988744446,-0.06715722278127026
298.10327491760256,-0.25939276814460754,-0.1603957712650299,0.800000011920929,0.0,0.0,0.06156108155846596,0.0,0.0,0.0,0.0,0.0,0.0,-0.10294193914590571,-0.8404944945824866,0.9219629494921427,-1.0358430851004863,-1.5195560506499726,0.4384166512398961,-0.0016794352946646848,-0.22402959329444358,0.12407873743470094,1.2988644207538385,2.748323474918305,-0.4591688844710145,-0.2602592604650863,-0.16994997136635795,0.8232192462465675,-0.004244796554044595,0.02647118121341233,-0.008166261596213729,-0.008386464785601464,0.004878882317804142,-0.02271022409441895,-0.008381183996694165,0.09011499626666747,-0.04932079008819508,0.0010682419585834292,0.0010682297231763812,0.0010668543590816577,0.0008637968445518263,0.0008631935127784476,0.0008991838669725225,0.0039974013974412,0.00399735035267205,0.003991151406096523,0.008726646259971648,0.008726646259971648,0.008726646259971648,-0.1625916642932039,0.18363463595885104,12.016531180871592,3.5919200046360564,0.6190628356968109,0.0755828179188331,-0.15731732131918058,0.6705445232161287,-0.09874370324557524,1.0360929297162713,1.5480949617431148,-0.4285245683082442,-0.0008664923204787511,-0.009554200101328042,0.02321923432563855,-0.003428802259680029,0.026594591870970623,-0.06972365524528663
298.1532749176025,-0.25939276814460754,-0.1603957712650299,0.800000011920929,0.0,0.0,0.06156108155846596,0.0,0.0,0.0,0.0,0.0,0.0,-0.10304412933221938,-0.8516936122341643,0.9284216927869896,-0.9772247200514412,-1.3863901983600295,0.3917269539536785,-0.0024081721578854973,-0.22393511277307115,0.1342709943594078,1.3109712929492554,2.6714937201432054,-0.4392727390393117,-0.26059257523921425,-0.16968646776535512,0.8222372558816776,-0.004583908989109568,0.03168042046840624,-0.010316687568138142,-0.004932132070089662,0.005430872338481006,-0.01672556956056123,-0.006999376117871315,0.1153525907681082,-0.03704540644954768,0.001068508341100661,0.0010684961690506473,0.0010671238953566474,0.0008638514201684675,0.0008632459101281214,0.0008991770560078936,0.004000988598430795,0.0040009334591985845,0.003994727772416209,0.008726646259971648,0.008726646259971648,0.008726646259971648,-0.16951464959269227,0.17979045361898618,12.010531700104814,3.578761361895856,0.10962012214559783,0.07319153827114279,-0.15754844590699488,0.6820071444688092,-0.10618443690531199,0.9765468506747255,1.4208606198835725,-0.3820594040258445,-0.0011998070946067085,-0.009290696500325213,0.022237243960748665,-0.0036075116655818226,0.03181319342432172,-0.07187251142481646
298.2032749176025,-0.25939276814460754,-0.1603957712650299,0.800000011920929,0.0,0.0,0.06156108155846596,0.0,0.0,0.0,0.0,0.0,0.0,-0.10319141009331859,-0.8628928110877109,0.9353825495771211,-0.9173048424928957,-1.257080095757614,0.3490366243296805,-0.0034830582860816356,-0.2240328413686919,0.14416327724578729,1.322420233007676,2.569191829690452,-0.4194961575899708,-0.26078247123277765,-0.16942108204957654,0.8215331019485013,-0.00528223739751143,0.036782959893948294,-0.012116918917492314,-0.0029286045227851863,0.005311945685003143,-0.011585392247701352,-0.015719984646598753,0.08995124104286285,-0.039380776061476976,0.0010680928795366727,0.0010680803242346685,0.0010667038095787378,0.000863901315443242,0.0008632956123161419,0.000899137483179629,0.003999729124185062,0.003999677811784325,0.00399349228055988,0.008726646259971648,0.008726646259971648,0.008726646259971648,-0.1738648492183683,0.18250567982306654,12.003538276590872,3.746425282961405,0.5035959930301857,0.09124957761987612,-0.15759106113945906,0.6934717290381344,-0.11384944762861982,0.9155093186071869,1.2971772233746977,-0.33958063274891676,-0.0013897030881701022,-0.00902531078454663,0.02153309002757231,-0.004148627532853938,0.0369362283404539,-0.07367091479123437
298.25327491760254,-0.25939276814460754,-0.1603957712650299,0.800000011920929,0.0,0.0,0.06156108155846596,0.0,0.0,0.0,0.0,0.0,0.0,-0.1033978729103597,-0.8740935023382834,0.9428292787321791,-0.8560425864000145,-1.1317713396958426,0.3102403710864154,-0.004775454395561625,-0.2239948086541086,0.15370588895646958,1.342252369119376,2.4865887327819323,-0.398816674173193,-0.260893936348067,-0.1691393905973308,0.8210622161136555,-0.006338990480571295,0.04085565511614898,-0.013865395553949422,-0.001559968885587347,0.0059272334127947,-0.007435809931102921,-0.027082263708982313,0.08011582766419395,-0.0296110548941508,0.0010676927294865025,0.0010676795241082585,0.001066296361707336,0.0008639464261493511,0.0008633445814803276,0.0008990680338450762,0.003997357910099972,0.003997313534337229,0.003991153276964474,0.008726646259971648,0.008726646259971648,0.008726646259971648,-0.1727991134039141,0.18195549194242194,12.002722593975413,3.966742816008663,0.631204483116512,0.08046828458824959,-0.1574960634377073,0.7049541117409526,-0.12176706261852366,0.8525314169384283,1.1764924511918833,-0.30162744776515843,-0.0015011682034594687,-0.00874361933230089,0.02106220419272653,-0.005079790521369739,0.04104078783030354,-0.0754177057692521
298.30327491760255,-0.25939276814460754,-0.1603957712650299,0.800000011920929,0.0,0.0,0.06156108155846596,0.0,0.0,0.0,0.0,0.0,0.0,-0.10366762336310678,-0.8852929796879776,0.9507521188695021,-0.7931540474919819,-1.0098166350866524,0.27500882757985057,-0.006014563714318893,-0.22398428533355752,0.16320771653637894,1.3731003818834413,2.4103660603777306,-0.3786762554079967,-0.26093530492255884,-0.1688288603143483,0.8207531383203686,-0.007960422154470013,0.04482457899164007,-0.015308453479126741,-0.0002983342826588817,0.006497760635899169,-0.005113010915655522,-0.04134942402339257,0.07845528514635544,-0.029979868689753216,0.0010673600716433484,0.0010673461367000812,0.001065954255215058,0.0008640022262161931,0.0008634058615987328,0.000898981710385338,0.003994587302443606,0.003994550941053268,0.003988397194743481,0.008726646259971648,0.008726646259971648,0.008726646259971648,-0.17120300304303196,0.18346427513935465,12.006771681460174,4.243960149638669,0.612160542544371,0.09420694497626636,-0.15726768155945206,0.7164641193736293,-0.1299989805491335,0.7875641976022528,1.0588914377696983,-0.26719035473118324,-0.0015425367779512977,-0.008433089049318387,0.020753126399439603,-0.006578699752908182,0.04505898594280531,-0.0768588996008241
298.35327491760256,-0.25939276814460754,-0.1603957712650299,0.800000011920929,0.0,0.0,0.06156108155846596,0.0,0.0,0.0,0.0,0.0,0.0,-0.10399733414384063,-0.8964900448926482,0.9591551117451765,-0.728144967834082,-0.8910395840943136,0.2433030302139211,-0.007173867515032035,-0.2238983228531598,0.1729119984905264,1.41780926132901,2.3331911909449214,-0.3578489036233994,-0.2609686644208066,-0.16848532248478515,0.8205548105530139,-0.00956482641797516,0.047821814738929665,-0.016642547779086105,-0.0015322691204798225,0.007373056996699381,-0.0024798507634598062,-0.028002649519615966,0.04062904099885681,-0.025193832934151925,0.0010668519463472488,0.0010668373714139486,0.0010654335151837337,0.000864049486674534,0.0008634629592683775,0.0008988632678636849,0.003990975015591542,0.003990944183231368,0.003984831091019049,0.008726646259971648,0.008726646259971648,0.008726646259971648,-0.16509680654418799,0.18113446663456406,12.005997782507073,4.023230046235523,1.247853577086125,0.1107029559940279,-0.15697133027696594,0.728004722407863,-0.1386003011921626,0.7203848206763794,0.9434300905869576,-0.23705645785339735,-0.0015758962761990292,-0.008089551219755242,0.02055479863208498,-0.008090514813252642,0.04810522780425195,-0.07819142453827926
298.4032749176025,-0.25939276814460754,-0.1603957712650299,0.800000011920929,0.0,0.0,0.06156108155846596,0.0,0.0,0.0,0.0,0.0,0.0,-0.10437737736898613,-0.907685724233917,0.9680423513448567,-0.66104408181817,-0.7747754407193524,0.21459001453223392,-0.008027861490801938,-0.2239288507980016,0.1825775854970078,1.4514816356043807,2.287800973239259,-0.3361967512879384,-0.2611252953715873,-0.1680938687916187,0.820561331381137,-0.010431974458445127,0.04951346077262594,-0.01771496911070287,-0.004882655939850864,0.008111792780646457,0.0036017910159587096,-0.0015705867247107963,0.02634310094255684,-0.01689346061372971,0.0010665896411935377,0.0010665746755646544,0.0010651615859462323,0.0008641050082143055,0.0008635320543335375,0.000898732821818804,0.003988755017278417,0.003988727458621057,0.003982642628401104,0.008726646259971648,0.008726646259971648,0.008726646259971648,-0.15095639132427244,0.17736830522583336,11.991008134943524,3.534372238424367,1.4744672737821372,0.10050449805794319,-0.15674791800260118,0.7395918554422983,-0.14748101996371976,0.6518095029515973,0.8290008178185584,-0.2108478778048439,-0.001732527226979752,-0.007698097526588787,0.020561319460208005,-0.0089054377452146,0.049823451563241326,-0.0792629118191418
298.4532749176025,-0.25939276814460754,-0.1603957712650299,0.800000011920929,0.0,0.0,0.06156108155846596,0.0,0.0,0.0,0.0,0.0,0.0,-0.1047824447738957,-0.9188876376742016,0.9773941332354171,-0.592749119053612,-0.6602104463741497,0.18791967229816064,-0.008174834705576874,-0.22414768681328,0.19149369012532258,1.4607111194892264,2.253741440368348,-0.3150545218492572,-0.26146155325525017,-0.167695569076924,0.8209716505409997,-0.009510148154948505,0.05059815054591201,-0.018673532815985903,-0.008470702414164307,0.007648995128035489,0.013082658225296495,0.04021444348670783,0.012861707097222445,-0.018239359634341666,0.0010674519639928908,0.0010674370428125054,0.0010660269555028096,0.0008641766437566935,0.0008636174300758946,0.0008985932969503238,0.003991597258383393,0.003991574906476469,0.003985454528886669,0.008726646259971648,0.008726646259971648,0.008726646259971648,-0.13652946857286508,0.17624902515448154,11.95812054532638,2.798733757273605,1.7049907408179046,0.1096010235758624,-0.15667910848135447,0.7511920685972775,-0.1564224826944174,0.5838816819858623,0.7154416363244779,-0.18760779200926456,-0.0020687851106426236,-0.007299797811894104,0.020971638620070787,-0.0079504675719317,0.050879770603197906,-0.08022101251530665
298.50327491760254,-0.25939276814460754,-0.1603957712650299,0.800000011920929,0.0,0.0,0.06156108155846596,0.0,0.0,0.0,0.0,0.0,0.0,-0.10517682718610474,-0.9301018920153393,0.9871506108703719,-0.5247294461113677,-0.5470482696056651,0.1624846825338325,-0.0076004617827812775,-0.22442248683212604,0.1987654152727798,1.4331586793165256,2.231208080849228,-0.29345746613467993,-0.26197100411880636,-0.1673709041032766,0.8218747017162621,-0.006771322555986012,0.05119539756827786,-0.01978524349986848,-0.012116035223116462,0.004934120685155058,0.023150881866624194,0.06989306725429117,0.0120536927568532,-0.02311364501988957,0.001068138162786337,0.001068123910431173,0.0010667210552880583,0.000864261898530566,0.0008637156489378022,0.0008984436594514465,0.00399363994319383,0.003993623162582331,0.003987462819538589,0.008726646259971648,0.008726646259971648,0.008726646259971648,-0.12567936799156967,0.1816271411081989,11.919097810671026,2.2097635747320936,1.6735535575623688,0.13307138384681677,-0.15679417693270162,0.7627309879120627,-0.16527590915410983,0.5181191332217219,0.6026564321352013,-0.16633027312672297,-0.002578235974198817,-0.006975132838246689,0.021874689795333135,-0.005193889004359722,0.05139286872574485,-0.08133263994096664
298.55327491760255,-0.25939276814460754,-0.1603957712650299,0.800000011920929,0.0,0.0,0.06156108155846596,0.0,0.0,0.0,0.0,0.0,0.0,-0.10552892832644738,-0.9413231637124772,0.9972218963443805,-0.45858106102098667,-0.43523718114689447,0.13779670338148226,-0.006483583830920788,-0.22442838105328614,0.20408600368746888,1.3761577300167425,2.2071028621673308,-0.2706868924065547,-0.26266541144798095,-0.16723072047437057,0.8232645948170885,-0.0030319816367210535,0.05239147715637729,-0.02129149391286623,-0.015458687854199168,0.0005071816924423291,0.03194238461355072,0.07461172266009539,0.0414544105106783,-0.03472219899059018,0.0010693687483473793,0.0010693561985559367,0.0010679669250206185,0.0008643626116151779,0.0008638260071179219,0.0008982769950535207,0.003997308899345891,0.003997287811945975,0.003991057107028687,0.008726646259971648,0.008726646259971648,0.008726646259971648,-0.11680431316343325,0.19203523672448106,11.881212830566248,2.1063588737100054,1.1632758062028448,0.16760986574718093,-0.15713648312153355,0.7740924432381066,-0.17395730152729205,0.45543854127101363,0.491765531068148,-0.14592825799910242,-0.0032726433033734015,-0.006834949209340663,0.023264582896159514,-0.001418540952123735,0.05247398680151934,-0.0828384425035285
298.60327491760256,-0.25939276814460754,-0.1603957712650299,0.800000011920929,0.0,0.0,0.06156108155846596,0.0,0.0,0.0,0.0,0.0,0.0,-0.1058140917506618,-0.9525317200011526,1.0075118550139925,-0.39510086212343487,-0.32549145832995674,0.11398715046161892,-0.0049229531376533756,-0.22391387049363198,0.20751234309691863,1.3139865456658537,2.157483755917452,-0.24618939458341083,-0.26347365542879175,-0.1673119987438784,0.8250201634943896,-3.7920481431777246e-05,0.05526080545624445,-0.02331700370778599,-0.016145631964693277,-0.0036781438243199036,0.037772600881282134,0.04724035192588805,0.08505864070734545,-0.044180747035033587,0.001068685365882477,0.0010686754846103393,0.001067286713393715,0.0008644656290092164,0.000863932855256242,0.0008980767570221877,0.00399157085303222,0.003991523999574566,0.003985347390881137,0.008726646259971648,0.008726646259971648,0.008726646259971648,-0.11642603423456124,0.20151519401707074,11.856788290510481,2.5798629599873637,0.3002479410373053,0.2024900119296933,-0.15765956367812994,0.7852197212572742,-0.18249169151960298,0.3949814753701096,0.3846542229339512,-0.12602751472465443,-0.004080887284184209,-0.006916227478848486,0.025020151573460603,0.001663247892167807,0.0552511273630006,-0.0848624140439753
298.6532749176025,-0.25939276814460754,-0.1603957712650299,0.800000011920929,0.0,0.0,0.06156108155846596,0.0,0.0,0.0,0.0,0.0,0.0,-0.10602075079155154,-0.963702700815217,1.0179425999789955,-0.3337501293735865,-0.2194327255477598,0.09166743775336146,-0.0033434084979441546,-0.22292536206934938,0.20971745550357723,1.2754905656288822,2.0647132564093913,-0.21994788945117077,-0.2642203565081891,-0.16756786634105922,0.826998833018125,0.0013520392300058238,0.06077490298566331,-0.025611888671928283,-0.013390700383224164,-0.006215253226041538,0.041076031163462735,0.012764141650808537,0.13685343197421462,-0.043089842973231283,0.0010679594858261834,0.001067952596540107,0.001066561680956546,0.0008645800844717125,0.0008640422065925945,0.0008978420764254624,0.003984495599577863,0.003984403945740226,0.003978311170422518,0.008726646259971648,0.008726646259971648,0.008726646259971648,-0.1279754597020155,0.20755774662844545,11.841847762326633,3.1849068120666173,-0.6920965285812551,0.2159471712983435,-0.15819960571663755,0.7961348344741578,-0.19094376696087045,0.33538935487354116,0.28386943101997647,-0.107037313329252,-0.0048275883635815475,-0.007172095076029311,0.02699882109719609,0.003222719948234737,0.060722068576993776,-0.08715400564849941
298.7032749176025,-0.25939276814460754,-0.1603957712650299,0.800000011920929,0.0,0.0,0.06156108155846596,0.0,0.0,0.0,0.0,0.0,0.0,-0.10616286938229033,-0.9748167030173157,1.0284649249041136,-0.27311151779273074,-0.11926795712744807,0.07145796730255971,-0.0023413351316059813,-0.22163472601449685,0.21117554150104578,1.2672467781958363,1.922325533420286,-0.19303352635046822,-0.26477574171589174,-0.16791309264264045,0.8290911523874492,0.0015621364198608093,0.06842834112943535,-0.027833570831638375,-0.00850306648043588,-0.0073299224961030284,0.04223685393390381,0.003040367569517477,0.16837470404555674,-0.050946610523394435,0.0010666410414212812,0.0010666361621582221,0.0010652387382160595,0.0008647105010227725,0.0008641593688016756,0.0008975784026916972,0.003974452502474254,0.003974320099206654,0.003968357002398984,0.008726646259971648,0.008726646259971648,0.008726646259971648,-0.14459928280335974,0.20596794242266794,11.836770362230073,3.367848843474378,-1.3392191249840906,0.25228210746955293,-0.1586128723336014,0.8069036103746753,-0.19937377251666433,0.2755651265552454,0.1910190412705091,-0.0898689365655584,-0.0053829735712842,-0.007517321377610547,0.029091140466520282,0.0036684280838828616,0.0683684058303247,-0.08937060919948679
298.75327491760254,-0.25939276814460754,-0.1603957712650299,0.800000011920929,0.0,0.0,0.06156108155846596,0.0,0.0,0.0,0.0,0.0,0.0,-0.10627566408358889,-0.9858681606719291,1.0390538073789841,-0.21217169916417242,-0.02700511211326282,0.05364178329777049,-0.0021704529203352097,-0.22042358016993321,0.21237975749368626,1.2681500923331805,1.7475816806110316,-0.16430241644120477,-0.2650403833047061,-0.16829658002848027,0.8311782444652874,0.001515889398518242,0.0774504290889029,-0.03022865255143527,-0.0018230112010701432,-0.008014455440974925,0.040785001732951,0.002308339895431023,0.20321877257597176,-0.04756159465250354,0.0010661277367866992,0.0010661227398468115,0.0010647256723689675,0.0008648475987804514,0.0008642772733853471,0.0008972760397235265,0.003968569647382932,0.003968418013916262,0.003962542235313214,0.008726646259971648,0.008726646259971648,0.008726646259971648,-0.16271755387699266,0.20443452852553431,11.843111261802163,3.331238565339447,-2.068219102022417,0.2696734551079578,-0.15876471922111718,0.8175715806434488,-0.2078755629136967,0.21530055509555643,0.1073280943402154,-0.07554636706049221,-0.00564761516009854,-0.007900808763450368,0.031178232544358475,0.003899981355345369,0.07739130611659009,-0.0917589359527157
298.80327491760255,-0.25939276814460754,-0.1603957712650299,0.800000011920929,0.0,0.0,0.06156108155846596,0.0,0.0,0.0,0.0,0.0,0.0,-0.10640256251316596,-0.9968609778016856,1.049710826777952,-0.1507520198185802,0.05561795352629062,0.03824363187845264,-0.0029054842627462903,-0.21928910502022628,0.2139010184649313,1.2672228925637778,1.5363878289498525,-0.1347017391500209,-0.26494426424345574,-0.1687168715682835,0.8331223464126503,0.002226328172978703,0.08776456126242321,-0.03261051041071921,0.005468699659121822,-0.008893860164930123,0.03672082017949249,0.02528125432141876,0.1917436301789045,-0.04917709923210111,0.0010661712482925715,0.001066163573560002,0.0010647732833311966,0.0008650229624508391,0.0008644251367311365,0.0008969643735526075,0.0039659518592870405,0.003965821039314148,0.00395997634323494,0.008726646259971648,0.008726646259971648,0.008726646259971648,-0.1810274390433796,0.20204302295460064,11.858747284070882,2.948923909652752,-1.9717396391178712,0.2831916427068884,-0.15854170173028978,0.8281441062334021,-0.21658848036530176,0.1554053192787742,0.034393638251648734,-0.06405709683613053,-0.0055514960988481965,-0.008321100303253587,0.033122334491721306,0.004927889835716713,0.08768297903239873,-0.09413203269716632
298.85327491760256,-0.25939276814460754,-0.1603957712650299,0.800000011920929,0.0,0.0,0.06156108155846596,0.0,0.0,0.0,0.0,0.0,0.0,-0.10658909986632158,-1.0078000605559205,1.0604634542533182,-0.08941412813980675,0.12776319232388808,0.025088469356414737,-0.004556009863476925,-0.21827420514906604,0.21620408054961243,1.2471799600100362,1.3300179504339018,-0.10442515247889034,-0.2645288246182748,-0.16920286256244665,0.8348536494995531,0.0036009374527262426,0.09663245635965372,-0.034846931840414784,0.010912783272085455,-0.010858977248072683,0.032758382324050234,0.03611691705438806,0.16011030487485972,-0.04051961845493483,0.0010664173361768768,0.0010664052706600394,0.0010650255066205316,0.0008652179291835737,0.000864598846888375,0.0008966527000516516,0.0039653350117531665,0.003965256450557352,0.003959383112581709,0.008726646259971648,0.008726646259971648,0.008726646259971648,-0.18948468465027968,0.2115447631252808,11.872567231953788,2.7429196553659314,-1.5298233471269602,0.28750664675749793,-0.15793972475195323,0.8385971979934739,-0.22560980475376513,0.09627753419752987,-0.029678868438435334,-0.055239258462356465,-0.005136056473667272,-0.008807091297416747,0.03485363757862414,0.006575374475899525,0.09650834435758174,-0.09636001815451416
298.9032749176025,-0.25939276814460754,-0.1603957712650299,0.800000011920929,0.0,0.0,0.06156108155846596,0.0,0.0,0.0,0.0,0.0,0.0,-0.106868735056522,-1.0186765211413717,1.0713485097677595,-0.02895161990799941,0.19005663895644867,0.013923222446180631,-0.006629397744550304,-0.21678421826937339,0.21919814002843566,1.2168368147419855,1.1457438865177112,-0.07393281560526392,-0.2638995396312187,-0.16980657270727542,0.8363941464100825,0.005455109795433809,0.10364101989633125,-0.036802380099130116,0.01363091520324144,-0.013214542291546647,0.02860589453218641,0.031018439709943064,0.10863354057592912,-0.036593409306598865,0.0010664788696678007,0.001066462416769651,0.0010650935838253136,0.0008654140974442502,0.000864783540037605,0.0008963334069298474,0.00396521744602353,0.0039651966699948814,0.003959264268698583,0.008726646259971648,0.008726646259971648,0.008726646259971648,-0.187636754853131,0.21991350539683652,11.888056804580028,2.8284015320950155,-0.6861656820007335,0.30746019678159475,-0.1570308045746967,0.8488699484340964,-0.23495436335767705,0.038518191760834285,-0.08591344937538772,-0.048501832881689584,-0.004506771486611161,-0.009410801442245514,0.03639413448915352,0.008645145116287261,0.10345990121154423,-0.09830817365407432
298.9532749176025,-0.25939276814460754,-0.1603957712650299,0.800000011920929,0.0,0.0,0.06156108155846596,0.0,0.0,0.0,0.0,0.0,0.0,-0.10724972972853006,-1.0294680214550112,1.0824026302219374,0.030438575628493524,0.24407016412690172,0.004520834732175385,-0.008610389135768585,-0.21487579427610115,0.22296667813857446,1.1907677633103555,1.003652705857632,-0.04244280123039777,-0.2632399380434902,-0.17052198036766913,0.8376876453908438,0.006930248930573423,0.10746112760675258,-0.0385167076049012,0.012183297558775799,-0.015346826609211177,0.02313573824703074,0.0270919916116679,0.03912230207189083,-0.029219425706637728,0.0010664168834701334,0.001066397736653549,0.001065037444916352,0.0008656104026837858,0.0008649871270038886,0.0008960278054427797,0.0039658985352926356,0.003965912502131835,0.00395991859857702,0.008726646259971648,0.008726646259971648,0.008726646259971648,-0.17239573200023567,0.2304076840128191,11.903358973077045,2.8772497003405904,0.48398033532864,0.30426861260031846,-0.15599020831496016,0.858946041087342,-0.24471498483109355,-0.018526209566620842,-0.13718649480912432,-0.04353246992598358,-0.003847169898882674,-0.010126209102639228,0.03768763346991488,0.010237793910767195,0.10723505198045286,-0.10001826643495952
299.00327491760254,-0.25939276814460754,-0.1603957712650299,0.800000011920929,0.0,0.0,0.06156108155846596,0.0,0.0,0.0,0.0,0.0,0.0,-0.10771072269153292,-1.0401509828457167,1.0936643052922432,0.08890218741792834,0.29228589265916405,-0.0032789128828934508,-0.009829329384341926,-0.21244266135202966,0.22750032467356432,1.167141120291005,0.920068826064035,-0.011112366064595473,-0.26271738672632977,-0.17133151544380268,0.8387181545951732,0.007886192429828616,0.1089278190241867,-0.03985723546778097,0.008510216579134932,-0.01678167920265963,0.01824190748436186,0.008592769161191048,0.00939513000348709,-0.021860257539050302,0.0010658037244641438,0.001065784397400846,0.0010644254013627077,0.0008658100065836823,0.0008652070928439654,0.0008957347362598255,0.0039654836573736665,0.00396550620781044,0.003959504211108064,0.008726646259971648,0.008726646259971648,0.008726646259971648,-0.14970250211793937,0.23640406607583964,11.918116965276605,3.2139937361414916,1.0015670466282067,0.3023477209696055,-0.15500666403479685,0.8688194674019141,-0.25494615069707005,-0.07512596076614565,-0.18513091057134434,-0.03985217015612632,-0.0033246185817222274,-0.010935744178772772,0.03871814267424423,0.011238856058190704,0.10867288698874952,-0.10135709152988348
299.05327491760255,-0.25939276814460754,-0.1603957712650299,0.800000011920929,0.0,0.0,0.06156108155846596,0.0,0.0,0.0,0.0,0.0,0.0,-0.10820429612961158,-1.05070479211264,1.1051711101795483,0.14692537666184438,0.3367745074861527,-0.009591406631236055,-0.009913608138800194,-0.2097097093248071,0.23277187081853232,1.1603516790617032,0.862364281835422,0.02012202451967116,-0.26240289938587597,-0.1721874124146221,0.839521561878365,0.008023898784199308,0.10845558314788321,-0.04088597203748742,0.003939401747262658,-0.01735982113345038,0.014297767844866388,-0.001251890565507908,-0.03295555987755144,-0.01927400407940652,0.0010662086337833352,0.0010661916074193127,0.0010648358363649828,0.0008660375934694123,0.0008654647496951338,0.0008954738394385616,0.0039706112654969,0.003970623801131256,0.003964593245956543,0.008726646259971648,0.008726646259971648,0.008726646259971648,-0.12885454591962078,0.24011352185913756,11.927141678799389,3.379676268215808,1.7558655090420467,0.31459502110541393,-0.1541986032562644,0.8785173796980179,-0.26564954830118326,-0.13204151235577735,-0.23139174276073754,-0.03734138329884987,-0.003010131241268421,-0.011791641149592191,0.039521549957436064,0.011362068415830349,0.10819703555865783,-0.10238634343642569
299.10327491760256,-0.25939276814460754,-0.1603957712650299,0.800000011920929,0.0,0.0,0.06156108155846596,0.0,0.0,0.0,0.0,0.0,0.0,-0.10867602356016524,-1.0611173169584731,1.1169527732660054,0.205161170258613,0.3790791593212568,-0.014477803380865826,-0.008955489083342295,-0.20679128450841958,0.23849465263963962,1.1618463644361192,0.8423746607275097,0.05196878011072835,-0.2623523626921708,-0.17306607180274924,0.8401908399544558,0.008016434905490082,0.10603178514981731,-0.04200566805708354,-0.002196657233580722,-0.017681828314941916,0.0131029713480463,0.003930751524824853,-0.0691253351692881,-0.02286117057056371,0.0010672472228149404,0.0010672342078127575,0.001065881744265914,0.00086628651962573,0.0008657524518474929,0.0008952397032191491,0.003979164973270601,0.003979154380863577,0.003973097095254526,0.008726646259971648,0.008726646259971648,0.008726646259971648,-0.11055663949501261,0.24124131715494826,11.923894011348475,3.285260735641834,2.4409326724608365,0.3201072519065098,-0.15367633913200557,0.8880512451557239,-0.27676193331154963,-0.18917944887869112,-0.27754769897255105,-0.03611954346024403,-0.0029595945475632823,-0.012670300537719337,0.040190828033526804,0.011280048735655223,0.10577433296154713,-0.10350870869320855
299.1532749176025,-0.25939276814460754,-0.1603957712650299,0.800000011920929,0.0,0.0,0.06156108155846596,0.0,0.0,0.0,0.0,0.0,0.0,-0.10907697265491482,-1.0713825108193553,1.1290165158591903,0.2637504041138159,0.4209445649749205,-0.01780288065042749,-0.00708247470665591,-0.2038164699272449,0.24405505108819486,1.1586202731818391,0.8566383977905284,0.08409114724180389,-0.26264228750924673,-0.17394879512371308,0.8408660477983767,0.008398520651408807,0.10193661223940957,-0.04307348936975688,-0.00939817649971131,-0.017572439498797027,0.014161041665178368,0.01773366561364973,-0.09260147696091077,-0.017073609131758125,0.0010677549926325803,0.0010677464210443295,0.0010663915709441941,0.0008665750879463869,0.0008660848937114197,0.000895047445183915,0.003986088688942377,0.003986055972902096,0.0039800039722051855,0.008726646259971648,0.008726646259971648,0.008726646259971648,-0.0958582872792946,0.24481936849699604,11.908774030226212,3.0319182750172637,2.9076323623722917,0.32937224527853876,-0.1535653148543319,0.8974337156956422,-0.28815046806081357,-0.24614954326011837,-0.3250386381556323,-0.03593537485364625,-0.0032495193646391862,-0.013553023858683177,0.04086603587744775,0.011536080602683138,0.10166836578355307,-0.1045808698940657
299.2032749176025,-0.25939276814460754,-0.1603957712650299,0.800000011920929,0.0,0.0,0.06156108155846596,0.0,0.0,0.0,0.0,0.0,0.0,-0.10936589809056083,-1.0814944913870128,1.141339378398414,0.32232845440918656,0.46375278864753533,-0.019270484035863285,-0.004474542719181327,-0.2006627527789644,0.2488594504806431,1.1427270588963239,0.8942371193491414,0.11667676404151749,-0.2632859670186789,-0.17483028163816955,0.8416286826642863,0.009346931944771295,0.0974573032228057,-0.043842993268183195,-0.016415597820838946,-0.017740430440225146,0.0165369199213211,0.020290187461824368,-0.08830682343552358,-0.01134950900095492,0.0010673713255324247,0.0010673664901409705,0.0010660029495803847,0.000866875286817037,0.000866426541556204,0.0008948546706625741,0.0039890728941148175,0.00398902965502384,0.003983027912265421,0.008726646259971648,0.008726646259971648,0.008726646259971648,-0.08388221987221695,0.246800504077783,11.888486981383958,2.9559708486886835,2.8659532431217283,0.3292859035166721,-0.15392006892811808,0.9066642097488433,-0.2997106957341278,-0.30244997541061946,-0.37389440759677894,-0.036805775367721144,-0.0038931988740713575,-0.014434510373139642,0.0416286707433573,0.01234654466640975,0.09716066729984597,-0.10535487249221709
299.25327491760254,-0.25939276814460754,-0.1603957712650299,0.800000011920929,0.0,0.0,0.06156108155846596,0.0,0.0,0.0,0.0,0.0,0.0,-0.10950945684257421,-1.0914463096777802,1.1538771020962073,0.380546177464466,0.5079795986415284,-0.018638089774776326,-0.0012678073613527257,-0.19740997885164452,0.25264949743097836,1.1230364732943787,0.9297518849452258,0.14925806375313774,-0.26429359161470295,-0.1757154313509074,0.8425454157776812,0.010380951132521011,0.09338713363125396,-0.04450966884302352,-0.023785471148769072,-0.017459521024988173,0.02023969818547399,0.02046333848933353,-0.08341218892926676,-0.01046659540503128,0.0010681422176092679,0.0010681397045967148,0.0010667758009085206,0.0008672242686437397,0.0008668108610274955,0.0008946893874447264,0.003996370451944855,0.0039963320819499685,0.003990309636627445,0.008726646259971648,0.008726646259971648,0.008726646259971648,-0.07372089318082733,0.25347138074303593,11.856547935805247,2.9564314037248787,2.8322646232158792,0.31827528452443504,-0.15478413477212874,0.9157308783268728,-0.31133168631852615,-0.35816634585739304,-0.4238055400234986,-0.03934235486815598,-0.004900823470095406,-0.015319660085877485,0.042545403856752206,0.013255204992602796,0.0930593521141442,-0.10602543093785056
299.30327491760255,-0.25939276814460754,-0.1603957712650299,0.800000011920929,0.0,0.0,0.06156108155846596,0.0,0.0,0.0,0.0,0.0,0.0,-0.1094799771683319,-1.10122715067635,1.1665644043345442,0.4383482376471116,0.5534831332171536,-0.015836247426914737,0.002446994331045472,-0.19382366109106194,0.2548425921023778,1.1033689154442434,0.9635822195460173,0.18128883251514605,-0.2656352831896884,-0.17656419950965382,0.8436452187718206,0.011013266745463988,0.08993187058207824,-0.04498882513318288,-0.029358033884062617,-0.016309072771403373,0.023708536803610927,0.009639688857348233,-0.048131672144068674,-0.0060116529165381155,0.0010682187659864706,0.0010682169222506932,0.0010668501161102762,0.0008676338974272119,0.0008672491325601313,0.0008945653541831092,0.004000167370660898,0.004000143087254902,0.003994105579811104,0.008726646259971648,0.008726646259971648,0.008726646259971648,-0.06524426428849646,0.25569886222450267,11.830317783010107,3.1434898411479453,2.184718109872959,0.3259747571852352,-0.15615530602135647,0.9246629511666962,-0.3229191855627236,-0.4137566836015826,-0.4744111420211782,-0.04373964443777269,-0.006242515045080832,-0.016168428244623917,0.04364520685089168,0.013781120035345679,0.0895851448381813,-0.1065077694344025
299.35327491760256,-0.25939276814460754,-0.1603957712650299,0.800000011920929,0.0,0.0,0.06156108155846596,0.0,0.0,0.0,0.0,0.0,0.0,-0.1092541616233542,-1.110825891435039,1.179328573615457,0.4959805112713357,0.5993743110233486,-0.011043488392791477,0.006585627468060309,-0.190125969256406,0.2557241791340199,1.0930542794652636,0.9650352284796554,0.21370457491019443,-0.2671746090005236,-0.17734268863737504,0.8449215713319618,0.011355003243167194,0.08879429982188507,-0.04497025428876584,-0.03181241365537368,-0.014869085625754916,0.027300736053647884,0.0071610400706692365,-0.0017193559321641478,0.007569484963347885,0.0010688218570685721,0.0010688194615770742,0.0010674538359281857,0.0008680990349494703,0.0008677296704123272,0.0008944648625310481,0.004004700937674026,0.004004687264842823,0.003998607727278089,0.008726646259971648,0.008726646259971648,0.008726646259971648,-0.06579144228485227,0.2497285213793784,11.80618913640598,3.1840036876028703,1.4006545707140805,0.307095745132734,-0.15792044737716937,0.9334832027976641,-0.3344070022834953,-0.46945093411439537,-0.5230731286089484,-0.05001079395847949,-0.007781840855916045,-0.016946917372345133,0.04492155941103282,0.014087803002121306,0.08843714130981509,-0.10649020310899583
299.4032749176025,-0.25939276814460754,-0.1603957712650299,0.800000011920929,0.0,0.0,0.06156108155846596,0.0,0.0,0.0,0.0,0.0,0.0,-0.10882209839402178,-1.1202472105280408,1.1921066614396825,0.5537021963224887,0.6438502551129817,-0.0047580056719218,0.010696901705252677,-0.18672679446401022,0.2553993338354557,1.0847653358090399,0.9272850604553836,0.24517636670258175,-0.26878520280169454,-0.1780437053844417,0.8463886793470838,0.011752297958297188,0.08939214038938102,-0.044680688076410936,-0.03234430301143198,-0.013134938681381098,0.03147079785539546,0.006214943768283454,0.024696209428944096,0.008587193049707467,0.001068742906928832,0.0010687391170882698,0.001067370993051133,0.0008686210985223173,0.0008682572710850669,0.0008943995420537991,0.004004981045841971,0.00400497101117345,0.003998890426746497,0.008726646259971648,0.008726646259971648,0.008726646259971648,-0.06927241966285368,0.24746702094883255,11.780208430072634,3.1970508748156106,0.9170527329738317,0.298604679101388,-0.15996310440767275,0.9422035051435991,-0.34571798209259863,-0.5251707076124261,-0.568602696808529,-0.0578590712918862,-0.009392434657087001,-0.01764793411941179,0.046388667426154884,0.014503448406121772,0.08902256680745801,-0.10620004298004289
299.4532749176025,-0.25939276814460754,-0.1603957712650299,0.800000011920929,0.0,0.0,0.06156108155846596,0.0,0.0,0.0,0.0,0.0,0.0,-0.10818882267455157,-1.1295013977569717,1.2048360311160775,0.6115553509513775,0.685320035734747,0.002506644573898542,0.014634127073549608,-0.18344069469313787,0.25377545322022355,1.0771287515134438,0.865354800544051,0.27622360519343747,-0.2703570479102182,-0.17864952512245705,0.8480742255993856,0.012223685780941147,0.09110617484695048,-0.04410464256989207,-0.0302384083049129,-0.010986340004896605,0.035971584738912,0.010173990716359547,0.04765363183431836,0.015720816567758793,0.00106897651067818,0.0010689707924323069,0.0010676029276793437,0.0008692141454696478,0.0008688490302913341,0.0008943913367537303,0.00400524158712186,0.004005228186641913,0.003999137144885851,0.008726646259971648,0.008726646259971648,0.008726646259971648,-0.07763591300553581,0.24563732634774954,11.754245267290234,3.118413136219258,0.4773763737380041,0.2973053921264317,-0.16216822523566662,0.9508518726345146,-0.3567618055166919,-0.5810072662515438,-0.6100079845594304,-0.06673842370958957,-0.010964279765610652,-0.01825375385742714,0.048074213678456656,0.015027521908991528,0.09072167138216122,-0.1056223513650059
299.50327491760254,-0.25939276814460754,-0.1603957712650299,0.800000011920929,0.0,0.0,0.06156108155846596,0.0,0.0,0.0,0.0,0.0,0.0,-0.10736914005334484,-1.13859356711561,1.2174517528082327,0.6694539530213277,0.7226106711090949,0.010337947667651136,0.018153177774712335,-0.1802460796523197,0.2508534144658711,1.0655602802880293,0.781440722670922,0.30720587933554533,-0.27179698706762967,-0.1791498286314081,0.8499833432408744,0.013012746933142905,0.09322063598688358,-0.04330142654325905,-0.027284674116532466,-0.009216898388168877,0.040250995880004366,0.01742123806917687,0.03876975675801028,0.015927438587894877,0.0010684433287197407,0.0010684352498155755,0.0010670641580483404,0.0008698648762160632,0.0008694949817996479,0.0008944384262370872,0.004001179114141946,0.004001163874889763,0.003995106086905807,0.008726646259971648,0.008726646259971648,0.008726646259971648,-0.08518764808874184,0.24274074658733724,11.73057593278838,2.977651752722314,0.6086885964038813,0.29747664831515847,-0.1644278470142848,0.9594437384842018,-0.36746840956735827,-0.6366916466283606,-0.6468099913242641,-0.07608307967717719,-0.012404218923022126,-0.018754057366378196,0.04998333131994548,0.01588154580016449,0.09281126689729632,-0.10481703248713405
299.55327491760255,-0.25939276814460754,-0.1603957712650299,0.800000011920929,0.0,0.0,0.06156108155846596,0.0,0.0,0.0,0.0,0.0,0.0,-0.10638294456593395,-1.147529626446908,1.229891785894543,0.7271524201687614,0.7552864540591318,0.01859047122391107,0.021294641721714677,-0.1771962935995222,0.24674790898642573,1.046953739887766,0.7040922559310884,0.3381967162870895,-0.27308061454307786,-0.17958495465914642,0.8520721682424164,0.013899054949299569,0.09468771697915963,-0.04268815657752518,-0.024204844186405245,-0.00827112356455218,0.042922837706408604,0.023206970000955243,0.02530139914021468,0.008954086233546208,0.0010677989007491459,0.001067788223288967,0.0010664149182904304,0.0008705898772067747,0.0008702167198852305,0.0008945699748453387,0.003996054495163799,0.003996042102184197,0.0039900176297872,0.008726646259971648,0.008726646259971648,0.008726646259971648,-0.088944547262328,0.2420069173084276,11.713807735176621,2.862228016236945,0.8299456541155047,0.31300163190994845,-0.16669766997714391,0.9679446717877616,-0.3778196176521267,-0.6921162416623432,-0.6797138713702795,-0.08586230825793123,-0.013687846398470316,-0.019189183394116516,0.05207215632148743,0.01681288533694763,0.09425062638136536,-0.10420222501624582
299.60327491760256,-0.25939276814460754,-0.1603957712650299,0.800000011920929,0.0,0.0,0.06156108155846596,0.0,0.0,0.0,0.0,0.0,0.0,-0.10524437200513988,-1.1563141137621646,1.2421055834598662,0.7843946772467545,0.7836928952316097,0.027441096363625923,0.024248260710037668,-0.17418319901067014,0.2418039936263922,1.0225760126632328,0.6378066420768385,0.36996380241837346,-0.27422273907255107,-0.17999049094975364,0.8542327173346683,0.015386834511224527,0.09530479490267874,-0.04225435523971686,-0.021521329761684294,-0.008096393301849587,0.043026663866493606,0.040454993419175425,0.013186733769024147,0.007093463619771574,0.0010673349530539587,0.0010673217777306466,0.0010659487943845852,0.0008713881931067497,0.0008710144164444409,0.0008947918998606704,0.00399177864927864,0.003991772920950758,0.003985774032513984,0.008726646259971648,0.008726646259971648,0.008726646259971648,-0.08673535404843533,0.2434805103803527,11.707286038243435,2.532618521523522,1.0369890958712928,0.32088952620370764,-0.1689783670674112,0.976323622812411,-0.3878728661251979,-0.7465671552395121,-0.7092351295132933,-0.09589438879518973,-0.014829970927943525,-0.019594719684723733,0.05423270541373937,0.01831947805805212,0.09482162859607984,-0.10376759825961913
299.6532749176025,-0.25939276814460754,-0.1603957712650299,0.800000011920929,0.0,0.0,0.06156108155846596,0.0,0.0,0.0,0.0,0.0,0.0,-0.10395535700341381,-1.1649461043566292,1.2540640331360078,0.8407055697184751,0.8082382843056198,0.03724017748001694,0.027312339359051835,-0.17109642476822534,0.2365339934197053,0.9817178107030713,0.5818732003104439,0.40212528326430885,-0.27523914527090804,-0.18040332026167047,0.8563432294276168,0.017489595709581026,0.09553349318770885,-0.04173129545459878,-0.019283154937593906,-0.008572123012918416,0.04129472019165636,0.05866362445802936,0.004688161653499412,0.018119309239982583,0.0010676335684395677,0.0010676184697412654,0.0010662507917342443,0.0008723043896736676,0.0008719304156126568,0.0008951457355978067,0.0039912056759486185,0.0039912063401433984,0.00398518954826007,0.008726646259971648,0.008726646259971648,0.008726646259971648,-0.08090466851783158,0.24920996673036758,11.709018990703838,2.177718299093777,1.183253418522548,0.29726542851955434,-0.17128378826749424,0.9845427840949587,-0.397720803708391,-0.7996308889228819,-0.735221163398718,-0.10635788430545688,-0.015846377126300493,-0.020007548996640562,0.056343217506687804,0.020429016912444135,0.09498531098697657,-0.10324395969478317
299.7032749176025,-0.25939276814460754,-0.1603957712650299,0.800000011920929,0.0,0.0,0.06156108155846596,0.0,0.0,0.0,0.0,0.0,0.0,-0.1025058497123222,-1.1734165944185437,1.2657611489924039,0.8953024780064275,0.8292280423179565,0.04842103625229819,0.030667952284599738,-0.16772317770827622,0.23135064083603255,0.923114597621372,0.5332529746765501,0.43310555922607286,-0.27615417312017326,-0.1808570735636962,0.8583689259803017,0.020171081678643312,0.09522745223958427,-0.040798354293116866,-0.017442353864149936,-0.009637731970994412,0.03977727336615694,0.04979924493229865,-0.007827795936238328,0.0201921345422222,0.001068611679943834,0.0010685956835558572,0.0010672366552123749,0.0008733412060846626,0.0008729682360962489,0.0008956405952290177,0.003994148439572767,0.0039941509112288885,0.003988077631717545,0.008726646259971648,0.008726646259971648,0.008726646259971648,-0.07382504521341074,0.25638632359121116,11.706649902142937,2.3082800818400684,1.417405860716354,0.2890205771378988,-0.17364832340785108,0.9925595208548476,-0.4073922230121022,-0.850707661338346,-0.757937754926826,-0.11728099429599474,-0.01676140497556572,-0.0204613022986663,0.05836891405937272,0.02310069709884873,0.09459629297405646,-0.10231080014396403
299.75327491760254,-0.25939276814460754,-0.1603957712650299,0.800000011920929,0.0,0.0,0.06156108155846596,0.0,0.0,0.0,0.0,0.0,0.0,-0.10087971224582261,-1.1817094516813846,1.2771961358589152,0.9479369215511906,0.8470415197343754,0.061221753768746716,0.034377546375368766,-0.16399111280528483,0.22604883382431473,0.8710394736769889,0.49634037115234925,0.463673592618754,-0.27700506137479664,-0.18135473883358866,0.8603199315817093,0.022275385874719233,0.09387707981922594,-0.03986209621082754,-0.016835137058269743,-0.010222037089342622,0.03828684328719269,0.033503060077587604,-0.039022683637518596,0.01689378876587072,0.0010692297391009706,0.0010692141532609428,0.0010678587310175049,0.0008744881451160499,0.0008741189098272236,0.0008962787594650753,0.003995949782263944,0.003995945528605968,0.003989836295175495,0.008726646259971648,0.008726646259971648,0.008726646259971648,-0.06811727154514126,0.258651039932744,11.707849202195403,2.5755135340784068,1.9903988386961553,0.2986354302933081,-0.17612534912897404,1.000354712847796,-0.41687620427720595,-0.9005248205143819,-0.7784192081201704,-0.12946290139845754,-0.01761229323018909,-0.02095896756855875,0.06031991966078032,0.025163082172948742,0.09318083170707647,-0.10137539481618352
299.80327491760255,-0.25939276814460754,-0.1603957712650299,0.800000011920929,0.0,0.0,0.06156108155846596,0.0,0.0,0.0,0.0,0.0,0.0,-0.0990609603576992,-1.189812874803649,1.2883675314999063,0.999126369220018,0.8625978229343106,0.07587750319158752,0.03837252914955133,-0.16014581208521678,0.22080699181522023,0.8323260223445256,0.488077416527145,0.4947223686692057,-0.27785680978280214,-0.1818562509684688,0.8621921561948476,0.023024958977731613,0.09113535917762562,-0.039065718317717914,-0.017303687283497328,-0.009537138561231125,0.036442199765732174,-0.0008180079511476181,-0.06246140153449731,0.015295038172755383,0.0010691979135613267,0.0010691841275795512,0.0010678232751954659,0.0008757715648376088,0.0008754095097904318,0.0008970951071603057,0.00399487307333171,0.003994854900833865,0.003988745761077279,0.008726646259971648,0.008726646259971648,0.008726646259971648,-0.05553759735404896,0.2562102662295418,11.705517958712495,3.1778421712968963,2.436219533299129,0.2963162727442442,-0.17879584942510296,1.00795662383518,-0.4261753753050588,-0.950299645540461,-0.7979944012437503,-0.1433905894759313,-0.018464041638194595,-0.021460479703438895,0.062192144273918615,0.02582805738375276,0.09041597031530942,-0.10058144694868563
299.85327491760256,-0.25939276814460754,-0.1603957712650299,0.800000011920929,0.0,0.0,0.06156108155846596,0.0,0.0,0.0,0.0,0.0,0.0,-0.09702673473812773,-1.197727083857039,1.2992739209860888,1.0499480659825098,0.8771114281840714,0.09256223805563982,0.04299649563328865,-0.15642255005030886,0.2154485876319803,0.8237290028729937,0.5021054966320945,0.5256551868422042,-0.27873940844843687,-0.1822736910678702,0.8639372315182564,0.022349276421017132,0.08769598971027648,-0.03822979118501043,-0.018056226068239555,-0.006904247051546443,0.03329709611931382,-0.022515642157547592,-0.07082723165376781,0.01814744188897165,0.0010688023957194123,0.0010687917158369528,0.0010674169202772171,0.000877218263269911,0.0008768639184479444,0.0008981135938338837,0.003991938802511693,0.003991903065849703,0.0039858047960700405,0.008726646259971648,0.008726646259971648,0.008726646259971648,-0.04383817119310064,0.25392095626955447,11.704609455716017,3.579574216259099,2.6287884577750535,0.29717486776636,-0.18171267371030914,1.015453392789169,-0.43533668946783244,-1.0011603763765222,-0.8171610039572185,-0.159432050414517,-0.01934664030382932,-0.02187791980284029,0.06393721959732745,0.025046458666308974,0.08699742731652717,-0.09974883494889676
299.9032749176025,-0.25939276814460754,-0.1603957712650299,0.800000011920929,0.0,0.0,0.06156108155846596,0.0,0.0,0.0,0.0,0.0,0.0,-0.0947466865116709,-1.205457991446125,1.3099112546343517,1.1016065568998978,0.8913904455335803,0.11117343482973552,0.048205433425067605,-0.15281375351340445,0.21004475829892263,0.8352185856495633,0.5257620229608155,0.5566309347662733,-0.2796704474507649,-0.18253761417649103,0.8655141284663305,0.02085514746722126,0.08388232074478547,-0.03743609207048913,-0.019281362911829643,-0.0035027305565164535,0.029883988718572535,-0.03980698739618533,-0.09232679421027008,0.012912465617052971,0.0010671328830311317,0.0010671263261903604,0.0010657238710501614,0.0008788141668238694,0.000878467471623103,0.0008993297955203085,0.003983971947676046,0.003983909521402848,0.003977925449647758,0.008726646259971648,0.008726646259971648,0.008726646259971648,-0.03338163509984661,0.2464505292903014,11.705474863447078,3.9046145695708505,3.0613912872060105,0.3038103319933523,-0.18492376093909402,1.022920377269634,-0.4443971261680212,-1.0536730484329646,-0.8364626352190491,-0.1774683732841567,-0.02027767930615737,-0.022141842911461124,0.06551411654540151,0.023435003537893538,0.08322987570370233,-0.09895882644807291
299.9532749176025,-0.25939276814460754,-0.1603957712650299,0.800000011920929,0.0,0.0,0.06156108155846596,0.0,0.0,0.0,0.0,0.0,0.0,-0.09219312072550574,-1.2130177972420984,1.3202794785756373,1.1549793336539373,0.9061850477510368,0.13179393255912925,0.053937198021515295,-0.14957847832545867,0.20468419935241186,0.8629601860917373,0.5710486907611162,0.5879384559017273,-0.28068191667904074,-0.1826026641216047,0.8669282674470393,0.018614467051972183,0.07880714921529178,-0.03656500663189516,-0.0211305770952105,0.0010629799874567287,0.026841921998089997,-0.05174891581730245,-0.11788307436070629,0.015366666776862973,0.0010664766532542979,0.0010664746582321463,0.0010650494488939214,0.0008806029990012125,0.0008802673632338399,0.0009007965225401422,0.003981530568956742,0.003981431263349119,0.003975547552664281,0.008726646259971648,0.008726646259971648,0.008726646259971648,-0.02543724515304465,0.23419022296543204,11.705933974913778,4.142537941769921,3.5752544164477746,0.2951983325736243,-0.18848879595353502,1.0304151331204936,-0.453351211128598,-1.1088471031459348,-0.857367363820456,-0.19696663457714156,-0.0212891485344332,-0.02220689285657479,0.06692825552611037,0.02103826020529258,0.0782239661839875,-0.09809243360264122
300.00327491760254,-0.25939276814460754,-0.1603957712650299,0.800000011920929,0.0,0.0,0.06156108155846596,0.0,0.0,0.0,0.0,0.0,0.0,-0.08934303622208463,-1.2204311646615804,1.3303802484589309,1.2107477831004148,0.922580192554994,0.15486769867435005,0.06006618211530317,-0.1469562184537565,0.1993465959792361,0.9025979551438675,0.6420285150235109,0.6188153770661948,-0.2817979548892252,-0.18241421725158855,0.8681923269634146,0.0160255336750779,0.07229841070701519,-0.03575612161456796,-0.0236860163560178,0.006490810195727841,0.023642864177869496,-0.050797163890570214,-0.15206342839140796,0.016057458177503477,0.0010667115171165312,0.0010667135679157565,0.0010652730810963684,0.0008826217072060564,0.0008823012128653927,0.0009025537995133162,0.003984189591104436,0.0039840474497572255,0.00397822376646736,0.008726646259971648,0.008726646259971648,0.008726646259971648,-0.016987765666953095,0.21842456254547662,11.706085488210846,4.154493260944096,4.2738787957251,0.300442493781586,-0.1924549186671406,1.0380169474099918,-0.46218792149551624,-1.1669992568786853,-0.8811416137598542,-0.21811450849940406,-0.022405186744617667,-0.022018445986558638,0.06819231504248568,0.018249203350369166,0.0717954691114137,-0.09728905746365943
300.05327491760255,-0.25939276814460754,-0.1603957712650299,0.800000011920929,0.0,0.0,0.06156108155846596,0.0,0.0,0.0,0.0,0.0,0.0,-0.08617594066461644,-1.2277331261630022,1.3402143275651868,1.269216882524673,0.9418782342874765,0.1812988374036436,0.06661764018339572,-0.1451222416030523,0.19401656827091374,0.9428334901547066,0.7479395582497799,0.6499545062910604,-0.2830713696326817,-0.1819499304845849,0.8692711247569982,0.014082493182888478,0.06449431877737699,-0.034918149259899854,-0.027469304731256094,0.01197820749427845,0.019274864120983174,-0.02392887284262432,-0.1717929331121714,0.02046745695145903,0.0010672389967403676,0.0010672432964247362,0.0010657920269524857,0.0008848958864605627,0.0008845943603552675,0.000904626209338923,0.003989642324951559,0.003989463807789386,0.003983659649019096,0.008726646259971648,0.008726646259971648,0.008726646259971648,-0.002817959614510405,0.20367862915217724,11.712354284212557,3.6838716166020857,4.7245525152783365,0.29612313644591204,-0.19689542896806528,1.0457831956784174,-0.4709432028081886,-1.2275867078332205,-0.9088423107105391,-0.2412073262118264,-0.023678601488074158,-0.021554159219555002,0.06927111283606924,0.016066093044468804,0.0640519548087273,-0.09645686502746
300.10327491760256,-0.25939276814460754,-0.1603957712650299,0.800000011920929,0.0,0.0,0.06156108155846596,0.0,0.0,0.0,0.0,0.0,0.0,-0.08266355994617798,-1.2349618212386304,1.3497897412810287,1.3298413203291348,0.9651144089075665,0.21246588703782118,0.07387758855411057,-0.1440255614220132,0.18899998036267698,0.9595379429484399,0.8763842874537158,0.6808776676491424,-0.28456675943596366,-0.18125836923649427,0.870089545807605,0.013624841901125073,0.05540288616124221,-0.03387681151981118,-0.03238005172209609,0.015353164548765464,0.013372228337166349,0.009225176565647518,-0.20139988620340377,0.022313451947767418,0.0010674362333300434,0.001067439751760597,0.0010659774188133077,0.0008874324856404191,0.0008871533787044434,0.0009070314460262036,0.003994521494624255,0.003994334055961883,0.003988549602197174,0.008726646259971648,0.008726646259971648,0.008726646259971648,0.011985764621945812,0.1978437298277967,11.72315234684091,3.0901950122365034,5.367843522725679,0.28505173180414844,-0.2019031994897857,1.0537034520021362,-0.4797001954734237,-1.2894668567898289,-0.9412970359241064,-0.2668890660356396,-0.025173991291356113,-0.020862597971464364,0.07008953388667605,0.01532853322000306,0.05497556140402793,-0.09542118721970538
300.1532749176025,-0.25939276814460754,-0.1603957712650299,0.800000011920929,0.0,0.0,0.06156108155846596,0.0,0.0,0.0,0.0,0.0,0.0,-0.07876967715391278,-1.242142975929354,1.3591278231797337,1.3913175162713958,0.9930519640273436,0.2501773503202616,0.08187772313663931,-0.1432206262071941,0.1845232955858631,0.946558565523902,1.0369935670298436,0.7112472587751014,-0.2862922693717508,-0.1804667588507583,0.8706253533386031,0.014633799938343262,0.04560264115946806,-0.03268856365579935,-0.036223023289378126,0.015972408392200908,0.008397750960655198,0.030404905401024966,-0.18317792992349263,0.03152888358706728,0.001068618284359688,0.0010686175824868062,0.0010671523999357395,0.0008902641942361756,0.0008900096191114605,0.0009098049342695605,0.004003589586980285,0.0040034346949321675,0.003997582894854439,0.008726646259971648,0.008726646259971648,0.008726646259971648,0.02200821826957116,0.19989732139419844,11.735978531168996,2.6972580681822325,5.16198180253454,0.2630580194722196,-0.207522592217838,1.0616762170785958,-0.48850246984113055,-1.351339776741939,-0.9787271991872547,-0.29718105276044715,-0.02689950122714324,-0.020070987585728395,0.07062534141767418,0.016035540972420954,0.04514537225002729,-0.09423787356005843
300.2032749176025,-0.25939276814460754,-0.1603957712650299,0.800000011920929,0.0,0.0,0.06156108155846596,0.0,0.0,0.0,0.0,0.0,0.0,-0.07446325956545685,-1.2492813168698869,1.3682581035700185,1.4523481584270874,1.0256989496708289,0.29575390999058687,0.09037898040155852,-0.142313011414054,0.1806879200254486,0.9139323408966314,1.1873097605965945,0.7405171642844983,-0.2881601462431754,-0.17967314811779717,0.8709537793014127,0.016387092624805248,0.03683186023643482,-0.030952592007255093,-0.03834786582789636,0.015614970914837448,0.004777980008568897,0.03468825214382542,-0.1636687894739031,0.043397777095631966,0.001070818300936097,0.0010708110132043377,0.0010693493695305464,0.0008934383187285761,0.000893207315826329,0.0009129892615033045,0.004016413733413835,0.004016321139177251,0.004010281059895393,0.008726646259971648,0.008726646259971648,0.008726646259971648,0.026791538807209435,0.20206861947638896,11.7459575150319,2.5962633660748233,4.91955796978808,0.22350544760413085,-0.21369688667771852,1.0696081687520897,-0.4973043242686058,-1.4124609401420682,-1.0193665305693949,-0.33455834875989315,-0.02876737809856783,-0.01927737685276726,0.07095376738048376,0.017518403249661217,0.0363215912139317,-0.09250533353804953
300.25327491760254,-0.25939276814460754,-0.1603957712650299,0.800000011920929,0.0,0.0,0.06156108155846596,0.0,0.0,0.0,0.0,0.0,0.0,-0.06972579996308281,-1.25637156294816,1.3772090889121111,1.5121242243833677,1.0622498580881181,0.3494581082709137,0.0991194036933597,-0.14129683171680435,0.1773514936581794,0.8762563811639892,1.32550476252602,0.7678094412004903,-0.2900761592777929,-0.17890410407838972,0.8711296006551947,0.01803595107342331,0.02995060360735615,-0.028593501462987617,-0.03778380849527931,0.0151217898608391,0.0023546607016149317,0.03740842495293331,-0.09968896290083941,0.057213484748694844,0.001071668670030825,0.0010716543411049368,0.0010701807766245416,0.0008969546297572511,0.0008967453887141129,0.000916597879745318,0.004021398316882967,0.004021374068415166,0.004015168559338584,0.008726646259971648,0.008726646259971648,0.008726646259971648,0.022855886955111388,0.20465074387278134,11.750507590801531,2.5269970088141265,3.852048318516025,0.18555732970684874,-0.2203503593147101,1.0774674588697704,-0.5060794882569164,-1.4726287434962513,-1.0616416156691935,-0.3804227807683543,-0.030683391133185356,-0.018508332813359812,0.07112958873426578,0.018954930876438795,0.02939029896148249,-0.09014831022718602
300.30327491760255,-0.25939276814460754,-0.1603957712650299,0.800000011920929,0.0,0.0,0.06156108155846596,0.0,0.0,0.0,0.0,0.0,0.0,-0.06455623876093373,-1.263407772386075,1.3859989405305524,1.5701994169670852,1.1011378089451274,0.41047001058309646,0.10766304439255593,-0.14015154579973504,0.17424257107939178,0.8351171035683114,1.4103242818918302,0.7932043122216178,-0.2919039115774847,-0.17818345201675595,0.871207586635833,0.019753228709654784,0.025574382268340502,-0.025535885337367746,-0.034961659569795564,0.013613065749918928,0.0010065891086306834,0.03105306276230886,-0.058515461834980805,0.0669301339044754,0.0010711413357223413,0.0010711215346772397,0.0010696160444743333,0.0009008390526144348,0.0009006496051173838,0.0009206703008507771,0.004017333425044143,0.004017363797521477,0.004011072698449199,0.008726646259971648,0.008726646259971648,0.008726646259971648,0.008009238696391818,0.20838004219762943,11.74889084061671,2.618893117890276,3.167497497207095,0.16196905255493485,-0.22734767281655094,1.085224320369319,-0.5147913538947194,-1.5310173608955906,-1.1034736403060845,-0.43449244575615864,-0.03251114343287714,-0.017787680751726043,0.07120757471490402,0.020536873596530177,0.02496155988899741,-0.08709160818452565
300.35327491760256,-0.25939276814460754,-0.1603957712650299,0.800000011920929,0.0,0.0,0.06156108155846596,0.0,0.0,0.0,0.0,0.0,0.0,-0.05897805383414817,-1.2703820559052306,1.3946313250823232,1.626434352487374,1.1404616884895398,0.47726912746165706,0.11546435267881601,-0.1388197949664233,0.1710528109913631,0.7985726314264421,1.4609162601921863,0.8174197693851493,-0.29353054265843176,-0.17752611407564362,0.871256487273428,0.02125283325582806,0.023595721241945963,-0.02190423173768954,-0.029969456875025422,0.01271359868757293,0.0010943203513691473,0.03288494676466763,-0.010148572685909083,0.08028142825289261,0.001070505740344676,0.0010704834731898726,0.0010689348418091375,0.0009051391937938223,0.0009049670781114444,0.0009252633741660639,0.0040099167182507936,0.004009974300586497,0.00400363704780465,0.008726646259971648,0.008726646259971648,0.008726646259971648,-0.005768352226336535,0.20786748836892424,11.743850327283889,2.5667942209199928,2.3232724841812944,0.11682044772503387,-0.2345524888242836,1.092855941829587,-0.5233748378088953,-1.5875250556583007,-1.1431956851053788,-0.4956979216818805,-0.034137774513824215,-0.017130342810613708,0.07125647535249902,0.021974879212243836,0.02293667254866943,-0.08346013842322596
300.4032749176025,-0.25939276814460754,-0.1603957712650299,0.800000011920929,0.0,0.0,0.06156108155846596,0.0,0.0,0.0,0.0,0.0,0.0,-0.0530270254817099,-1.2772903925749985,1.403097920988017,1.6807970044801117,1.1786181106967828,0.5483570238052565,0.12257678141893144,-0.1375136718245483,0.16761102523669724,0.7594232144361025,1.4692969878412332,0.8393777963071603,-0.2948880244248663,-0.17690395855482188,0.871323349683963,0.022682454862084082,0.023518460619366112,-0.017676654892505573,-0.02421328192073536,0.012210852116343675,0.001653018117702463,0.02604704975585052,0.011870616527583951,0.08812003327225483,0.0010690703084725748,0.001069049025043284,0.0010674441927910855,0.000909891440037299,0.000909733858612278,0.0009304236101946225,0.003997160020393769,0.003997221813744444,0.003990927637402293,0.008726646259971648,0.008726646259971648,0.008726646259971648,-0.019616002818744118,0.2032909973083156,11.738532664269732,2.6720427069390325,1.9302020269974687,0.08438718295266204,-0.24186099894315638,1.1003864340201766,-0.531774571304054,-1.6419538774695994,-1.1796304090924408,-0.5622950643409456,-0.035495256280258736,-0.016508187289791976,0.07132333776303401,0.023401323890933003,0.022814923272791367,-0.07923225809233993
300.4532749176025,-0.25939276814460754,-0.1603957712650299,0.800000011920929,0.0,0.0,0.06156108155846596,0.0,0.0,0.0,0.0,0.0,0.0,-0.046737685255499324,-1.2841391437015064,1.4113857805272192,1.7333504855829658,1.2143644951420143,0.6223636285389833,0.1289968276294344,-0.1364363732357023,0.16390335633131953,0.7255362217466717,1.458024192631094,0.8597141599905772,-0.295929050174221,-0.1763110666687162,0.8714239982481626,0.024168495189613937,0.024346528183370554,-0.013130193885865577,-0.017121704458198408,0.011541182587468656,0.0025132132063562865,0.027215640135263425,0.02503905649721559,0.09130758142134983,0.0010680209587858437,0.0010680038168901498,0.001066343881122703,0.0009151469291615253,0.0009150015792691624,0.0009362101341572877,0.003985609791605534,0.003985654575958858,0.003979455918798251,0.008726646259971648,0.008726646259971648,0.008726646259971648,-0.033275137554823454,0.19493291880107685,11.730261542281873,2.6325031811832567,1.6864365664249696,0.04537934643823192,-0.24919136491872168,1.1078280770327902,-0.5399617822790566,-1.6943580994869218,-1.2125617231793606,-0.6323851610475696,-0.036536282029613454,-0.015915295403686303,0.07142398632723368,0.02491193912208125,0.023596508635374477,-0.07468523661054173
300.50327491760254,-0.25939276814460754,-0.1603957712650299,0.800000011920929,0.0,0.0,0.06156108155846596,0.0,0.0,0.0,0.0,0.0,0.0,-0.040144416637183634,-1.290944477496706,1.4194779177186678,1.7841912436456808,1.247060896386842,0.6984704043588248,0.13473391710313326,-0.13577697857221832,0.1597821313265488,0.6896722527694515,1.434563124392327,0.8781001318482723,-0.29658112031323886,-0.17575859476714553,0.8715820032443156,0.02577148594722004,0.026179765675390147,-0.008372588862228683,-0.00887378764737332,0.010540365079707632,0.004005101613382531,0.02762985332421532,0.04685898843308829,0.10062319435862088,0.0010673707064679872,0.001067359817504137,0.0010656531306492576,0.0009209621418106956,0.0009208262394466811,0.0009426805354473774,0.003975652810280751,0.003975668655853397,0.003969547182248159,0.008726646259971648,0.008726646259971648,0.008726646259971648,-0.04885752904815745,0.19082935137242457,11.720920663291274,2.6028706480019608,1.2718024923022535,-0.003446520711256004,-0.2564367036760552,1.1151858827295604,-0.5478959144743523,-1.7445253294046914,-1.2414417109232343,-0.7053213469279779,-0.03718835216863131,-0.015362823502115625,0.0715819913233866,0.02657031474814263,0.025379326766097877,-0.069926745714085
300.55327491760255,-0.25939276814460754,-0.1603957712650299,0.800000011920929,0.0,0.0,0.06156108155846596,0.0,0.0,0.0,0.0,0.0,0.0,-0.03328377153454961,-1.2977219710180172,1.4273523175611396,1.8333301089037652,1.27602549752971,0.7758217103043841,0.13969188700216523,-0.135322762280167,0.155193862372248,0.6523266571331663,1.3903703524474194,0.8940448103484924,-0.29679766858295825,-0.17525807279507763,0.8718373393500857,0.0272409601294324,0.02901747980660693,-0.0031015453534312173,0.0004989240973350237,0.009410411371994916,0.006281079245308821,0.019143688362028146,0.06718309370673245,0.10923931539976936,0.0010668126854038338,0.0010668087589265987,0.0010650689829447217,0.0009273815617472949,0.0009272511938603565,0.0009498843618330431,0.0039669763973831295,0.003966959835202993,0.003960911792398838,0.008726646259971648,0.008726646259971648,0.008726646259971648,-0.06520911133178678,0.19193738575477945,11.706979204421332,2.739620652261409,0.8774918834259884,-0.046615385879343094,-0.26351389704840866,1.1224638982229396,-0.5555149782110539,-1.7926452920195861,-1.265325361897417,-0.7803342909402162,-0.03740490043835071,-0.014862301530047722,0.07183732742915672,0.028125977320582175,0.0281702714121813,-0.06465449902026617
300.60327491760256,-0.25939276814460754,-0.1603957712650299,0.800000011920929,0.0,0.0,0.06156108155846596,0.0,0.0,0.0,0.0,0.0,0.0,-0.02619566741481848,-1.3044753686817478,1.4349798771323088,1.8810612580475452,1.300642132216738,0.8531659134788161,0.14383227778701554,-0.13481314426899796,0.14990852047444994,0.6218185617098549,1.326462050058694,0.9078310455903076,-0.29652175745343656,-0.174811310307018,0.8721995758978528,0.028497419453406135,0.03280981068988131,0.0026401659277391753,0.010432714306629627,0.008460343971737888,0.00779313671883757,0.02139230061578291,0.07077149566164531,0.1208417246560011,0.001066919799459289,0.0010669220120149564,0.0010651731687049408,0.0009344594324782592,0.0009343298997934973,0.0009578779647092064,0.003962640498097281,0.003962600826374466,0.003956550664232263,0.008726646259971648,0.008726646259971648,0.008726646259971648,-0.08758765068238725,0.1924614805428497,11.694585430752273,2.675538099879307,0.7711368781781538,-0.09418464152387132,-0.27032609003861807,1.12966405837473,-0.562780301234456,-1.838887559157637,-1.2836882432353762,-0.8563155632975034,-0.03712898930882902,-0.014415539041988085,0.07219956397692384,0.029497922565794244,0.03192184922390656,-0.058911225638722496
300.6532749176025,-0.25939276814460754,-0.1603957712650299,0.800000011920929,0.0,0.0,0.06156108155846596,0.0,0.0,0.0,0.0,0.0,0.0,-0.018928516930041397,-1.3112026303264275,1.4423276773914935,1.9276526373339993,1.3205886239971918,0.9295747884822367,0.14685374160433215,-0.134277321518426,0.1440034898932055,0.5881063386674762,1.2572359974076546,0.9192388180498829,-0.295770485322277,-0.1744252291975971,0.8725744602444961,0.030181725280456036,0.03584610791087445,0.00894962513846953,0.01943557964446074,0.007021677455496986,0.006938798561489108,0.02779720884670939,0.05350553424712925,0.13184344207713383,0.0010665049942024426,0.0010665115006211633,0.001064772677537337,0.000942230508430527,0.0009421011340884093,0.0009667019872627113,0.003957687135537378,0.003957638547734112,0.003951551121630798,0.008726646259971648,0.008726646259971648,0.008726646259971648,-0.10637499109128208,0.19351286365686943,11.694029953196466,2.5461762337252316,1.048629836549511,-0.15948984974693875,-0.2768419683922356,1.1367774011288303,-0.5697532171469973,-1.884091204107227,-1.2972619036806259,-0.9304238615739877,-0.036377717177669466,-0.014029457932567185,0.07257444832356719,0.031274118705613495,0.034904173153404196,-0.052600190128073876
300.7032749176025,-0.25939276814460754,-0.1603957712650299,0.800000011920929,0.0,0.0,0.06156108155846596,0.0,0.0,0.0,0.0,0.0,0.0,-0.011533777429901231,-1.3179017866046934,1.4493795317746794,1.9729406804898388,1.3358740848004764,1.005122432226943,0.14893583840120725,-0.13368892961215242,0.138070685434164,0.5479260223173539,1.2018845926751074,0.9273813300983171,-0.294586872683098,-0.17411264897348877,0.8728792388569819,0.0318654149227915,0.03863895316389665,0.015751721046516565,0.02772387509724759,0.005545801162272432,0.00515884196389126,0.032601519074381226,0.04989180770860486,0.14001011838905844,0.001066039962185199,0.0010660485480231843,0.0010643436910734538,0.0009507495562327211,0.0009506186949976178,0.0009764143428315719,0.003954929430230849,0.003954884135060051,0.00394868943408474,0.008726646259971648,0.008726646259971648,0.008726646259971648,-0.12306383860290766,0.19118012812670213,11.700973368400426,2.4338061826867774,1.0820075678559997,-0.2143743479056235,-0.2830530952531968,1.1437891376312046,-0.5765002929176974,-1.9280565966918408,-1.3056890119429674,-1.00353621739011,-0.03519410453849048,-0.013716877708458863,0.07287922693605298,0.03304200736233968,0.03764287176021538,-0.04579649136176698
300.75327491760254,-0.25939276814460754,-0.1603957712650299,0.800000011920929,0.0,0.0,0.06156108155846596,0.0,0.0,0.0,0.0,0.0,0.0,-0.004055794149306828,-1.3245744392070582,1.456143425203918,2.0166371016442652,1.3465345609735206,1.0801173052744446,0.15018349282250087,-0.13321717448238724,0.13248505173532057,0.5021272034153075,1.148202074507885,0.9327796172388164,-0.29304259238291014,-0.1738747188075508,0.8730875360616311,0.03370601748678461,0.04062790803716474,0.023152959096445033,0.03353844285426079,0.004010712564710382,0.0030688554536220936,0.02848365316663664,0.01825361883455161,0.15688063932750462,0.001066248881475952,0.0010662574840752891,0.0010646144297300772,0.0009600804667500474,0.0009599483925920877,0.0009870721708210614,0.00395585194000668,0.0039558151965847395,0.003949357296553033,0.008726646259971648,0.008726646259971648,0.008726646259971648,-0.131303071911047,0.1889023755533911,11.711376945448674,2.488191477054463,1.631650947369388,-0.29209683153581667,-0.2889867982336033,1.1506997203995075,-0.5830558891422869,-1.9708404321662798,-1.3091749586197694,-1.0753044628381367,-0.033649824238302595,-0.01347894754252088,0.07308752414070219,0.03494176907945737,0.03957288475353118,-0.03839382576463852
300.80327491760255,-0.25939276814460754,-0.1603957712650299,0.800000011920929,0.0,0.0,0.06156108155846596,0.0,0.0,0.0,0.0,0.0,0.0,0.003474272810717092,-1.3312263512436515,1.4626410414195248,2.0584635680447905,1.3529251567841802,1.1551750034792059,0.15101918557838742,-0.13285930698128762,0.12741959688888965,0.45904764923164604,1.1220017253163381,0.9342917801978052,-0.2912645454831191,-0.1737072855765384,0.8732064643911506,0.034815980616250436,0.04172277105908892,0.031137770471203686,0.03750777362344803,0.0028856109178400312,0.0019200547438591915,0.005718576703788287,0.03103900725843719,0.16082935278828653,0.0010670773899367973,0.0010670845540341977,0.0010655259436401529,0.0009702749342811913,0.0009701411965588025,0.0009987407411454945,0.003962652128239474,0.003962625041203568,0.003955766584169326,0.008726646259971648,0.008726646259971648,0.008726646259971648,-0.13831709013619076,0.18979824068938833,11.716501178998849,2.8826533294395387,1.3901359184385198,-0.3489571986385477,-0.2947388182938362,1.157519065667113,-0.5894345770283742,-2.012875051515114,-1.3077829018169047,-1.1470392776069456,-0.03187177733851154,-0.013311514311508482,0.07320645247022162,0.036083468002454044,0.04063144612988271,-0.030408162228253963
300.85327491760256,-0.25939276814460754,-0.1603957712650299,0.800000011920929,0.0,0.0,0.06156108155846596,0.0,0.0,0.0,0.0,0.0,0.0,0.011037356885753915,-1.3378592500737698,1.4688917901847478,2.0986239128070165,1.355732725474446,1.2302806456757518,0.15150417742301672,-0.13245664622338815,0.12261035371996754,0.43569118766724285,1.0837256246782452,0.9329609248016568,-0.2893001494414577,-0.17356922842430408,0.8732976803609471,0.03473472790708328,0.04302068089784918,0.039173563947735114,0.04082823841386262,0.0027061371271793304,0.001497360868926569,-0.01237925077556529,0.01986493040288026,0.16063457647907434,0.0010676904592634572,0.0010676950790780998,0.0010662295501798053,0.0009813770059654903,0.0009812372716133323,0.0010114434587459404,0.003967787921672241,0.0039677739892650795,0.0039604120026663255,0.008726646259971648,0.008726646259971648,0.008726646259971648,-0.14448162968064573,0.19039281840860223,11.716635660129036,3.209384721227019,1.576103881460307,-0.39198356509086535,-0.3003375063272116,1.1642900216494658,-0.5955941098238007,-2.053471120801735,-1.3020274959815992,-1.2203451263306078,-0.029907381296850166,-0.013173457159274177,0.07329766844001817,0.03604071198123983,0.04192951061756551,-0.022371834088437265
300.9032749176025,-0.25939276814460754,-0.1603957712650299,0.800000011920929,0.0,0.0,0.06156108155846596,0.0,0.0,0.0,0.0,0.0,0.0,0.018616984878583015,-1.3444712726438368,1.4749022448929305,2.1377075054805657,1.3557628222186047,1.3047935993013877,0.151680942290423,-0.13202425657952846,0.11780783460756025,0.4286712956922254,1.0547479221912768,0.929478751082896,-0.2872020239662159,-0.1734150108423501,0.8733353567884155,0.03397422925038542,0.043757340823840855,0.04726148357126209,0.0429954423660766,0.003502477340303738,-0.0004111923207228578,-0.0202669880633759,0.011987159717468483,0.16029229282007157,0.0010694127340159494,0.0010694142208525804,0.0010680430637100681,0.000993453066976639,0.000993306437562718,0.0010252474286184747,0.003977228931337129,0.003977229414397319,0.003969194372754734,0.008726646259971648,0.008726646259971648,0.008726646259971648,-0.15196547051058004,0.18627316653728623,11.722040266538649,3.3591608177992893,1.70937849765456,-0.4430998682498247,-0.30581900884479896,1.1710562618014868,-0.6015668881045151,-2.0934635345877473,-1.293114522443138,-1.2935128181975983,-0.02780925582160837,-0.01301923957732018,0.0733353448674865,0.0353018116749212,0.042687422368003096,-0.014283855181972104
300.9532749176025,-0.25939276814460754,-0.1603957712650299,0.800000011920929,0.0,0.0,0.06156108155846596,0.0,0.0,0.0,0.0,0.0,0.0,0.02619609631375363,-1.3510668252965574,1.4806793294035117,2.175910597109436,1.3538223382516996,1.378827105945947,0.15148351511633268,-0.13179784952923412,0.11327554581562821,0.42914020854581514,1.0324339505139895,0.9234407622061827,-0.2850117752910272,-0.1732178375285901,0.8732413016889968,0.03303745105854949,0.04425878418139788,0.05530838138710935,0.04459690646077176,0.004281297925384985,-0.0032482898984036554,-0.012745708510113373,0.013824265258060063,0.16113717411032805,0.0010719992332802392,0.0010719975490666154,0.0010706998368312183,0.001006565482130593,0.001006411623583322,0.001040210274216888,0.003990806974252231,0.003990821818425214,0.003981940419940985,0.008726646259971648,0.008726646259971648,0.008726646259971648,-0.16016588274154112,0.1796474452182909,11.731183046951744,3.2334165336043554,1.6699287329493933,-0.49745752718182373,-0.31120787160478086,1.1778489877679674,-0.6074380277145148,-2.1323764204134488,-1.2819391041684312,-1.3665107847484583,-0.02561900714641968,-0.012822066263560195,0.07324128976806787,0.0343795680021864,0.043215629170201324,-0.006237053548357668
301.00327491760254,-0.25939276814460754,-0.1603957712650299,0.800000011920929,0.0,0.0,0.06156108155846596,0.0,0.0,0.0,0.0,0.0,0.0,0.03375508587493102,-1.357659339748412,1.4862412279500123,2.213111886453943,1.3501136607284212,1.4524134653200957,0.1508760673306942,-0.13190272854488963,0.109200396044351,0.4233219071896568,1.0081474906014434,0.9146848903828687,-0.28273711307218097,-0.17300175484541513,0.8730208494457825,0.03267935891699215,0.04518643479863046,0.06321376670114316,0.04638663104271449,0.004310981590174322,-0.005413121562706763,-0.004052043087730788,0.031087800486609345,0.15256122198668917,0.0010757500968080903,0.0010757457014128717,0.0010744774271664896,0.0010207534944014932,0.0010205917467558032,0.001056344431892325,0.004005384810181812,0.004005414949869041,0.0039956052210288785,0.008726646259971648,0.008726646259971648,0.008726646259971648,-0.17090753521136953,0.17820422032034497,11.738476626402683,3.0793538761152557,1.3468534854068803,-0.5225946111891904,-0.316492198947112,1.1846575849029968,-0.6132203785042298,-2.168919004124876,-1.268939756463948,-1.4392386791567633,-0.023344344927573424,-0.012605983580385227,0.07302083752485355,0.03404885494937782,0.04415195193912773,0.001668636158897217
301.05327491760255,-0.25939276814460754,-0.1603957712650299,0.800000011920929,0.0,0.0,0.06156108155846596,0.0,0.0,0.0,0.0,0.0,0.0,0.04127027598123919,-1.3642589021821718,1.491608485982263,2.2492281430141015,1.3442490796621147,1.524994979917324,0.14973153692156418,-0.13207976880544245,0.10548992524562086,0.4098004729590417,0.967707268311768,0.9046721643591862,-0.280367431630846,-0.17278480592852005,0.8727133627036544,0.03256362344487309,0.04683643593141243,0.07077978123581391,0.04837010958731824,0.004296376316768519,-0.006885554548636089,0.002451041927057201,0.045914914134382576,0.14605792204656054,0.0010813531061884582,0.0010813469894868223,0.0010800406173594188,0.001036108296653985,0.0010359357135373763,0.0010737354172758332,0.004025916106674539,0.004025963540268544,0.004015026828975953,0.008726646259971648,0.008726646259971648,0.008726646259971648,-0.18404915413769982,0.17546997834008685,11.743491889526506,2.9612712567042045,1.0586290596039711,-0.5571191868734976,-0.32163770761208516,1.1914740962536519,-0.6188951232786085,-2.20280397667444,-1.25389965216084,-1.5117586545268544,-0.020974663486238443,-0.012389034663490145,0.07271335078272545,0.033982645711436554,0.04580268008282211,0.009235390336220185
301.10327491760256,-0.25939276814460754,-0.1603957712650299,0.800000011920929,0.0,0.0,0.06156108155846596,0.0,0.0,0.0,0.0,0.0,0.0,0.048711812543432924,-1.3708707344314346,1.4967964895534815,2.284416432660756,1.3357686737711818,1.5955385067609136,0.1479299255661175,-0.13239352116500822,0.10203021760308194,0.3903749077578727,0.9128558247319439,0.8929332095512879,-0.2778948265174906,-0.17257767756377848,0.8723395167620491,0.03258316731749157,0.048825866822416845,0.0778578516993619,0.05047042443291808,0.003900449956017597,-0.007972410228833781,0.0006501365842051287,0.038094260800556695,0.13293864488263993,0.0010870589059636183,0.001087052652909405,0.001085599408722168,0.001052658831894617,0.0010524730695650475,0.00109239710081977,0.004041257178897666,0.0040413204110781795,0.004029276461840012,0.008726646259971648,0.008726646259971648,0.008726646259971648,-0.1972362441236125,0.17762104143804744,11.746993573173187,2.990870896368928,1.1742526081234015,-0.581109545638569,-0.3266066390609235,1.1982930568676562,-0.6244569727914324,-2.2345771048299534,-1.2367446912282227,-1.5828377661762258,-0.018502058372883046,-0.012181906298748574,0.07233950484112017,0.034062152666265305,0.047788423413472884,0.016314443084530554
301.1532749176025,-0.25939276814460754,-0.1603957712650299,0.800000011920929,0.0,0.0,0.06156108155846596,0.0,0.0,0.0,0.0,0.0,0.0,0.056046784675363635,-1.3774955654697958,1.5018158848471261,-2.3118897890553316,-1.320704862646372,-1.658663657945794,0.14546895971137783,-0.13259972036967568,0.09874559414288082,0.37242932453996064,0.8637855585781485,0.8799947368051504,-0.27532455805075445,-0.1723895422382802,0.8719122856337513,0.03207338596619874,0.050262915970075685,0.08424901809709663,0.0520211156783634,0.0036663121792797093,-0.00910477064735427,-0.023314976381277986,0.015188426199537513,0.12120934430601918,0.0010931429007649093,0.001093138704316891,0.0010914028574135286,0.0010704765958842166,0.0010702769451435788,0.0011123944178960579,0.004052407002398145,0.004052475437503203,0.004039339405472985,0.008726646259971648,0.008726646259971648,0.008726646259971648,-0.21312206565378103,0.17920513650444622,11.746855757169632,3.427182817649637,1.5682518725395975,-0.5743372107697934,-0.33137134272611807,1.2051060232315156,-0.6299035992133748,-2.265663260745625,-1.2176285327719678,-1.6519562305983735,-0.01593178990614691,-0.0119937709732503,0.07191227371282238,0.03359584953447958,0.049238515132492826,0.022706170413795128
301.2032749176025,-0.25939276814460754,-0.1603957712650299,0.800000011920929,0.0,0.0,0.06156108155846596,0.0,0.0,0.0,0.0,0.0,0.0,0.0632388512376529,-1.3841287263495647,1.5066708766977617,-2.2650519974480954,-1.2630332575994132,-1.6655206457045664,0.14221370278012677,-0.13272671482102344,0.09545407988249822,0.3762993373860686,0.8344152556451115,0.8673948808024371,-0.2727526924772156,-0.17220474041867134,0.8714318173818516,0.030618271939014483,0.049430702006299766,0.09014271255476394,0.05024009768126709,0.0036643470038291055,-0.009991202048881438,-0.04462492933219073,-0.04019003712302892,0.11455491659753193,0.0010993198907661265,0.0010993200710235737,0.0010971443535395375,0.0010895819757455964,0.00108937491105446,0.0011337415039973306,0.004055661002635503,0.004055697281074136,0.004041875852855744,0.008726646259971648,0.008726646259971648,0.008726646259971648,-0.21980713735623122,0.18254930482007944,11.746007841697024,3.8289960177894637,2.5741248275243995,-0.5820146834545663,-0.3359915437148685,1.2119239859308935,-0.6352390593159101,-2.298489850567703,-1.19710164879641,-1.7184890639369705,-0.013359924332608075,-0.011808969153641435,0.07143180546092265,0.032115247703572686,0.04845022830263093,0.028598971070920312
301.25327491760254,-0.25939276814460754,-0.1603957712650299,0.800000011920929,0.0,0.0,0.06156108155846596,0.0,0.0,0.0,0.0,0.0,0.0,0.07025979861375148,-1.3907640567415065,1.5113602329410374,-2.217557411175436,-1.2074819651365656,-1.670066559518571,0.1386241922637531,-0.13268650085658948,0.0921201698484852,0.4002600102391724,0.8553386004613261,0.854411151165485,-0.2703474530663128,-0.17202005125164962,0.8709131321167123,0.02858484127053815,0.046062590197074746,0.09554716067595984,0.04551003072259069,0.003976098144752909,-0.010548429643939075,-0.05020565620178158,-0.0823741289656283,0.09960419715187561,0.0011057133105052473,0.0011057191588098644,0.0011029485056460945,0.001110013536943444,0.0011098085734176821,0.0011564611457834289,0.004054121073641292,0.0040540940066618215,0.004040234256744086,0.008726646259971648,0.008726646259971648,0.008726646259971648,-0.2120533798915464,0.18193325733178947,11.742749089477547,3.9554768937447284,3.3723016003615114,-0.5893713939679345,-0.3406072516800643,1.2187440054898568,-0.6404471008243251,2.300273560252077,1.1600824180740366,1.7588363990415001,-0.01095468492170526,-0.011624279986619718,0.07091312019578333,0.029978943746887345,0.04514604674506652,0.03400115177916336
301.30327491760255,-0.25939276814460754,-0.1603957712650299,0.800000011920929,0.0,0.0,0.06156108155846596,0.0,0.0,0.0,0.0,0.0,0.0,0.0771109626608622,-1.3973981464945868,1.515878820242338,-2.1666166638948723,-1.1538793085190024,-1.6738127044206788,0.13542236962061377,-0.13267708926657004,0.0886233222034983,0.4305447268900409,0.9161707839194054,0.8410595860028646,-0.26824953147492236,-0.17180520610970693,0.8703742012398897,0.026480060043752092,0.041032752569715794,0.1003090773068507,0.037966736107761016,0.004666898125342781,-0.011031195725359027,-0.0504921288824152,-0.11288660802344845,0.0881367208573036,0.0011118837139462582,0.0011118946003686883,0.0011083969836478207,0.0011318734082100528,0.0011316774910840328,0.0011806297136851998,0.004053752504310129,0.004053652598754325,0.004040275244114966,0.008726646259971648,0.008726646259971648,0.008726646259971648,-0.19699044839932034,0.17752680525259637,11.741602411325166,3.985989958251492,3.982162097708974,-0.5935492806973278,-0.34536049413578457,1.22559294038488,-0.6455046190024484,2.2513582250839126,1.1007703541173148,1.7609914438825849,-0.00885676333031482,-0.011409434844677019,0.07037418931896078,0.027720436244967974,0.040184035245932496,0.03876022692810142
301.35327491760256,-0.25939276814460754,-0.1603957712650299,0.800000011920929,0.0,0.0,0.06156108155846596,0.0,0.0,0.0,0.0,0.0,0.0,0.08382086424018123,-1.4040372737332654,1.520221131813699,-2.110330383594922,-1.1017989297848412,-1.6781175424878847,0.1329736935520859,-0.1328880002805103,0.08506914065089236,0.4623550967662479,1.0074959922448647,0.8274991265037743,-0.2665938310149571,-0.17155922311699978,0.8697946543545794,0.025023419775685188,0.03439209709725817,0.10455657479420791,0.028135359398530988,0.004872755221659106,-0.012356957707985615,-0.023670073083363375,-0.14518776171143635,0.08035867021375137,0.0011181868312292482,0.001118199867312374,0.0011139132476916888,0.0011551712555205095,0.001154992392291551,0.0012062283625033495,0.004061230178562565,0.004061079733848924,0.004049015681225291,0.008726646259971648,0.008726646259971648,0.008726646259971648,-0.17663212560724278,0.17437432851821968,11.742394893262972,3.5262525876386266,4.638441610920518,-0.6201818292599235,-0.35041469525513835,1.2324780506162656,-0.6504264774591195,2.1978456793941987,1.0440521267510898,1.7618985506772233,-0.0072010628703495505,-0.011163451851969874,0.06979464243365041,0.026060139771880805,0.03359297422054111,0.04300477067636662
301.4032749176025,-0.25939276814460754,-0.1603957712650299,0.800000011920929,0.0,0.0,0.06156108155846596,0.0,0.0,0.0,0.0,0.0,0.0,0.09043377991955645,-1.4106908871185513,1.5243867249098468,-2.0474732754114497,-1.0503444698452673,-1.6846788052639325,0.1315429336231638,-0.133256535131169,0.0815545831951807,0.4711785981117964,1.1316351762307675,0.812607039576571,-0.265432260070431,-0.17134077541328016,0.8691043583017353,0.024442684757007865,0.027510311057358756,0.10816145199955464,0.01848809925260813,0.0038638775284120016,-0.015527575158718656,-0.018965468291630705,-0.1305736281088205,0.07070072252817428,0.0011218845568064409,0.0011218956799987465,0.0011167954148193536,0.0011799692796243453,0.001179810924779135,0.0012332938807278582,0.004076432010193733,0.004076282304850967,0.004066159014536108,0.008726646259971648,0.008726646259971648,0.008726646259971648,-0.16302913240741346,0.18144096235566834,11.753352709160305,3.452493758131818,4.455520403878774,-0.6266637692146014,-0.35586603998998745,1.2393501117052712,-0.6552823666081116,2.137767454019273,0.9896942037115907,1.7650956332870746,-0.006039491925823481,-0.010945004148250254,0.06910434638080631,0.02526772082487953,0.02673442277830224,0.0466073156907019
301.4532749176025,-0.25939276814460754,-0.1603957712650299,0.800000011920929,0.0,0.0,0.06156108155846596,0.0,0.0,0.0,0.0,0.0,0.0,0.09699216134399283,-1.417354093954081,1.5283902874030857,-1.9779731126074591,-0.9987281703482196,-1.6942500088353631,0.1307923233542317,-0.13327173828995562,0.07858791653433184,0.47631415798201365,1.2466282998647222,0.7973908556516167,-0.26474128163627453,-0.17118092917629701,0.8682319206318787,0.024091797445569843,0.021425491036199187,0.11142354611709229,0.009311192551429294,0.002677050415528016,-0.019512915997956848,-0.011152766196703485,-0.11077786520295445,0.06376012277040279,0.0011234750519345472,0.0011234804981337992,0.0011176736476503162,0.0012063448054948633,0.001206206143062328,0.0012618786256702365,0.004116614930092779,0.004116512023994013,0.00410864006178709,0.008726646259971648,0.008726646259971648,0.008726646259971648,-0.15009555522520698,0.1894602807526096,11.76717722010753,3.3191205584591934,4.171465638764653,-0.6417148887076706,-0.36173344298026733,1.246173164777784,-0.660158366771207,2.0702747694475345,0.9362242311989196,1.7728824176093865,-0.005348513491666984,-0.010785157911267107,0.06823190871094975,0.024729534969995283,0.020665348035675157,0.049867795326586785
301.50327491760254,-0.25939276814460754,-0.1603957712650299,0.800000011920929,0.0,0.0,0.06156108155846596,0.0,0.0,0.0,0.0,0.0,0.0,0.10352917922646036,-1.4240080367995538,1.532262797201966,-1.9027192825276282,-0.9467501393427155,-1.7061583629563617,0.13068839194441004,-0.13288597552889508,0.0763124754208444,0.47478105786859814,1.3474186852429677,0.7814221157520088,-0.2644759227912436,-0.17106349315523176,0.8671616367837834,0.024137593912749188,0.01585143288478048,0.11437504615462157,0.0019192366208119834,0.0020749390609672114,-0.023295681468879104,0.0005237097733774405,-0.0834032231033859,0.05821318073093895,0.0011235049838061702,0.0011235025601153798,0.0011172605669702914,0.0012341140110835405,0.0012339965046859094,0.0012918021832954273,0.004193307417777032,0.0041932756958017875,0.004187429769662671,0.008726646259971648,0.008726646259971648,0.008726646259971648,-0.14660156449687356,0.18973185063391862,11.788287573973513,3.1120722080117207,3.7422708906014814,-0.6533967141065752,-0.368005102017704,1.252944543644322,-0.6651011604181826,1.9966098603804796,0.8834674596405853,1.784112521680968,-0.005083154646636057,-0.010667721890201848,0.06716162486285449,0.024603443771298833,0.015094597665181135,0.052818241054611734
301.55327491760255,-0.25939276814460754,-0.1603957712650299,0.800000011920929,0.0,0.0,0.06156108155846596,0.0,0.0,0.0,0.0,0.0,0.0,0.11006536802684723,-1.430642352044622,1.5360479228875044,-1.8229827010733919,-0.8942472624085569,-1.7196641076088146,0.1307591600710051,-0.13248663427376908,0.07509255200065632,0.46289554023280666,1.4267493332130496,0.7648692845824555,-0.2644893531482666,-0.17095973612672796,0.8659150323666379,0.024467665456678958,0.01241992410140098,0.11675275812643623,-0.002225264304298895,0.0020060296838235164,-0.026686017287594867,0.013312279236089722,-0.046850234361751765,0.04587822745528536,0.0011238213157957117,0.001123811426626693,0.0011175965470542981,0.0012636072465895783,0.0012635090060675513,0.0013233625414913485,0.004341270138806781,0.004341295733744174,0.004335567495009812,0.008726646259971648,0.008726646259971648,0.008726646259971648,-0.15091322217937625,0.18804093738603633,11.80516384793797,2.8787415317142457,3.124722555263604,-0.6501580053551005,-0.37455472117511385,1.2596826159178942,-0.6701328905208664,1.9166329329794431,0.8319560794004401,1.799558311120402,-0.00509658500365906,-0.010563964861698055,0.06591502044570896,0.02482735283833706,0.01165588913004907,0.05519553775930361
301.60327491760256,-0.25939276814460754,-0.1603957712650299,0.800000011920929,0.0,0.0,0.06156108155846596,0.0,0.0,0.0,0.0,0.0,0.0,0.11659970566146072,-1.4372588138684939,1.539793147744489,-1.740503666617815,-0.8411565878698402,-1.7338795878326858,0.130614345313475,-0.1321718386810372,0.07471644227869131,0.4393434887821388,1.4752025644162308,0.748478388850476,-0.26466256900376295,-0.17086865684693936,0.8644881169041464,0.02490993373145247,0.010546269242466015,0.11877586650954673,-0.0043123508955520765,0.0017322755189847767,-0.030527605169773864,0.0008155999119539177,-0.01119278841030167,0.03775092145649764,0.0011267405843122962,0.0011267258058579655,0.0011211297197257202,0.0012947294216438822,0.0012946488544016677,0.0013564707626429527,0.004576680018621614,0.00457673336844149,0.004567729856931886,0.008726646259971648,0.008726646259971648,0.008726646259971648,-0.1577537593383595,0.18670426136613172,11.82449065170191,3.1070900772585612,2.5063527104057393,-0.6425916502525735,-0.38126227466522367,1.2663901570215546,-0.6753050308403427,1.8324928033995482,0.7810515991333424,1.8174490771935972,-0.005269800859155405,-0.010472885581909452,0.06448810498321744,0.025211317328352707,0.009770241182566239,0.057218537442675126
301.6532749176025,-0.25939276814460754,-0.1603957712650299,0.800000011920929,0.0,0.0,0.06156108155846596,0.0,0.0,0.0,0.0,0.0,0.0,0.12311825188674157,-1.4438612067577463,1.5435437256200761,-1.6568841003708312,-0.7879534174173091,-1.7474886837784918,0.13012750369799617,-0.13192387688930088,0.0753066727449228,0.4272088646087031,1.4927373033764917,0.7324658108736412,-0.2648961229073191,-0.1707635987571963,0.8628420553594697,0.02461207372367656,0.00995388777821944,0.12045596312879052,-0.004862439158003664,0.002459248115744974,-0.03554511828032377,0.00033737149241993403,-0.0014034613597411084,0.029669127250367133,0.0011396925062220808,0.001139676719349533,0.001135362565107642,0.0013272756085557968,0.0013272074769850534,0.0013909442527104815,0.004913891957974852,0.004913943053313006,0.004895644601177942,0.008726646259971648,0.008726646259971648,0.008726646259971648,-0.16841678430781876,0.18085531050038217,11.850852342154846,3.111091220648864,2.3356363698857203,-0.647795866662577,-0.3880143747940607,1.27309760800055,-0.6807016702606065,1.7454036277259541,0.7302289290290042,1.8359493105637557,-0.005503354762711576,-0.010367827492166387,0.06284204343854072,0.024895295438389815,0.009187491085886977,0.05889849612504447
301.7032749176025,-0.25939276814460754,-0.1603957712650299,0.800000011920929,0.0,0.0,0.06156108155846596,0.0,0.0,0.0,0.0,0.0,0.0,0.12959912725004402,-1.4504585127460017,1.5473567671320452,-1.5729559929029338,-0.7351862698630884,-1.7595695832829767,0.1291075108340437,-0.13196836264085182,0.0772149877338021,0.4152742976047688,1.5017362253107696,0.7161930220762879,-0.2651549538918256,-0.17061607174886903,0.8609397885413766,0.02433929381941581,0.010122809700278177,0.12174336600869902,-0.005525260693684232,0.0033390137150273985,-0.04022172370099799,-0.011624323582845755,0.01730256824061064,0.020362829428683015,0.0011701292746732874,0.001170116469849032,0.001167509705954828,0.001361562967049519,0.0013615045402138465,0.0014270749621457758,0.005376477313051273,0.005376508513516717,0.005341934850770673,0.008726646259971648,0.008726646259971648,0.008726646259971648,-0.17394088729391624,0.1819050453567738,11.87363321478758,3.328717768687787,1.9959461692165354,-0.6263334642310575,-0.3947540811418696,1.2798424409971327,-0.6864169785906685,1.6570800787167428,0.6806193793307457,1.8532204331061601,-0.0057621857472180404,-0.010220300483839123,0.060939776620447694,0.024627803745638274,0.009364584573443822,0.06018584790943979
301.75327491760254,-0.25939276814460754,-0.1603957712650299,0.800000011920929,0.0,0.0,0.06156108155846596,0.0,0.0,0.0,0.0,0.0,0.0,0.13602209784141622,-1.457056730853264,1.551293700484249,-1.489210268283594,-0.6832773931682851,-1.769572178716388,0.1278113128207863,-0.13196036164958316,0.08026234635431832,0.4142210580027831,1.4937506372115843,0.7009933534005108,-0.26545523045087605,-0.17044102929702035,0.858848439790724,0.023922667916550445,0.010781981454795782,0.12273459588969626,-0.0065288219567912215,0.003627164202877472,-0.04292907089788207,-0.007102529438246969,0.012765968863339415,0.012684092234510138,0.0012317173026113533,0.0012317105588362947,0.0012306815184713207,0.0013975269341669567,0.0013974746226044193,0.001464809305048349,0.005974286075028235,0.005974287757778171,0.005914698950639158,0.008726646259971648,0.008726646259971648,0.008726646259971648,-0.17356348307164213,0.1795604183227513,11.891187945294918,3.250677176887491,2.061972739199565,-0.6308162731620911,-0.40147732829229227,1.2866157015562436,-0.6924452606935251,1.5682062217226533,0.6322599194791867,1.868375877507649,-0.006062462306268501,-0.01004525803199044,0.05884842786979505,0.024231723227941263,0.010035901556534733,0.06117704533480742
301.80327491760255,-0.25939276814460754,-0.1603957712650299,0.800000011920929,0.0,0.0,0.06156108155846596,0.0,0.0,0.0,0.0,0.0,0.0,0.1423807302874034,-1.4636574796947557,1.5554049451806131,-1.4059090876473959,-0.6324630686129948,-1.777282944302928,0.12653398501864263,-0.13206959201001564,0.08418744150020167,0.4092657888107817,1.4890663776115514,0.6855695442781821,-0.26580739980950935,-0.1702546003410956,0.8566910605893929,0.023685717858021028,0.011906503074567401,0.12319030836674325,-0.007400527632824726,0.003737736362145787,-0.04296212551078865,7.824548353859963e-05,0.02656227644103636,0.0023747696329268625,0.0013384709863288836,0.0013384715354483729,0.001337913407281974,0.0014352493299820126,0.0014352000430802145,0.0015042298609366709,0.00671238674272204,0.0067123530364445756,0.006618117714828051,0.008726646259971648,0.008726646259971648,0.008726646259971648,-0.16804223935946788,0.18039449415949668,11.898435633743357,3.1214351459663456,1.802172916107203,-0.5978823824585038,-0.40818813009691274,1.29340287935366,-0.6987138845912202,1.4791943708034367,0.5858369751502476,1.8808539375982771,-0.006414631664901804,-0.009858829076065695,0.05669104866846397,0.024029532510653106,0.011166623050940645,0.06163283079852129
301.85327491760256,-0.25939276814460754,-0.1603957712650299,0.800000011920929,0.0,0.0,0.06156108155846596,0.0,0.0,0.0,0.0,0.0,0.0,0.1486823978979236,-1.4702626474594729,1.5597215042448318,-1.3234985405861983,-0.5825919817086135,-1.7828188967085616,0.12553271940210772,-0.13213711857861085,0.08847492106850707,0.39784841807272153,1.4713921268568972,0.671792429691033,-0.2661937871221116,-0.1700764251728567,0.8545784015572178,0.024021923154780293,0.013445064558294853,0.12323903418942395,-0.007972446117785128,0.0032177261149969366,-0.041210361373588404,0.009068684227397572,0.01978502252198954,-0.002435627868616645,0.001502776610164456,0.0015027833577899955,0.001500435286125419,0.0014745769744667154,0.0014745285719315138,0.0015452027812362774,0.007563693498347061,0.007563624140134173,0.007424191879839249,0.008726646259971648,0.008726646259971648,0.008726646259971648,-0.1629708966402901,0.179501106136658,11.89437724932894,2.9547420219118328,1.9067520717901116,-0.5908008655022431,-0.4148761850200352,1.3001862222866163,-0.705143102687614,1.390928099177868,0.541416570182613,1.8907001337928513,-0.00680101897750407,-0.009680653907826797,0.054578389636288804,0.024412740947580114,0.012693381506364239,0.06168183890392056
301.9032749176025,-0.25939276814460754,-0.1603957712650299,0.800000011920929,0.0,0.0,0.06156108155846596,0.0,0.0,0.0,0.0,0.0,0.0,0.1549403414060089,-1.4768723082876407,1.5642473643069426,-1.2424413684813798,-0.5333962711331822,-1.786365990470122,0.12478502092153262,-0.13224931454834787,0.09255948141608691,0.3780963911319563,1.458946833886404,0.6583693909517123,-0.26660914223782906,-0.16994250536025343,0.852600080697241,0.024520923207375114,0.014423012419910924,0.12294621378369033,-0.008672867598439906,0.0020891016549819223,-0.03761548094254949,0.008339285967926715,0.004779681388215793,-0.011331909308684015,0.0017348379698573842,0.0017348480442674762,0.0017274417715169813,0.0015152986486486248,0.0015152516170843775,0.0015875488272776824,0.008496593918956092,0.008496492209269206,0.008300128144822333,0.008726646259971648,0.008726646259971648,0.008726646259971648,-0.15757143329556192,0.18186290995460228,11.885538381823558,2.9593851810146794,2.163272307425515,-0.5653256559085552,-0.42154948364383793,1.3069298029273873,-0.7116472836097015,1.3044879801336844,0.4976654161668842,1.8974083666019244,-0.0072163740932215115,-0.009546734095223525,0.05260006877631207,0.024941388261847244,0.013655073235078056,0.061389282486060875
301.9532749176025,-0.25939276814460754,-0.1603957712650299,0.800000011920929,0.0,0.0,0.06156108155846596,0.0,0.0,0.0,0.0,0.0,0.0,0.16116764931925348,-1.4834846266595305,1.5689664038020559,-1.1624586515050699,-0.4843963675587386,-1.7883467741182573,0.12430729560819313,-0.13224342032718778,0.09620209838840219,0.358576522146311,1.4593275526976697,0.646220112692061,-0.26707650195822147,-0.16986655727949646,0.8508393793118547,0.024754044477330928,0.014426396629583142,0.12225837326257115,-0.010105153325301142,0.0009547142224502688,-0.03286740880661667,-0.002648421790277333,-0.014997976699466,-0.018388444913309005,0.0020388628672739525,0.002038872755898776,0.0020224301485374397,0.0015578151310924318,0.0015577712378756288,0.0016316573467114407,0.009527715509364335,0.00952758450449864,0.0092637095108619,0.008726646259971648,0.008726646259971648,0.008726646259971648,-0.15014639213715503,0.1907627331199879,11.871115027759997,3.1559076870599,2.520859948865405,-0.5477689978288843,-0.42824415127747495,1.3136180693800341,-0.7181270244902012,1.2196637991280013,0.4534094087160657,1.901199141778747,-0.007683733813613924,-0.009470786014466548,0.05083936739092576,0.025174481907780717,0.01365133135831218,0.060701501380479556
