time_offset_s,desired_position_x,desired_position_y,desired_position_z,desired_position_roll,desired_position_pitch,desired_position_yaw,desired_velocity_x,desired_velocity_y,desired_velocity_z,desired_velocity_roll,desired_velocity_pitch,desired_velocity_yaw,nominal_position_x,nominal_position_y,nominal_position_z,nominal_position_roll,nominal_position_pitch,nominal_position_yaw,nominal_velocity_x,nominal_velocity_y,nominal_velocity_z,nominal_velocity_roll,nominal_velocity_pitch,nominal_velocity_yaw,actual_position_mean_x,actual_position_mean_y,actual_position_mean_z,actual_position_mean_roll,actual_position_mean_pitch,actual_position_mean_yaw,actual_velocity_mean_x,actual_velocity_mean_y,actual_velocity_mean_z,actual_velocity_mean_roll,actual_velocity_mean_pitch,actual_velocity_mean_yaw,actual_position_std_x,actual_position_std_y,actual_position_std_z,actual_position_std_roll,actual_position_std_pitch,actual_position_std_yaw,actual_velocity_std_x,actual_velocity_std_y,actual_velocity_std_z,actual_velocity_std_roll,actual_velocity_std_pitch,actual_velocity_std_yaw,nominal_acceleration_command_x,nominal_acceleration_command_y,nominal_acceleration_command_z,nominal_acceleration_command_roll,nominal_acceleration_command_pitch,nominal_acceleration_command_yaw,nominal_actual_log_residual_x,nominal_actual_log_residual_y,nominal_actual_log_residual_z,nominal_actual_log_residual_roll,nominal_actual_log_residual_pitch,nominal_actual_log_residual_yaw,desired_actual_log_residual_x,desired_actual_log_residual_y,desired_actual_log_residual_z,desired_actual_log_residual_roll,desired_actual_log_residual_pitch,desired_actual_log_residual_yaw
45.00323224067688,-0.21667860448360443,-0.3842982053756714,0.800000011920929,0.0,0.0,-0.02741909958422184,0.0,0.0,0.0,0.0,0.0,0.0,-0.2260489711460747,-0.3850242791785087,0.8409290497067627,-0.08617395930329144,-0.07326211613495806,-0.02170937992278511,-0.022416311281113564,-0.05637887561193003,0.0035255239124519213,-0.051391927995309936,-0.36737241200587023,-0.05089955512151323,-0.2260489711460747,-0.3850242791785087,0.8409290497067627,-0.08617395930329144,-0.07326211613495806,-0.02170937992278511,-0.022416311281113564,-0.05637887561193003,0.0035255239124519213,-0.051391927995309936,-0.36737241200587023,-0.05089955512151323,0.002336169059616557,0.0023362813035114655,0.0023101920803919682,0.0015911415429487438,0.0015906075118898744,0.001664440134856443,0.010378343792384209,0.010377234125036936,0.010067344322137763,0.008726646259971648,0.008726646259971648,0.008726646259971648,0.043177753654575955,0.13429153457798396,12.108390894550961,3.1436154007366,6.10725994262899,0.027351336375084224,0.0,0.0,0.0,-0.0,-0.0,-0.0,-0.009370366662470264,-0.0007260738028372904,0.04092903778583379,-0.08515994215259606,-0.07443523715160237,0.005680482500409355
45.05323224067688,-0.21667860448360443,-0.3842982053756714,0.800000011920929,0.0,0.0,-0.02741909958422184,0.0,0.0,0.0,0.0,0.0,0.0,-0.2270376454581901,-0.38784091522851716,0.8410661746056308,-0.08714404253902398,-0.08677169940634395,-0.02352266868792868,-0.017130661203505905,-0.056286566388417135,0.001959472042273946,0.015190477560799123,-0.1696549525716523,-0.043475365862927114,-0.2275530036074815,-0.38772729552361096,0.8410439365612369,-0.08821437391171615,-0.08809690439133085,-0.023427091536444372,-0.037278780672393784,-0.05176325874004648,0.0011695297214143069,-0.02079576537985275,-0.23966896154908013,-0.035917500777782,0.001974188287647635,0.001974298841157627,0.001960243221800411,0.0015477777329691571,0.001547043016477413,0.0016191168240971801,0.009317255857502382,0.009316424042684754,0.009078883962567817,0.008726646259971648,0.008726646259971648,0.008726646259971648,0.05474109639930985,0.13833667607098724,12.121853789322799,2.831720233204644,4.769613804745373,0.003188728833787,-0.0005153581492914061,0.00011361970490619822,-2.2238044393940726e-05,-0.001050822823200466,-0.0013414514202616035,8.322358698634213e-05,-0.010874399123877082,-0.003429090147939573,0.04104392464030793,-0.08699641723596341,-0.08929598011980089,0.003956485688686006
45.10323224067688,-0.21667860448360443,-0.3842982053756714,0.800000011920929,0.0,0.0,-0.02741909958422184,0.0,0.0,0.0,0.0,0.0,0.0,-0.2277475830879943,-0.3906478793904842,0.8411418255294549,-0.08508824561281209,-0.0920908463744758,-0.025223658810045683,-0.011266843988660753,-0.05599200009025404,0.001066564910687685,0.0661781247403185,-0.03881980003159283,-0.03725930698140491,-0.2297654222434635,-0.3902502476993245,0.8410380293352318,-0.08843697914617725,-0.0993318367229333,-0.02463052185635399,-0.050828079121978495,-0.049444044571419495,-0.0016086864683818208,0.010028406827603371,-0.1894454327968801,-0.027487274531603864,0.0016837996017415502,0.0016838758330862682,0.001677761848695544,0.0015059916915024128,0.0015050466429139468,0.0015754307382090339,0.008309910741072813,0.008309434048871585,0.008133712438523094,0.008726646259971648,0.008726646259971648,0.008726646259971648,0.05760624881170003,0.14633836116318288,12.129947858363579,2.460470728491976,4.233794587185166,-0.0059405851459215205,-0.0020178391554691866,0.00039763169115969443,-0.00010379619422318243,-0.003234615639078463,-0.007302930293975926,0.00043375970324070827,-0.013086817759859065,-0.005952042323653095,0.041038017414302796,-0.0870647389500664,-0.10053238118857025,0.0027481515644481465
45.15323224067688,-0.21667860448360443,-0.3842982053756714,0.800000011920929,0.0,0.0,-0.02741909958422184,0.0,0.0,0.0,0.0,0.0,0.0,-0.22816074841654072,-0.39343011313117743,0.8411829486830007,-0.08088422539394864,-0.09155375440299325,-0.02677782470560261,-0.005259769153196931,-0.05529734953748123,0.0005783612311405295,0.09860329668419832,0.06522439163043921,-0.031499713798868983,-0.23254632002021064,-0.39267401008469993,0.8408850049799269,-0.08781197999143485,-0.10631116736258697,-0.02528923894854309,-0.05951320003586488,-0.047658887180654065,-0.004441750468640066,0.021447365176724305,-0.0780665181216416,-0.00829506116328188,0.0014649726179654483,0.0014649913513977459,0.00146316504522344,0.00146593523201533,0.0014648077737840033,0.001533559583917295,0.007403479125905109,0.00740332223175131,0.007279307510657159,0.008726646259971648,0.008726646259971648,0.008726646259971648,0.06216759396909089,0.15494367342841403,12.139556293006414,2.3275303068888995,3.012950269888668,-0.05043287100338162,-0.004385571603669924,0.0007561030464774965,-0.0002979437030737886,-0.006670302921688881,-0.014899985631496106,0.0011962515000059034,-0.01586771553660621,-0.008375804709028545,0.040884993058997954,-0.08634400571896508,-0.10750215117176841,0.0020864050292438547
45.20323224067688,-0.21667860448360443,-0.3842982053756714,0.800000011920929,0.0,0.0,-0.02741909958422184,0.0,0.0,0.0,0.0,0.0,0.0,-0.22826785832186722,-0.39616685770390087,0.8412116721958726,-0.07518534898790864,-0.08735161736719736,-0.028180662455323087,0.0009753729401373061,-0.05417243337144673,0.0005705792837351235,0.12438144754792833,0.10822636742765593,-0.027964734909205438,-0.2356279331471448,-0.3950239762315752,0.8405976657326844,-0.08683984930353726,-0.10823986537068907,-0.02528147983255745,-0.06292471854910649,-0.046192754883069086,-0.00698060826540024,0.02459184259494592,0.0042518141329142434,-7.862894968396913e-05,0.0013127042746824084,0.0013126607607877594,0.0013121776351323795,0.0014273083192076056,0.0014260668299113208,0.0014932569286598529,0.006593711991294797,0.006593769222721118,0.006510980515509584,0.008726646259971648,0.008726646259971648,0.008726646259971648,0.06117914827974245,0.1641247823302953,12.147067899993193,2.3153685180872685,2.013098969974232,-0.06678321816705321,-0.0073600748252775905,0.001142881472325663,-0.0006140064631882103,-0.011240703982670224,-0.02114987106018674,0.0026022588549638815,-0.018949328663540377,-0.010725770855903816,0.040597653811755396,-0.08534555355960341,-0.10941729194971687,0.0020936062407051906
45.25323224067688,-0.21667860448360443,-0.3842982053756714,0.800000011920929,0.0,0.0,-0.02741909958422184,0.0,0.0,0.0,0.0,0.0,0.0,-0.2280644466796387,-0.39883588008219484,0.8412493961201076,-0.06820738244717868,-0.08226074906557063,-0.02940468171003074,0.007161092749003237,-0.052588461760318346,0.0009383776856686083,0.14955150897157318,0.10123577822914757,-0.025247273377725928,-0.23877527958391967,-0.3972880125074672,0.8401843223918614,-0.0857912815292571,-0.10626511141586327,-0.024798146912259747,-0.06227385946834275,-0.0444508202503679,-0.009305266926334084,0.023332674077850307,0.07214745843712791,0.017522420901378104,0.001216883427775429,0.001216791469625573,0.0012156792208812943,0.0013899162006424744,0.0013886250730193231,0.0014543045623295987,0.005877196374287492,0.005877346261341578,0.005825012191546568,0.008726646259971648,0.008726646259971648,0.008726646259971648,0.05760347522296411,0.17053113436465292,12.15441636518056,2.314602334672614,1.1975045965278555,-0.09488652509481038,-0.010710832904280959,0.001547867574727635,-0.0010650737282462686,-0.01704144604475095,-0.02441211314986975,0.004483562355573379,-0.02209667510031524,-0.012989807131795816,0.040184310470932405,-0.08432427684159477,-0.10742852021379733,0.0025783214370150415
45.30323224067688,-0.21667860448360443,-0.3842982053756714,0.800000011920929,0.0,0.0,-0.02741909958422184,0.0,0.0,0.0,0.0,0.0,0.0,-0.2275562186382879,-0.40141769593988946,0.8413146955459236,-0.05999773628615818,-0.07855225562115195,-0.03042915985306023,0.01316802890503026,-0.0506841725474721,0.0016735993469704767,0.1746832612244853,0.05346547035832273,-0.023934977192634196,-0.24180712949711813,-0.39945462889548067,0.8396881165670285,-0.08462635498303706,-0.10127481918885967,-0.023803237284452945,-0.05856542565837578,-0.04223802027582775,-0.010049200792612373,0.01775512458734417,0.11711195544111752,0.026399863592031194,0.0011632745182271757,0.0011631589738207283,0.0011605192952959978,0.0013543563191558228,0.0013530697667311364,0.0014172114387525552,0.005312023904885689,0.005312139374663445,0.0052822774378019025,0.008726646259971648,0.008726646259971648,0.008726646259971648,0.0538234457729592,0.17389434976060955,12.152734063705278,2.3736579485801443,0.6192944552001656,-0.12150262837009508,-0.014250910858830235,0.001963067044408795,-0.0016265789788951768,-0.02400962200891874,-0.023296798245711414,0.006879297693096905,-0.025128525013513703,-0.015156423519809281,0.03968810464609951,-0.08322808969652032,-0.10242308723151985,0.0035760526670522005
45.35323224067688,-0.21667860448360443,-0.3842982053756714,0.800000011920929,0.0,0.0,-0.02741909958422184,0.0,0.0,0.0,0.0,0.0,0.0,-0.22675236882594813,-0.40390009331769716,0.8414146531779606,-0.050508408998445005,-0.07797173582285225,-0.03127560378690457,0.018985963588557878,-0.04861172256482774,0.0023247059345083074,0.20276779417277777,-0.023215344578895868,-0.023953486171306625,-0.24458342862366145,-0.4015101444439675,0.8392108161271576,-0.08365476888865217,-0.0939862260194572,-0.022356141439517856,-0.05186041060044285,-0.03984728165954723,-0.00877773098228392,0.018285313496000724,0.17417821003719314,0.04146527476547083,0.001137496870023908,0.0011373833711512881,0.001133182801288684,0.0013202537324470403,0.0013190171956820318,0.001381590112919852,0.00486627465011167,0.004866249648211683,0.004850584351691624,0.008726646259971648,0.008726646259971648,0.008726646259971648,0.05114488382590398,0.17602013111196924,12.149749283092307,2.343489994233521,-0.13395902328300713,-0.15715401722967037,-0.017831059797713322,0.002389948873729675,-0.0022038370508029592,-0.0325167336964733,-0.01677181772453767,0.009772612106772712,-0.027904824140057016,-0.0172119390682961,0.03921080420622869,-0.08235680803245383,-0.09512234324300593,0.005026775747050739
45.40323224067688,-0.21667860448360443,-0.3842982053756714,0.800000011920929,0.0,0.0,-0.02741909958422184,0.0,0.0,0.0,0.0,0.0,0.0,-0.22566097048186592,-0.40627621096968314,0.8415434351636083,-0.039727467468142666,-0.08218598853239474,-0.03199378191878479,0.024669970174731916,-0.0464329835146157,0.002826573491397492,0.22934392940373513,-0.13755883344026007,-0.025754564592957715,-0.24696771450894686,-0.40342771115545556,0.8388154451771453,-0.08282633440433003,-0.08414747950016303,-0.02047674082322432,-0.04332928025416077,-0.03689896286240001,-0.007208311323110199,0.013351108714101615,0.2046941266573809,0.04674286745748023,0.0011275536680473953,0.0011274610535571678,0.0011221532924416337,0.001287852916538632,0.0012867142945088845,0.0013476512979408138,0.00454821716432654,0.004547995931070332,0.0045401273510197356,0.008726646259971648,0.008726646259971648,0.008726646259971648,0.04934829372969013,0.1789565605176125,12.149666302885475,2.396222684396017,-0.5682234309937244,-0.18609664684843516,-0.021306744027080937,0.0028484998142275786,-0.002727989986462953,-0.04253865612257027,-0.0029098296223822044,0.013214844003740072,-0.03028911002534243,-0.019129505779784173,0.03881543325621639,-0.0816636969176208,-0.08527372600293388,0.00691049798719094
45.45323224067688,-0.21667860448360443,-0.3842982053756714,0.800000011920929,0.0,0.0,-0.02741909958422184,0.0,0.0,0.0,0.0,0.0,0.0,-0.2242876175460951,-0.4085397211324017,0.8416972068018418,-0.02764773016067085,-0.09268101130345084,-0.03265664509904315,0.03026414725609606,-0.044107422994121175,0.003324292037945144,0.2585566991428213,-0.27361554268717825,-0.029002774495547425,-0.24887710794406828,-0.40519749716341624,0.8384750793393907,-0.08169453616248268,-0.07259945235997524,-0.018637138287810155,-0.032567948353994736,-0.034063321493337476,-0.006418031340920777,0.031892379124057915,0.25281697354701455,0.04497602255376783,0.001125653782418931,0.00112559165499602,0.0011197882878682338,0.0012570330555483136,0.0012560177329144291,0.001315245196585733,0.004335603551881809,0.0043351881774342975,0.004329995924913876,0.008726646259971648,0.008726646259971648,0.008726646259971648,0.04232461663595808,0.18120533959251192,12.150765509298916,2.1346916184360096,-1.2851334477708687,-0.17088312758315874,-0.024589490397973174,0.0033422239689854805,-0.0032221274624510965,-0.05363948315468175,0.018958190758742166,0.016770976783922097,-0.03219850346046385,-0.020899291787744856,0.03847506741846174,-0.08069067312167745,-0.07371175769159255,0.00875466372278605
45.50323224067688,-0.21667860448360443,-0.3842982053756714,0.800000011920929,0.0,0.0,-0.02741909958422184,0.0,0.0,0.0,0.0,0.0,0.0,-0.22264333535262348,-0.4106841422952517,0.8418772383754195,-0.014552016683560843,-0.11089087414891112,-0.033303721492841075,0.03550714048277283,-0.04166942351988201,0.003876970905164771,0.27469291558390374,-0.44551775277293226,-0.031490308434872896,-0.2502015617582243,-0.4068608261455791,0.8381695019149961,-0.07927326413335517,-0.059408282599126574,-0.016739946693878648,-0.020734822320201147,-0.03260372373143334,-0.005746218418393208,0.05228488967009997,0.25228617287510774,0.04968206912018843,0.0011261563619499669,0.0011261256774565938,0.0011203659454582199,0.0012277720627283434,0.0012268851792455488,0.0012843420463858701,0.00420410655579196,0.0042035520784603556,0.004197911494210146,0.008726646259971648,0.008726646259971648,0.008726646259971648,0.03577504989758756,0.1837707821286159,12.1520566578337,1.8871817093483938,-1.350140366962614,-0.1869766134928593,-0.027558226405600794,0.003823316149672573,-0.0037077364604234386,-0.06453773594592624,0.0502237230028778,0.02050365181267886,-0.03352295727461985,-0.022562620769907726,0.03816948999406711,-0.0784508338655821,-0.06048904599736974,0.010656726258104822
45.55323224067688,-0.21667860448360443,-0.3842982053756714,0.800000011920929,0.0,0.0,-0.02741909958422184,0.0,0.0,0.0,0.0,0.0,0.0,-0.220745090456241,-0.4127034566812196,0.8420865178280268,-0.001090195025443742,-0.1377815559210536,-0.034003437991697937,0.04042265537253109,-0.039103151918837654,0.004494207199123625,0.27845363657060607,-0.6206703088182733,-0.03478251666968335,-0.25094419371653104,-0.4084516986255478,0.8379179597648707,-0.07648319500842307,-0.04660380416041746,-0.01485772210860525,-0.00897100857313683,-0.030796632783230974,-0.004286265068087416,0.05133826413327319,0.2541698507609722,0.04676214535434864,0.0011260157791846133,0.0011260122793510007,0.0011206814106782394,0.0012001172718077405,0.0011993440341779079,0.001254925437426258,0.00413066328463874,0.004130026516830778,0.0041224952279732925,0.008726646259971648,0.008726646259971648,0.008726646259971648,0.03465345416131863,0.1881303482250749,12.14087732794538,1.8704499450504384,-1.4618209226109637,-0.18268174586173938,-0.030199103260290044,0.004251758055671795,-0.00416855806315608,-0.0754524235407623,0.08981657645919335,0.02437663042207041,-0.03426558923292661,-0.024153493249876423,0.03791794784394176,-0.0758369098129372,-0.04764781590127761,0.012543046505347724
45.60323224067688,-0.21667860448360443,-0.3842982053756714,0.800000011920929,0.0,0.0,-0.02741909958422184,0.0,0.0,0.0,0.0,0.0,0.0,-0.2186024718100406,-0.414589008029515,0.8423126849329715,0.012408004492780513,-0.17356747730277458,-0.03484310692375746,0.0452820904754766,-0.036318902012969966,0.004552476998666539,0.2813777693424111,-0.8014068926460574,-0.037859981522938256,-0.25115783309551143,-0.40995732018233894,0.8377445011028657,-0.07415260335240206,-0.03680845510431905,-0.013092718281326235,0.00016020463390700268,-0.029107910655947034,-0.0027191597124507183,0.024362684908826666,0.15143602592342795,0.03136005535827796,0.0011237818962899224,0.0011237990911575001,0.00111911578223933,0.001173943630814177,0.001173256502527558,0.0012268433982319112,0.004088791840375542,0.004088092556511018,0.0040786414001004806,0.008726646259971648,0.008726646259971648,0.008726646259971648,0.03087200599529213,0.19311487717360964,12.136716351957714,2.1750019879295612,-0.41406313233312503,-0.15373193736078103,-0.03255536128547082,0.004631687847176047,-0.004568183830105821,-0.08681066569788494,0.13531404605967384,0.028413914115961444,-0.034479228611907,-0.02565911480666755,0.037744489181936736,-0.07364112585013535,-0.03782161565026169,0.014310719972253768
45.65323224067688,-0.21667860448360443,-0.3842982053756714,0.800000011920929,0.0,0.0,-0.02741909958422184,0.0,0.0,0.0,0.0,0.0,0.0,-0.21622160821890082,-0.41632911622133106,0.8425365643079089,0.02632124928732451,-0.21708413536926532,-0.03579704270513942,0.0499524531701201,-0.03328542565967595,0.004402697998826137,0.299529504258171,-0.9297555869599267,-0.039489955951144885,-0.25083245116105213,-0.41133050060606147,0.8376593779062611,-0.07268155125598327,-0.027126816276681273,-0.011531625772339254,0.012871940567372992,-0.025848101875307304,-0.0008071724731506684,0.03243838239544054,0.200500549722809,0.043464959023664436,0.0011186844945618177,0.0011187141588613512,0.001114747046793634,0.0011493396894498625,0.001148738441741036,0.0012002488822383543,0.004064284864512171,0.00406355996369862,0.0040527359746213385,0.008726646259971648,0.008726646259971648,0.008726646259971648,0.02072854529147722,0.1920801512485955,12.14099583944352,2.0856880915806824,-1.0693626919447565,-0.19207462754482107,-0.034610842942151304,0.004998615615269597,-0.004877186401647804,-0.09942133819498622,0.18843532469428725,0.032528365022962656,-0.0341538466774477,-0.02703229523039008,0.03765936598533215,-0.07230319497089885,-0.028120806695378003,0.015873720735120573
45.70323224067688,-0.21667860448360443,-0.3842982053756714,0.800000011920929,0.0,0.0,-0.02741909958422184,0.0,0.0,0.0,0.0,0.0,0.0,-0.21361990581890825,-0.4179188440028889,0.8427583040922115,0.040929866924800905,-0.26784502019241024,-0.03688073845492388,0.05411564282957348,-0.03030368560263222,0.004466893373275981,0.31321554435648913,-1.0908692592543985,-0.04303706488855392,-0.24987889966255636,-0.412551925002254,0.8376546076590052,-0.07106268678137548,-0.01597099854223958,-0.009971044043041834,0.02467715900218514,-0.023097697433901526,0.00025463081776960306,0.03404952610173747,0.2154951128284928,0.037906249735878035,0.001111682157841545,0.0011117139520966841,0.0011084470030018644,0.0011262713319594101,0.0011257547782934458,0.0011751487577602805,0.004050170093711314,0.004049480336526542,0.004037807251028668,0.008726646259971648,0.008726646259971648,0.008726646259971648,0.00488976856999825,0.1921292984329877,12.144588185939174,2.055621220022792,-1.300625843731663,-0.1801307764895495,-0.03625899384364811,0.005366919000634907,-0.005103696433206295,-0.11255514471979504,0.2503019903128816,0.036793658686621565,-0.03320029517895193,-0.02825371962658263,0.03765459573807628,-0.07083766454830523,-0.01694384911776366,0.017435932999750065
45.75323224067688,-0.21667860448360443,-0.3842982053756714,0.800000011920929,0.0,0.0,-0.02741909958422184,0.0,0.0,0.0,0.0,0.0,0.0,-0.21082984240684527,-0.4193594233476139,0.8429877440783562,0.05607273182933804,-0.32695393901265446,-0.03820004329605769,0.057486893652952356,-0.027319488186369298,0.004710706072508538,0.3253982408769109,-1.2635460891381922,-0.0459869812731989,-0.24840439263368985,-0.4136465220795141,0.8376683561242896,-0.0690403103261712,-0.005239623407311564,-0.008562247215043249,0.03405373015091239,-0.021092577754331883,7.543187478972229e-05,0.05379495478134949,0.20861690884389839,0.038990789703348905,0.0011042449813931617,0.0011042689429926074,0.001101637172896268,0.0011046895574776706,0.0011042417136004872,0.0011514880987908214,0.004044108298190733,0.004043506417447221,0.004031438829943837,0.008726646259971648,0.008726646259971648,0.008726646259971648,-0.007392029777169583,0.19255289725210406,12.151081803371133,1.8147619114323652,-1.3157679108963563,-0.18146160901255015,-0.03757455022684458,0.005712901268099813,-0.005319387954066612,-0.12576628017761635,0.32012019873763725,0.04114163652519348,-0.03172578815008542,-0.029348316703842692,0.037668344203360626,-0.06896280196129272,-0.006185685618730973,0.01884589749157923
45.80323224067688,-0.21667860448360443,-0.3842982053756714,0.800000011920929,0.0,0.0,-0.02741909958422184,0.0,0.0,0.0,0.0,0.0,0.0,-0.2078865687015473,-0.4206502633230018,0.8432374917212524,0.07140833362130637,-0.39471151107763336,-0.03984656799246128,0.06024405455897288,-0.02431411082915056,0.005279199643339014,0.325537971967812,-1.4369800223802205,-0.04900343928399391,-0.24649282404293077,-0.4146623938717658,0.837673530776536,-0.06619422371294621,0.005172747650008149,-0.007394683886224157,0.04215249638614294,-0.019906966299090383,0.0002525897500053273,0.06797469009751254,0.20303311145292482,0.02680202645839494,0.0010968983990889295,0.001096906224717065,0.0010948055256839021,0.0010844984332965934,0.0010840982264774598,0.0011291865821468705,0.0040382764951519354,0.004037802126520861,0.0040260421111024194,0.008726646259971648,0.008726646259971648,0.008726646259971648,-0.0170762356118439,0.19425816291528572,12.155352097787226,1.6273670906877618,-1.3277328101956396,-0.16063937549484011,-0.03860625534138348,0.0059878694512360275,-0.005563960944716451,-0.1383142650634112,0.39829908139714987,0.045441078305626305,-0.029814219559326338,-0.030364188496094402,0.03767351885560699,-0.06625987233784189,0.004264858458240446,0.02001434196288862
45.85323224067688,-0.21667860448360443,-0.3842982053756714,0.800000011920929,0.0,0.0,-0.02741909958422184,0.0,0.0,0.0,0.0,0.0,0.0,-0.20481754220824122,-0.42178870284845,0.8435210019107102,0.08640168914883929,-0.47114009022061765,-0.0419556427318254,0.06251700517326005,-0.021223470188772305,0.006061207934974253,0.31630796202148215,-1.6110122005872376,-0.05097878561890375,-0.24422163297505803,-0.4156514513144952,0.837683072210314,-0.06267437017462797,0.014594629046960598,-0.006704112772571577,0.04846573959176668,-0.01988514170566341,0.00012587570299180717,0.07023802284206565,0.1753791109721115,0.014714969300300551,0.0010902294036806597,0.0010902156715852697,0.0010885274185629058,0.001065724843092942,0.0010653512086155363,0.001108299539543351,0.0040375951925085505,0.004037272687374945,0.004025834709836264,0.008726646259971648,0.008726646259971648,0.008726646259971648,-0.023836877647664373,0.19872533874384177,12.159172500394615,1.5657987262710324,-1.0990235337132799,-0.14428312387167003,-0.03940409076681681,0.0061372515339547795,-0.005837929700396205,-0.14986938182137063,0.48416895429321755,0.049549925327607394,-0.027543028491453597,-0.031353245938823826,0.03768306028938506,-0.0628695656462517,0.013734266751181343,0.02070552403153933
45.90323224067688,-0.21667860448360443,-0.3842982053756714,0.800000011920929,0.0,0.0,-0.02741909958422184,0.0,0.0,0.0,0.0,0.0,0.0,-0.201643318986766,-0.42276702637209346,0.843848388018009,0.10073628498622147,-0.5559625573053599,-0.044614182373355134,0.06445192368575588,-0.0179094707569667,0.007034236356978794,0.3039995338543173,-1.7736089149701126,-0.052136319372654866,-0.24166391707489587,-0.41667068663058265,0.8376797552408753,-0.05891915826201783,0.02277126437982544,-0.006476009022242409,0.05364073138982278,-0.020633421242771337,-0.0002714499587214478,0.07528191091614475,0.1535195379925525,0.005731336979981481,0.001085065574243081,0.0010850284972735939,0.001083638335336761,0.0010482308304365655,0.0010478658574935445,0.0010886880365546822,0.004035220609097442,0.0040350462817832725,0.004024492829397064,0.008726646259971648,0.008726646259971648,0.008726646259971648,-0.03043137782668821,0.20509914244231967,12.162181881515375,1.4770940868396618,-0.8915653682802367,-0.12076226922319798,-0.04002059808812988,0.006096339741510803,-0.0061686327771336424,-0.16058983905228458,0.5771771291333049,0.05361101498752011,-0.024985312591291442,-0.03237248125491127,0.03767974331994639,-0.05922677372269976,0.02196175741270696,0.0209339730374201
45.95323224067688,-0.21667860448360443,-0.3842982053756714,0.800000011920929,0.0,0.0,-0.02741909958422184,0.0,0.0,0.0,0.0,0.0,0.0,-0.19838059296488927,-0.4235716826695236,0.844228187272809,0.11421458420514044,-0.6486305124822338,-0.04787969462488468,0.06605711718930077,-0.014276781140236703,0.008157733835021502,0.2872558737155818,-1.9258327210813577,-0.05211781039398244,-0.23888094313162064,-0.4177158732679949,0.8376432775146402,-0.05506194816505547,0.029594371659359766,-0.006734258302780874,0.057352710692175984,-0.021215206384468072,-0.0013932666735052706,0.08376124501565384,0.11773158494164322,-0.0025536426491946738,0.0010799925823471784,0.0010799339817789278,0.0010787248417311501,0.0010320131688820412,0.001031643006671527,0.0010703960975360163,0.004031384395989722,0.004031343892088283,0.004021601559469144,0.008726646259971648,0.008726646259971648,0.008726646259971648,-0.03629775652542864,0.20943647798533802,12.163746398054142,1.3676521921485882,-0.5875288301221504,-0.10538197607341708,-0.04050035016673137,0.005855809401528689,-0.006584909758168833,-0.17047529862941724,0.6766518147535452,0.05766512920668507,-0.022202338648016212,-0.03341766789232353,0.03764326559371123,-0.055463370018026634,0.028837199013967973,0.02067591195876294
46.00323224067688,-0.21667860448360443,-0.3842982053756714,0.800000011920929,0.0,0.0,-0.02741909958422184,0.0,0.0,0.0,0.0,0.0,0.0,-0.19504494024120922,-0.4241892828166884,0.8446661170471846,0.1265762127774136,-0.7484990903672174,-0.05183596130681764,0.06736899175790842,-0.010427224746356316,0.009359457140002417,0.26504011884229534,-2.062854700284678,-0.05133028675782101,-0.23594599153764426,-0.4188082085341612,0.8375278126542584,-0.05113531278096412,0.034874562526189784,-0.00740347873747463,0.05950521299812944,-0.022180082838557373,-0.003401138046451255,0.08755331566878113,0.07748885887513769,-0.012993430793095154,0.0010765166438116605,0.0010764418583487758,0.001075325976011536,0.001017001092973984,0.001016614437629797,0.0010533682251111084,0.0040305803226299095,0.004030638938400217,0.004021671387114308,0.008726646259971648,0.008726646259971648,0.008726646259971648,-0.04064367132074172,0.21314111846066966,12.17279040647467,1.2793596874842224,-0.10816511070068364,-0.07792475060674381,-0.04090105129643504,0.0053810742825272095,-0.007138304392926287,-0.17933888739243467,0.7817523628890112,0.06187392633226698,-0.019267387054039825,-0.03451000315848979,0.0375278007333294,-0.05160935010750072,0.0341707571043167,0.020006866564204136
46.05323224067688,-0.21667860448360443,-0.3842982053756714,0.800000011920929,0.0,0.0,-0.02741909958422184,0.0,0.0,0.0,0.0,0.0,0.0,-0.19164912618259294,-0.424609774343565,0.8451754379973349,0.13755984919171338,-0.8545828151380362,-0.0565582620872942,0.06846357058675043,-0.006392436328709357,0.01101338086600969,0.2384097387357908,-2.175908493516926,-0.049169901848325995,-0.2329800259899967,-0.41993811882110393,0.8372809618726906,-0.04683388303462085,0.037162076054348424,-0.008645159190912962,0.05871575300920648,-0.02278974425047432,-0.006659713619052692,0.09637346356096979,0.009017281606582278,-0.031633720221198966,0.001074656566309595,0.0010745731646525471,0.0010734820076428735,0.0010031240980897293,0.0010027142242037051,0.00103755726373221,0.004032232685720563,0.00403233371211109,0.004024104804625395,0.008726646259971648,0.008726646259971648,0.008726646259971648,-0.045048134218693386,0.2156229432515232,12.182758270182182,1.111420048292682,0.6788254235653883,-0.03839617192613499,-0.04133089980740376,0.004671655522461071,-0.007894476124644223,-0.18671592445767293,0.8900338248066321,0.06611065542715118,-0.016301421506392272,-0.03563991344543255,0.03728094995176168,-0.04733948861151843,0.03651695468042278,0.018765772575469297
46.10323224067688,-0.21667860448360443,-0.3842982053756714,0.800000011920929,0.0,0.0,-0.02741909958422184,0.0,0.0,0.0,0.0,0.0,0.0,-0.18820408876115652,-0.4248254241685708,0.8457799149634199,0.14682945355344007,-0.9652905362464739,-0.06209927978611849,0.06933792627069499,-0.0022335566715191374,0.013165697777392852,0.20338237666970477,-2.2496127600358835,-0.04503308800480006,-0.23010612913415035,-0.42111277141429543,0.8368478029502568,-0.041857765175566684,0.03701307735528875,-0.010773958696615843,0.0561212571718513,-0.024373495679904808,-0.010701457241511432,0.11231984294085813,-0.020649546557272504,-0.048259718731349745,0.0010741244666848781,0.0010740403930326102,0.0010729233401757647,0.0009903179412898808,0.0009898801818961829,0.0010229162998109445,0.004035295538977179,0.004035390161098188,0.004027829594187371,0.008726646259971648,0.008726646259971648,0.008726646259971648,-0.04794079820659182,0.22174861708467758,12.1978832642514,0.8840074393173051,1.0442847645451665,0.0006739052609465677,-0.04190204037299383,0.0037126527542753474,-0.008932112013163018,-0.19227326856239568,1.0004369667804704,0.06991068351019118,-0.013427524650545919,-0.03681456603862404,0.03684779102932789,-0.04236153216251921,0.03643601004745735,0.016638006906545082
46.15323224067688,-0.21667860448360443,-0.3842982053756714,0.800000011920929,0.0,0.0,-0.02741909958422184,0.0,0.0,0.0,0.0,0.0,0.0,-0.18471894938550823,-0.42482547291842554,0.8465109140176607,0.15387522023170674,-1.0791631750746178,-0.06861829657604483,0.07006764875524452,0.0022316066773281924,0.016074264392236574,0.1569843841548555,-2.3050440595058426,-0.038942770301920754,-0.2273964512743115,-0.42239717826985834,0.8362217223334865,-0.036038226725154776,0.035156879907130935,-0.013428718954222364,0.05197195890171364,-0.027229959747384708,-0.014117631574630838,0.12837029038253334,-0.05931435644899214,-0.06037434802724056,0.0010728783918801791,0.0010728000602878113,0.001071617802514315,0.0009784987068326824,0.0009780294140745863,0.0010093750516294996,0.004031319205205166,0.004031371109156801,0.004024431359119088,0.008726646259971648,0.008726646259971648,0.008726646259971648,-0.048930468019729514,0.22873746663037792,12.211052170380077,0.6406377380557269,1.5273609861671016,0.03876688993121057,-0.04267750188880326,0.0024282946485671975,-0.010289191684174193,-0.19538057561840597,1.1122582177606675,0.0735427762794685,-0.010717846790707058,-0.038098972894186955,0.036221710412557506,-0.03651683314309055,0.03465954568509166,0.013984588699662825
46.20323224067688,-0.21667860448360443,-0.3842982053756714,0.800000011920929,0.0,0.0,-0.02741909958422184,0.0,0.0,0.0,0.0,0.0,0.0,-0.18119856097289838,-0.42459352743890577,0.8474038025353046,0.15809604583725123,-1.195108609285629,-0.07641242621836083,0.07074788774913726,0.007046212503461204,0.019641276313514585,0.09841790657691969,-2.3363215478947104,-0.030947803365527216,-0.2249228815096257,-0.42384534353348235,0.8354319113293033,-0.029767664091883753,0.031842746592335325,-0.016711762259370818,0.04707860358453672,-0.03073275261991658,-0.017367799922643708,0.12011022214214159,-0.06955058459756483,-0.07228754236949478,0.0010703390138003708,0.0010702706306148918,0.0010690003944780007,0.0009676072987798045,0.0009671056442232997,0.0009968925501770622,0.0040207683788186675,0.004020757638990162,0.004014379183729549,0.008726646259971648,0.008726646259971648,0.008726646259971648,-0.04952443469455718,0.23448137734401556,12.224623165825454,0.669573390827186,1.6870461098820304,0.07827248511771677,-0.04372432053672731,0.0007481839054234163,-0.011971891206001284,-0.1960204616428669,1.2246387470286002,0.07731421119865385,-0.008244277026021263,-0.03954713815781097,0.03543189940837432,-0.03020119540551073,0.031431449921256883,0.010702995730022168
46.25323224067688,-0.21667860448360443,-0.3842982053756714,0.800000011920929,0.0,0.0,-0.02741909958422184,0.0,0.0,0.0,0.0,0.0,0.0,-0.17764490306893796,-0.4241136717796874,0.8484920053933189,0.15917467630894297,-1.3122971363005738,-0.08568332220396156,0.07139842840928852,0.012148013865275396,0.02388683800706092,0.04129821163756509,-2.3596147800978278,-0.02097755666980962,-0.22269219265187656,-0.42545880117879464,0.8344744071609065,-0.02437007196904765,0.02786313486738984,-0.02055173047772468,0.042147318933311806,-0.03336573102994656,-0.02076370480269049,0.0905962397506076,-0.09111942573190537,-0.08298558960442942,0.0010698885248951204,0.0010698326852881133,0.0010684826334732046,0.0009576260442674253,0.0009570931655087352,0.000985445159109675,0.00401821982775392,0.004018143627770344,0.004012101432075521,0.008726646259971648,0.008726646259971648,0.008726646259971648,-0.05170351590683402,0.24307148870071474,12.236838687859986,0.9682985636971049,1.9724923697178223,0.11065754399340207,-0.045047289582938604,-0.0013451293991072477,-0.014017598232412443,-0.19517416235103544,1.3375195078186868,0.08226141301545516,-0.006013588168272133,-0.04116059580312326,0.03447439523997753,-0.024749373844586805,0.02752599374538217,0.006864238181776654
46.30323224067688,-0.21667860448360443,-0.3842982053756714,0.800000011920929,0.0,0.0,-0.02741909958422184,0.0,0.0,0.0,0.0,0.0,0.0,-0.1740614419834853,-0.4233679884131824,0.8498077557385537,0.15737561943813344,-1.4301768389722653,-0.09625398490831938,0.07194001500882595,0.017679320794924524,0.028743175802333834,-0.0008852246582944159,-2.3686356993091566,-0.009388057030307848,-0.22069337801528957,-0.4271493430089868,0.83335273463459,-0.020563822796497645,0.023425891194844627,-0.024758687020005356,0.037929953665180934,-0.03420754292709927,-0.02396351662090304,0.060734416075218206,-0.08825722998420282,-0.0883860241241372,0.0010702539395280217,0.0010702106239573255,0.0010687939404324868,0.0009484799255930637,0.0009479179881475381,0.0009749586708527061,0.004017753727626331,0.004017626697710503,0.004011729795961594,0.008726646259971648,0.008726646259971648,0.008726646259971648,-0.055545177824770295,0.24802245387941416,12.248227316674308,1.292705963873444,1.9922481668624825,0.13252535100891932,-0.046631936031804266,-0.0037813545958044203,-0.016455021103963685,-0.19363038309422048,1.4505614012406987,0.08905456068912729,-0.00401477353168514,-0.04285113763331544,0.033352722713661076,-0.020882511404785815,0.023141193527733278,0.0026581924688915816
46.35323224067688,-0.21667860448360443,-0.3842982053756714,0.800000011920929,0.0,0.0,-0.02741909958422184,0.0,0.0,0.0,0.0,0.0,0.0,-0.17045570364545268,-0.4223395509937215,0.8513805587595703,0.1532602293770789,-1.5483953209476027,-0.10766941260840145,0.07228951851246662,0.02345817598350943,0.03416894503832357,-0.026848290945341587,-2.3766688286632536,0.003294832959971525,-0.21890774011309166,-0.4288451131805805,0.8320848368222927,-0.018358825517657155,0.01853707320804244,-0.029261639650788693,0.03362036925227881,-0.03323598155552697,-0.026656771268103636,0.030682960482344614,-0.10152540951364421,-0.09179192983959739,0.0010700612609480346,0.0010700287169463844,0.0010685560082763547,0.0009400984212456625,0.0009395101657538851,0.0009653752032839475,0.00401459993605191,0.0040144417962075405,0.004008627814568237,0.008726646259971648,0.008726646259971648,0.008726646259971648,-0.061978768592056324,0.2516260325868869,12.263728688168063,1.6222084797035108,2.1523682220783127,0.1542291354541295,-0.04845203646763899,-0.006505562186858993,-0.019295721937277577,-0.19184087533958896,1.56342288069212,0.09761371117804146,-0.0022291356294872333,-0.04454690780490911,0.03208482490136377,-0.0186105658351194,0.01828299810032398,-0.0018440952994600158
46.40323224067688,-0.21667860448360443,-0.3842982053756714,0.800000011920929,0.0,0.0,-0.02741909958422184,0.0,0.0,0.0,0.0,0.0,0.0,-0.16684053212069766,-0.42101766634144716,0.8532440269567533,0.14738917958368158,-1.666768599606568,-0.11937090021814585,0.07231734247774296,0.029417210107467145,0.04036978284900026,-0.03633623144088266,-2.376695955256558,0.017062912172509548,-0.2173220354289052,-0.4304340524487906,0.8306923748064363,-0.016944715639781675,0.013610645884331677,-0.03394610332094468,0.02998250878725358,-0.03041098862559495,-0.028866696988054604,0.022721308588369134,-0.10218809705231624,-0.09523592802231032,0.0010699788410837286,0.001069954889555618,0.0010684404571616995,0.0009324415198403544,0.0009318288689017582,0.0009566560653732369,0.004011237344332561,0.004011065930703227,0.004005236166310354,0.008726646259971648,0.008726646259971648,0.008726646259971648,-0.06672030521622352,0.2505434989278328,12.276919298070586,1.6854164109608443,2.202861682813103,0.1787443376965664,-0.050481503308207554,-0.009416386107343466,-0.02255165215031696,-0.18959108960072946,1.6763662832690949,0.1070845761558309,-0.0006434309453007825,-0.04613584707311924,0.030692362885507363,-0.017128921174684605,0.01337645113049693,-0.006528083029555418
46.45323224067688,-0.21667860448360443,-0.3842982053756714,0.800000011920929,0.0,0.0,-0.02741909958422184,0.0,0.0,0.0,0.0,0.0,0.0,-0.16322989631845852,-0.41939918315004854,0.8554340253068485,0.14002787038202988,-1.7850600313272866,-0.1309605039402854,0.07210808961181094,0.03532211754847299,0.04723015115480403,-0.04266377537355814,-2.374198408813123,0.03205675149717147,-0.21591212058034132,-0.4318869140550572,0.8292129586738853,-0.01608607707960234,0.008333031929895816,-0.038721174421081736,0.026346278504338936,-0.027313000583589504,-0.029995216902129956,0.00505365949553528,-0.11311067650157496,-0.09730939929079038,0.0010693209711906736,0.001069303574651601,0.0010677567467330111,0.0009254423919724072,0.0009248078439920767,0.0009487354220069652,0.004005676369949601,0.004005496771427342,0.003999700182404592,0.008726646259971648,0.008726646259971648,0.008726646259971648,-0.07171561611493307,0.2495307053935086,12.289269539219902,1.898115482649512,2.3762242142125403,0.20851478044788258,-0.05268222426188279,-0.012487730905008654,-0.026221066632963197,-0.18682110357003,1.788857650119635,0.1171215054561166,0.0007664839032631154,-0.047588708679385805,0.02921294675295638,-0.016197878176003197,0.008111259286745477,-0.01130282471421325
46.50323224067688,-0.21667860448360443,-0.3842982053756714,0.800000011920929,0.0,0.0,-0.02741909958422184,0.0,0.0,0.0,0.0,0.0,0.0,-0.15963596729813986,-0.41748672057851777,0.8579824798736704,0.13129384049432244,-1.9030107265816183,-0.14209772247924138,0.07164907120094346,0.04117638531276179,0.054708031518072554,-0.03835636572179994,-2.363032735799717,0.04853911295939699,-0.2146910064691263,-0.43314699509599763,0.8277448400415802,-0.016145255148958915,0.00244918186049743,-0.04326898824711532,0.02226455309607659,-0.023047121723906563,-0.028461773708515464,-0.003407428163743839,-0.13959657730789174,-0.08827147025544735,0.0010691485831430794,0.001069136228114118,0.0010675713395626237,0.0009190764994236586,0.0009184229620487553,0.0009415851864897912,0.00400185969234611,0.004001672949387774,0.003995856842493815,0.008726646259971648,0.008726646259971648,0.008726646259971648,-0.07311681842730913,0.24698342836934284,12.291312453857296,1.9861354909619824,2.7588508693562104,0.2056182641596392,-0.05505503917098645,-0.015660274517479866,-0.030237639832090157,-0.18351432833616893,1.9003958000621424,0.12808360135200503,0.0019875980144781202,-0.04884878972032625,0.027744828120651266,-0.016176221404941078,0.0022274639989935375,-0.01585049794340752
46.55323224067688,-0.21667860448360443,-0.3842982053756714,0.800000011920929,0.0,0.0,-0.02741909958422184,0.0,0.0,0.0,0.0,0.0,0.0,-0.15606674070125506,-0.41528472871505284,0.8609073821019523,0.12135167802549515,-2.019953442340157,-0.1523516765285834,0.0711199926744572,0.04690328922584231,0.0622880576132108,-0.02964795565441847,-2.3327357300291287,0.06487664860721035,-0.21369351595175792,-0.4341780813647937,0.8263860403611917,-0.016273233562626697,-0.004708532605829392,-0.047532333307002614,0.01765680221779883,-0.018340599516794526,-0.025783830902242674,0.006755915657000176,-0.15594004893442281,-0.08108859846650636,0.0010690996132498875,0.0010690911139744957,0.0010675185796063308,0.0009132852897021779,0.0009126157138837511,0.0009351436985646566,0.003998576260620134,0.003998380394131748,0.0039925299859897515,0.008726646259971648,0.008726646259971648,0.008726646259971648,-0.07173511391275057,0.2443914070844808,12.285749519623899,1.8945192448014687,3.0195469255782568,0.2068856025709028,-0.05762677525050286,-0.018893352649740847,-0.0345213417407606,-0.17899393790880957,2.0097002772720707,0.13887365391924922,0.002985088531846508,-0.0498798759891223,0.02638602844026272,-0.016205901927735737,-0.004930800748092216,-0.02011388942856276
46.60323224067688,-0.21667860448360443,-0.3842982053756714,0.800000011920929,0.0,0.0,-0.02741909958422184,0.0,0.0,0.0,0.0,0.0,0.0,-0.15252224090005087,-0.4127996316825396,0.8642043319671998,0.11014329761903063,-2.135076586282994,-0.16164153495558195,0.0706599993736988,0.05250059207468053,0.06958993699668023,-0.025520357895061838,-2.2894039214474327,0.08127755117558921,-0.21293806669813556,-0.4349925029801745,0.8251809010568576,-0.0161116201363773,-0.012641001937328648,-0.05137770008933859,0.012477633133715254,-0.014123726097081495,-0.022170964349487975,0.004280393701718114,-0.16775784477813752,-0.07755026010630348,0.001069054417534469,0.0010690487663991273,0.001067475826966688,0.0009080268856044247,0.0009073430679379016,0.000929362232981261,0.0039951107347415155,0.003994903251272326,0.0039890094494122695,0.008726646259971648,0.008726646259971648,0.008726646259971648,-0.06994530436462087,0.24538524686014018,12.270829855960859,1.9281832936404644,3.2642759991774475,0.21748893106053807,-0.06041582579808469,-0.02219287129763492,-0.039023430910342216,-0.17281765119864628,2.116503156292353,0.149035209364037,0.0037405377854688726,-0.050694297604503114,0.02518088913592864,-0.015935437371350367,-0.012859583236772741,-0.023959558693075297
46.65323224067688,-0.21667860448360443,-0.3842982053756714,0.800000011920929,0.0,0.0,-0.02741909958422184,0.0,0.0,0.0,0.0,0.0,0.0,-0.1489985035019499,-0.4100334272078652,0.8678477262220415,0.09755139854135583,-2.247731296445533,-0.16996929529477192,0.07028949655034693,0.05814758691230092,0.07614583319699667,-0.019709557693756104,-2.2338356591857838,0.09820862016844747,-0.21246618151163865,-0.43559104076331806,0.8241796559093043,-0.016219307309395053,-0.02114485318745878,-0.054909731061167304,0.006292055406818501,-0.009604962734781392,-0.017684331236216246,0.004827256377040885,-0.17468628511954817,-0.07207637417500087,0.0010684944421957907,0.0010684905393394863,0.001066919092548685,0.0009032620525092044,0.0009025660712190623,0.0009241860256860144,0.003989528312176937,0.003989310820651754,0.003983437739108443,0.008726646259971648,0.008726646259971648,0.008726646259971648,-0.06595069848405698,0.24511378692782532,12.253160860218902,1.9348045028993548,3.4264142640471156,0.2197660495599265,-0.06346767800968875,-0.025557613555452885,-0.04366807031273723,-0.1652644726349505,2.220321763705992,0.15899890880937068,0.004212422971965779,-0.051292835387646674,0.024179643988375354,-0.015926406306623415,-0.021363207209041193,-0.027492254060916977
46.70323224067688,-0.21667860448360443,-0.3842982053756714,0.800000011920929,0.0,0.0,-0.02741909958422184,0.0,0.0,0.0,0.0,0.0,0.0,-0.14548829798766533,-0.4069852123162247,0.8717968290422222,0.08352685419564282,-2.3574008996139786,-0.17722360907303294,0.07011872402102323,0.06378100875330638,0.08181827961021611,-0.013567697029504992,-2.1701604836806427,0.11525354508627758,-0.21231622719562115,-0.43594051887520413,0.8234214958152342,-0.016204560732894932,-0.030083529455721212,-0.05812415697277986,-0.0003257397867950097,-0.004655170210232189,-0.012640940251167639,0.01980448632232303,-0.1851306662317222,-0.061711983843335545,0.0010686501535479103,0.0010686467530546932,0.001067086555161574,0.0008989597342108569,0.0008982519550831155,0.000919584209170885,0.003986857926467995,0.0039866322673152085,0.003980725271157227,0.008726646259971648,0.008726646259971648,0.008726646259971648,-0.05965881946203736,0.2418858232353563,12.235818727585324,1.7434508648579266,3.6528595938019826,0.21497801397618935,-0.06682792920795583,-0.028955306558979432,-0.04837533322698806,-0.1560125881921973,2.3208124777262644,0.168159713858261,0.004362377287983277,-0.051642313499532744,0.023421483894305206,-0.01578901664174437,-0.030299777284114992,-0.030707725125679982
46.75323224067688,-0.21667860448360443,-0.3842982053756714,0.800000011920929,0.0,0.0,-0.02741909958422184,0.0,0.0,0.0,0.0,0.0,0.0,-0.14197876625106992,-0.40365936128715,0.8760078765172712,0.06790298437345664,-2.463557649720017,-0.18364312115521847,0.07026254544280051,0.06925303240968758,0.08662361939175589,-0.016993518267325623,-2.0951630416877682,0.13205906822491842,-0.21250495692406854,-0.43608073485791754,0.8229099520484703,-0.01501237044113105,-0.03950552398055295,-0.06085156520057485,-0.0072255702201100775,-0.0008525859783029817,-0.007667794409353583,0.03301071061880409,-0.19522793078707512,-0.054660336528916116,0.0010676513466232188,0.0010676470148332307,0.0010660929789374422,0.0008950626456811874,0.0008943420145042875,0.0009154847796185178,0.003979374817941722,0.003979149391539102,0.003973272744360009,0.008726646259971648,0.008726646259971648,0.008726646259971648,-0.052151917392892815,0.23916907415316915,12.221825615040519,1.5526194719556132,3.8595457385565384,0.20865700412957286,-0.07052619067299862,-0.03242137357076752,-0.053097924468800906,-0.14420102693093584,2.4175150688030174,0.17542942854553067,0.004173647559535892,-0.051782529482246153,0.02290994012754133,-0.014467815005059186,-0.03970334046697935,-0.03343654641884292
46.80323224067688,-0.21667860448360443,-0.3842982053756714,0.800000011920929,0.0,0.0,-0.02741909958422184,0.0,0.0,0.0,0.0,0.0,0.0,-0.13845265981579924,-0.400063305011609,0.8804416995907162,0.050451638701377075,-2.565585830097227,-0.18982481635200404,0.07078171196803501,0.07458921861195944,0.09072930354605548,-0.029960909150261377,-2.0098312924571666,0.14854854087122846,-0.21303579508927495,-0.4360385694239879,0.8226646243511516,-0.0135211463075983,-0.04913121038625487,-0.06309333866950285,-0.013848255515554431,0.0026636554522191354,-0.0020255274203408286,0.026620748000299295,-0.18361970186919094,-0.03790038596449965,0.0010673790833003178,0.001067372297335061,0.001065833483897446,0.0008915687216259898,0.0008908329822275737,0.000911874056655164,0.003975146531261877,0.003974932764092868,0.003969042829241687,0.008726646259971648,0.008726646259971648,0.008726646259971648,-0.04430535319832418,0.23773921799584716,12.207623806559994,1.6180592443841508,3.793855053092073,0.18510175483380092,-0.07458313527347571,-0.03597526441237886,-0.057777075239564546,-0.13007888044212304,2.510034667611946,0.1822083204957341,0.0036428093943294826,-0.0517403640483165,0.022664612430222664,-0.012844880301335264,-0.049306391552119175,-0.03568017211626271
46.85323224067688,-0.21667860448360443,-0.3842982053756714,0.800000011920929,0.0,0.0,-0.02741909958422184,0.0,0.0,0.0,0.0,0.0,0.0,-0.13489078684902311,-0.3962022267461506,0.8850630546112761,0.031127494458392677,-2.6632636281102378,-0.1960688214782788,0.07169320670299804,0.07985391200636595,0.09412489727632932,-0.03965631141177182,-1.9277840774997763,0.16386025105275215,-0.21385545994914507,-0.43579851259078606,0.8227271680860657,-0.01272296717860134,-0.0579167593706682,-0.06457292964027889,-0.018919024890137737,0.007036521990455696,0.004783873395187847,0.008080143131380823,-0.17302399736191296,-0.022172468986720012,0.001066669890369676,0.0010666594863735883,0.0010651369002920479,0.0008884236168219834,0.0008876707849345372,0.0009086965934738846,0.003969488920009548,0.003969292429459704,0.003963405784794152,0.008726646259971648,0.008726646259971648,0.008726646259971648,-0.037524517011717225,0.23484991810877281,12.18626506936936,1.8214665058543529,3.751440717470119,0.15837586689794705,-0.07896467310012195,-0.03959628584463548,-0.06233588652521038,-0.11367272408290259,2.599125781830828,0.19005582896715054,0.0028231445344593653,-0.05150030721511467,0.022727156165136764,-0.011926397311913117,-0.058078985850316206,-0.037161864174094936
46.90323224067688,-0.21667860448360443,-0.3842982053756714,0.800000011920929,0.0,0.0,-0.02741909958422184,0.0,0.0,0.0,0.0,0.0,0.0,-0.1312748631002661,-0.39208152543583125,0.8898274908968609,0.010082616176942524,-2.7567321353371814,-0.2020640216814961,0.07294374324729128,0.084974140406418,0.09645255414707109,-0.039181350599771354,-1.8478575793234953,0.17783566683748103,-0.21492884985595445,-0.4353260926104273,0.8231582625343999,-0.012480338884788517,-0.06599378597384115,-0.06537845899372292,-0.023699957613364523,0.012194294668308965,0.012553385644435828,0.013642033641202998,-0.14223675519101042,-0.012936332383180815,0.0010662977980367052,0.001066283032262611,0.0010647844777186759,0.000885609537319404,0.0008848377033263446,0.0009059193177632189,0.003966045666865055,0.003965871049474247,0.003959961424381453,0.008726646259971648,0.008726646259971648,0.008726646259971648,-0.03231003346656806,0.22739681763546357,12.162202005448655,1.732397129614023,3.4373551225623866,0.14208853650028302,-0.08365398675568836,-0.04324456717459607,-0.06666922836246092,-0.09501584969652625,2.684790796999,0.19843038849921352,0.0017497546276499798,-0.05102788723475593,0.023158250613470988,-0.011573082600623065,-0.06615086677150923,-0.037969666485544847
46.95323224067688,-0.21667860448360443,-0.3842982053756714,0.800000011920929,0.0,0.0,-0.02741909958422184,0.0,0.0,0.0,0.0,0.0,0.0,-0.12758989441986246,-0.3877141290811003,0.8946782311960825,-0.012651196457922126,-2.846421348212818,-0.20773283176728466,0.07445500396884216,0.08972171378280529,0.09757705782177784,-0.043159858599787694,-1.7836353608925908,0.19099671610232863,-0.2162054879379361,-0.4345821346046982,0.8239760608877471,-0.011609664083612024,-0.07223978976929224,-0.06572149272557908,-0.02728494952977139,0.017315964564989593,0.019773252905998635,0.02988447735248442,-0.11496192082377858,-0.00168416468300487,0.0010663303787078727,0.0010663109249892959,0.0010648443181011068,0.0008831030071569352,0.0008823123989109554,0.0009035215170833098,0.003964828687903075,0.003964670333153897,0.003958712445562398,0.008726646259971648,0.008726646259971648,0.008726646259971648,-0.026162518410798315,0.21924080530149617,12.140421790007068,1.5395829530626435,3.196785403277952,0.12281822944385809,-0.08861559351807363,-0.04686800552359788,-0.07070217030833537,-0.0741891220888837,2.7686704559358835,0.2056159939036035,0.0004731165456683395,-0.0502839292290268,0.023976048966818153,-0.010616966947834185,-0.07238355434754112,-0.03831462526773196
47.00323224067688,-0.21667860448360443,-0.3842982053756714,0.800000011920929,0.0,0.0,-0.02741909958422184,0.0,0.0,0.0,0.0,0.0,0.0,-0.12382167830956209,-0.38311954907296814,0.8995579714097367,-0.037207091298242644,-2.9329544752605017,-0.2137020391720459,0.0762736404431813,0.09406148654249355,0.09761255072440508,-0.0567790754273719,-1.7314416284259164,0.20319425001435318,-0.21764697845547504,-0.4335987387280045,0.8251064195818745,-0.009976754076414246,-0.0776363913645671,-0.0657958686637821,-0.030017326259143676,0.02175771452118428,0.025101800875948065,0.04534596315350931,-0.0921054915456886,-0.004218958943806972,0.0010671816220141842,0.0010671571964211211,0.0010657305162351499,0.0008808713647815402,0.0008800592428122042,0.0009014614909622216,0.00396725751658692,0.0039671057928748615,0.003961084775513433,0.008726646259971648,0.008726646259971648,0.008726646259971648,-0.021355691820634598,0.21174701795780587,12.122709106221219,1.3369191315891222,2.980859486287772,0.12701286247841007,-0.09382530014591295,-0.05047918965503634,-0.07445155182786223,-0.051260027221816454,2.8504162408117746,0.21186147327678204,-0.0009683739718706064,-0.04930053335233309,0.025106407660945518,-0.008910429059741883,-0.07775661079224118,-0.03839076895365571
47.05323224067688,-0.21667860448360443,-0.3842982053756714,0.800000011920929,0.0,0.0,-0.02741909958422184,0.0,0.0,0.0,0.0,0.0,0.0,-0.11995652184230707,-0.37831734766103114,0.90441734541379,-0.06374028547369359,-3.016813427467542,-0.22084913079048385,0.07833261824702861,0.09802656993499732,0.09676240943773995,-0.0805314833286316,-1.6900441918087505,0.2156015155781053,-0.21917520572235366,-0.4324346035882098,0.8264489756252105,-0.007326748043872163,-0.08222169905421889,-0.0657634188559716,-0.03157514724105262,0.024766192995073755,0.02832287630426261,0.06911642203791377,-0.12916971729313081,-0.0016779837566532553,0.0010668456852936325,0.001066815475120195,0.0010654191805945768,0.0008788785129994018,0.0008780415125321411,0.0008996996025730947,0.00396420795990957,0.003964052819024657,0.003958074473998859,0.008726646259971648,0.008726646259971648,0.008726646259971648,-0.015931770622292524,0.2030984000107634,12.112991386102898,1.0486413287622247,3.506694433876819,0.1267752847083427,-0.0992186838800466,-0.05411725592717864,-0.07796836978857957,-0.026382978098972634,2.930502685758901,0.2175386323213006,-0.00249660123874923,-0.0481363982125384,0.026448963704281514,-0.006198134875537109,-0.08230462271305101,-0.03835988942695114
47.10323224067688,-0.21667860448360443,-0.3842982053756714,0.800000011920929,0.0,0.0,-0.02741909958422184,0.0,0.0,0.0,0.0,0.0,0.0,-0.11598163658336118,-0.37332770285190203,0.9092220652033629,-0.09227980522223492,-3.097508982893963,-0.23027582868800212,0.08066279211079334,0.1015592224301495,0.09542638214515861,-0.11869778137124076,-1.622355007812124,0.22799690225335584,-0.22077738536729982,-0.4311292299863052,0.8279145255293047,-0.004255093010385032,-0.08746741549620081,-0.06561740480248657,-0.030974776077535408,0.027251840182889033,0.030255848485227513,0.0753238632075573,-0.039095589850979884,0.004337937535450051,0.0010662778116621308,0.0010662405122451007,0.0010648713936553791,0.0008771134325881424,0.0008762429658676783,0.0008982040774002725,0.003959783072004944,0.003959618310362322,0.0039536955204543525,0.008726646259971648,0.008726646259971648,0.008726646259971648,-0.01014765114478166,0.19647459515276092,12.119231620226882,0.9222530857379467,2.444120488138611,0.11622654995190684,-0.10479574878393864,-0.057801527134403174,-0.08130753967405824,0.0005055747975464868,3.0069230163748304,0.2243154322926151,-0.004098780883695391,-0.04683102461063382,0.027914513608375713,-0.0030552293020553642,-0.0875071463526589,-0.038215828301972295
47.15323224067688,-0.21667860448360443,-0.3842982053756714,0.800000011920929,0.0,0.0,-0.02741909958422184,0.0,0.0,0.0,0.0,0.0,0.0,-0.11188301248188073,-0.36816970517408854,0.913967783920961,0.1193647405010493,3.084594098278584,0.23610809838682092,0.08328217194843328,0.10476068468240107,0.09440236655877667,-0.16318349156505804,-1.6077945211024147,0.23986485219078282,-0.22225350591216847,-0.42973752177797947,0.8294782040901952,-0.0007476586281925208,-0.08943466473477002,-0.06493422225768312,-0.028521091079176896,0.028221588952775458,0.03234840851354498,0.05989860278485792,-0.05591124006381394,0.013380416046115364,0.0010655409299696699,0.0010654947856608148,0.0010641513705962073,0.000875545347726228,0.0008746457820005912,0.0008969650575863373,0.003954616257178264,0.003954431340914434,0.0039485875209780055,0.008726646259971648,0.008726646259971648,0.008726646259971648,-0.00870693438603312,0.19343819982174112,12.109303807473298,1.0779727782696358,2.716350942160227,0.09669794934989691,-0.11037049343028774,-0.061567816603890935,-0.08448957983076577,0.029639432633636952,3.084191149869921,0.23365991379849793,-0.005574901428564039,-0.04543931640230808,0.029478192169266282,0.0004784261935080265,-0.0894260387112124,-0.03753340098333992
47.20323224067688,-0.21667860448360443,-0.3842982053756714,0.800000011920929,0.0,0.0,-0.02741909958422184,0.0,0.0,0.0,0.0,0.0,0.0,-0.10765161849256927,-0.3628554298778255,0.9186498920932987,0.14375465226044268,3.0041367347706287,0.2397384269357938,0.08597358762401101,0.1078103271681021,0.0928819603347153,-0.19988321713229654,-1.5796225116916214,0.2507563720981109,-0.2237051428810667,-0.42829558973749177,0.8311216613950597,0.001267311999681685,-0.0956284809904743,-0.06431697871639062,-0.028751346161273096,0.030107606097422933,0.03297092797486194,0.02745551508866362,-0.12248861591119807,0.013053561982644325,0.0010652581815284753,0.0010652005897571679,0.0010638894482842664,0.0008741950430073939,0.0008732419233504101,0.0008959443096568155,0.003951875211573234,0.003951687101494671,0.003945899277379273,0.008726646259971648,0.008726646259971648,0.008726646259971648,-0.006354432003367346,0.18868042572030286,12.105100004765434,1.4402079250343,3.485828018483902,0.09645756917876613,-0.11605352438849742,-0.06544015985966628,-0.087528230698239,-0.06012437640321551,-3.107271226848912,-0.24402212855096073,-0.007026538397462256,-0.04399738436182038,0.031121649474130764,0.0025778770300424105,-0.09559106191950088,-0.03691877946314006
47.25323224067688,-0.21667860448360443,-0.3842982053756714,0.800000011920929,0.0,0.0,-0.02741909958422184,0.0,0.0,0.0,0.0,0.0,0.0,-0.1032827130915012,-0.35739461967490493,0.9232507252010479,0.16734431987661677,2.925626910398903,0.24531060165714366,0.08878262841872164,0.11062208094873079,0.09115136397526098,-0.21847118536129762,-1.5129766484646503,0.2616358729968809,-0.22494361377201477,-0.4267094132993178,0.8327693933452927,0.0024601927716710937,-0.09786453436655602,-0.06301014848919784,-0.02111877014330459,0.03335251867502596,0.0329206953417886,0.03180829836275651,-0.06562971407178818,0.03135530228433165,0.0010652151610993305,0.0010651435071548992,0.0010638688841647552,0.0008729935857618431,0.0008719942334645561,0.0008951318181747804,0.003950804790725699,0.00395060160392796,0.003944829705676231,0.008726646259971648,0.008726646259971648,0.008726646259971648,-0.011215715801697518,0.17864503555856723,12.104144998572606,1.3706159181843136,2.9701986616175753,0.06825853871146437,-0.12166090068051358,-0.06931479362441284,-0.09048133185575524,-0.0892483284146198,-3.0316083523976456,-0.2499400680184477,-0.008265009288410341,-0.04241120792364639,0.0327693814243637,0.003801169854022003,-0.09781058703257985,-0.035612948240350176
47.30323224067688,-0.21667860448360443,-0.3842982053756714,0.800000011920929,0.0,0.0,-0.02741909958422184,0.0,0.0,0.0,0.0,0.0,0.0,-0.09877943225544551,-0.35180576602065516,0.9277638347330832,0.19011515715930374,2.8494256989137425,0.252289071086712,0.09134860502351579,0.11293206522127272,0.08937301730616524,-0.24053875393279783,-1.4721122530809942,0.2711054223722859,-0.22597639574486966,-0.4249420423989448,0.8343831656985192,0.003431700567723911,-0.10539948361519637,-0.06167901722758468,-0.01925234546329187,0.03704435924360663,0.03135721778700941,0.009297065710400029,-0.13026292787886218,0.03233597346295721,0.0010647878812683363,0.0010646996734840358,0.0010634622182990718,0.0008719668957389081,0.0008708889948397221,0.0008944713675739596,0.003949000654578856,0.003948820338500303,0.003943086510651493,0.008726646259971648,0.008726646259971648,0.008726646259971648,-0.014454564059374573,0.16660118481027522,12.111829197645504,1.6152729619568404,3.662129776197957,0.0456098950205687,-0.12719696348942416,-0.07313627637828962,-0.09338066903456399,-0.11822513929860512,-2.963442846905154,-0.25713017514730563,-0.009297791261265231,-0.0406438370232734,0.03438315377759027,0.004875777570667085,-0.1053309818791178,-0.03428533056065408
47.35323224067688,-0.21667860448360443,-0.3842982053756714,0.800000011920929,0.0,0.0,-0.02741909958422184,0.0,0.0,0.0,0.0,0.0,0.0,-0.09415190114947157,-0.3461164679662128,0.9321976321805057,0.21203039622676687,2.775778708628404,0.2603832740558211,0.09375263921542643,0.11463985695640033,0.08797888059071418,-0.2503734703156738,-1.3966513019683102,0.2794425395631474,-0.22671168296987457,-0.4229967497181231,0.8359338166934815,0.004071945323935322,-0.10711119836283793,-0.05958513032217094,-0.010574171245243383,0.04090843265620019,0.031031267775622876,0.024752640228415217,-0.006914319930063564,0.045470803650192314,0.001064582851250173,0.0010644772321979047,0.0010632788790550674,0.0008710665185939583,0.0008699297592794855,0.0008940066629723372,0.003949051687384789,0.003948893231074501,0.003943120754957348,0.008726646259971648,0.008726646259971648,0.008726646259971648,-0.025766275419821922,0.15402995406694575,12.121793006418226,1.4221367112875627,2.283592803183113,0.01253383883361907,-0.132559781820403,-0.0768802817519103,-0.09626381548702412,-0.14640051925241782,-2.8918384556384558,-0.2655363620255696,-0.010033078486270136,-0.038698544342451735,0.03593380477255259,0.005539381992844519,-0.10703408393065925,-0.03219228608048896
47.40323224067688,-0.21667860448360443,-0.3842982053756714,0.800000011920929,0.0,0.0,-0.02741909958422184,0.0,0.0,0.0,0.0,0.0,0.0,-0.08941830797310332,-0.34035749436344415,0.9365741775531208,0.2331017464746814,2.7038407984206145,0.2693501002403599,0.09559108783931439,0.11571908715436126,0.08708293431389941,-0.26986499923201174,-1.3901171995063752,0.2861258539446603,-0.2271708228499231,-0.4208576735892018,0.8374689218472782,0.005190328793352382,-0.1084961756749063,-0.057225293881279386,-0.008420949042780798,0.04457062145319112,0.030077203734501692,0.02723433574468887,-0.03879025525257873,0.04636062949228711,0.0010652552564819672,0.0010651333305166345,0.0010639787073747275,0.0008702913688951289,0.0008690912803215621,0.0008936868907603616,0.003953736039380427,0.0039536203501170505,0.003947797555715212,0.008726646259971648,0.008726646259971648,0.008726646259971648,-0.034639700779808776,0.14221520265647394,12.121999095234429,1.3874634618553716,2.6634076684962484,0.0029455774264138565,-0.13775251487681978,-0.08050017922575764,-0.09910525570584261,-0.17365331483054477,-2.8215258130104526,-0.2737686418518426,-0.010492218366318667,-0.0365594682135304,0.037468909926349214,0.0066765639195761626,-0.10840403996206495,-0.029833155881848695
47.45323224067688,-0.21667860448360443,-0.3842982053756714,0.800000011920929,0.0,0.0,-0.02741909958422184,0.0,0.0,0.0,0.0,0.0,0.0,-0.08460388414723996,-0.33455932769003965,0.940906183222916,0.25328024302656926,2.632316914102867,0.2793199195793025,0.09698586519520323,0.1162075797817987,0.08619729247789465,-0.2910901906199621,-1.364592353778781,0.29232975525581384,-0.2275467125596708,-0.4185582457980485,0.838929348253529,0.006449036173754046,-0.1089634050784156,-0.05465239875952502,-0.006496594265314664,0.04691755284440283,0.02849927441956858,0.0296750136771162,0.027396495085130132,0.05549260371672906,0.0010656422532131968,0.0010655070023704873,0.001064392506366242,0.0008696225976749544,0.0008683577921033594,0.0008934963757366985,0.003957690182284232,0.003957622660406273,0.003951746064594135,0.008726646259971648,0.008726646259971648,0.008726646259971648,-0.035229762502174036,0.1338362366258092,12.121532779089865,1.3522870946456853,1.8848390623800664,-0.02636336751421413,-0.14294282841243083,-0.08399891810800886,-0.10197683496938692,-0.19981630061173308,-2.750605225480511,-0.2825844373618946,-0.010868108076066363,-0.034260040422377125,0.038929336332600095,0.007941479173787853,-0.10885456500082541,-0.02726052653784127
47.50323224067688,-0.21667860448360443,-0.3842982053756714,0.800000011920929,0.0,0.0,-0.02741909958422184,0.0,0.0,0.0,0.0,0.0,0.0,-0.07972045903073582,-0.32874721009280244,0.9451933239057296,0.2725004379902111,2.5606911462571715,0.2902509497192446,0.09835113946497362,0.11627712410770286,0.08528833483466182,-0.3140742003683937,-1.3779959383569973,0.2970682093199352,-0.22779876232872606,-0.41617889309445943,0.8403310677035296,0.007722662840689746,-0.10647232794671223,-0.05162398600523866,-0.00330895874358301,0.048374120147884475,0.02774287313054897,0.025788047350612058,0.08063402042588311,0.060389132237578046,0.0010664985098625573,0.001066355767929562,0.001065277654109992,0.0008690320162477208,0.0008677125232615902,0.0008934255486196918,0.003963876607347735,0.0039638463789891205,0.00395790285160692,0.008726646259971648,0.008726646259971648,0.008726646259971648,-0.033004464282121865,0.12928813356560148,12.101234074155498,1.391010942416816,1.24392538178224,-0.02721915638133608,-0.14807830329799024,-0.08743168300165699,-0.10486225620220002,-0.22473354777269916,-2.676490278751441,-0.2922237505169055,-0.011120157845121631,-0.03188068771878805,0.040331055782600655,0.009180783238100523,-0.10634723275894602,-0.02423092848628795
47.55323224067688,-0.21667860448360443,-0.3842982053756714,0.800000011920929,0.0,0.0,-0.02741909958422184,0.0,0.0,0.0,0.0,0.0,0.0,-0.0747659885779681,-0.32293730040809526,0.9494096433252137,0.2908260432078196,2.4872114790590323,0.3016988087295305,0.0998276786457466,0.11611926328059664,0.08336444194471068,-0.33512201772826883,-1.4234452069651031,0.3017638739407005,-0.22789578144377715,-0.4137162139858066,0.841701772491873,0.008577958484845296,-0.10408692331544094,-0.048335756133538535,-0.0011213959946105142,0.05021932885323005,0.026750762354734992,0.012806984109126784,-0.013248745779322045,0.06267814831725818,0.0010660141521699421,0.0010658713826158352,0.0010648131765834906,0.0008685059973221054,0.0008671272978432856,0.0008934284986020307,0.0039642267867524205,0.003964224883495388,0.003958298443876427,0.008726646259971648,0.008726646259971648,0.008726646259971648,-0.03685115860359825,0.12032099456261522,12.084696998647122,1.5508802213958062,2.3437932431459694,-0.03952210703652853,-0.15312979286580905,-0.09077891357771134,-0.10770787083334077,-0.24892059821372547,-2.600458285600637,-0.30271084627225037,-0.011217176960172714,-0.029418008610135216,0.04170176057094399,0.010003300611429112,-0.10395131612146542,-0.02094158257743249
47.60323224067688,-0.21667860448360443,-0.3842982053756714,0.800000011920929,0.0,0.0,-0.02741909958422184,0.0,0.0,0.0,0.0,0.0,0.0,-0.06974249953406286,-0.3171464926884963,0.9535090967558153,0.30825834687105574,2.4124950955610602,0.31340098950717676,0.10111188311044596,0.11551304550334106,0.0806136952793404,-0.3481763711391968,-1.4139010825050242,0.30584439102870675,-0.22776867347203084,-0.4111232131955045,0.8429794319803471,0.008696091115765511,-0.10201379378770432,-0.044757710672757633,0.007978613572055811,0.05325508726988179,0.024634682165387153,0.008126339222180437,0.11647467825090836,0.07898203756243781,0.0010658025347177035,0.0010656701909650258,0.0010646189608742934,0.000868072082515422,0.0008666292239014812,0.0008935261252284777,0.003965912864143038,0.003965854212095595,0.003959976249415121,0.008726646259971648,0.008726646259971648,0.008726646259971648,-0.04264772738788914,0.1076912191727902,12.084104359415955,1.5790843695146102,0.7759276386596623,-0.09095960296555522,-0.15802617393796797,-0.09397672050700817,-0.11052966477546822,-0.272603379152553,-2.5232905671487935,-0.3140489811513513,-0.011090068988426405,-0.026825007819833102,0.04297942005941813,0.010093076810311267,-0.10187775941013331,-0.017362565313672758
47.65323224067688,-0.21667860448360443,-0.3842982053756714,0.800000011920929,0.0,0.0,-0.02741909958422184,0.0,0.0,0.0,0.0,0.0,0.0,-0.06466204597790375,-0.31140178307699823,0.957470272054109,0.32483335709787853,2.336028622432503,0.3248623402679372,0.1021062591359306,0.11427533895659435,0.07783331665241217,-0.3598205171441828,-1.4827502382692574,0.30735303332026126,-0.2270848835484491,-0.4084186591378145,0.8441660456171914,0.009789554380877709,-0.09626533394549852,-0.040729303273636344,0.01905810372582455,0.05489154915221771,0.022888564532270502,0.027522163698958498,0.11978920552148838,0.07741622908526599,0.0010660113040746597,0.0010658993989705145,0.001064837040083905,0.0008676858254829493,0.0008661975032605353,0.0008937125778313296,0.003969771202781878,0.00396958711175661,0.003963831666152419,0.008726646259971648,0.008726646259971648,0.008726646259971648,-0.06545907120264688,0.09558341686951095,12.083974416268116,1.3426150668168366,0.6885783926389724,-0.10732526665897252,-0.16242283757054538,-0.09701687606081627,-0.11330422643691751,-0.29429812048481513,-2.4406491741373104,-0.3238808172715324,-0.010406279064844676,-0.024120453762143113,0.044166033696262486,0.011107661284703852,-0.09611614370959289,-0.013331599175751616
47.70323224067688,-0.21667860448360443,-0.3842982053756714,0.800000011920929,0.0,0.0,-0.02741909958422184,0.0,0.0,0.0,0.0,0.0,0.0,-0.05956038780023811,-0.3057340935457158,0.9612922659921218,0.3404859798289465,2.2557387485211184,0.3358105638106158,0.10196006797067741,0.11243224229468345,0.07504644086809162,-0.3832881282840601,-1.5559668563345355,0.308043392427145,-0.22580754284450022,-0.40566857301185383,0.845262776632174,0.011919283493045114,-0.08688341537737691,-0.03652414760673278,0.032225384771852106,0.054862678986101546,0.021095223725071544,0.054536266265497006,0.22230225998389,0.08166052413795538,0.0010662388970935114,0.001066155543285312,0.001065061756194838,0.0008673175882217206,0.0008658008024813494,0.0008939507158758531,0.003974351492723899,0.003973972254067398,0.003968467580687773,0.008726646259971648,0.008726646259971648,0.008726646259971648,-0.08982719541780151,0.08537333572777984,12.090898031476945,1.0038744218216977,-0.5592283043997188,-0.14496359048790458,-0.1662471550442621,-0.09993447946613804,-0.11602948935994783,-0.313369152787981,-2.350598100003897,-0.3322193704255784,-0.009128938360895789,-0.02137036763618244,0.04526276471124502,0.013108574860378006,-0.08670732515428234,-0.009122622240667263
47.75323224067688,-0.21667860448360443,-0.3842982053756714,0.800000011920929,0.0,0.0,-0.02741909958422184,0.0,0.0,0.0,0.0,0.0,0.0,-0.0544964993361048,-0.30017132144895686,0.9649835706599292,0.3548762080615067,2.1698398472349276,0.34650557442758406,0.10059547059466657,0.11007864157568628,0.07260574584421287,-0.42369277167369007,-1.691573809251734,0.3068518353425822,-0.22391164204273253,-0.40295670391006666,0.8462500343502881,0.015005236558441994,-0.07627315165937978,-0.03233964908227756,0.044523513064538014,0.05320663149925071,0.017968648011913887,0.05869917415706622,0.29503910287427426,0.08112920092997983,0.0010660540071956693,0.0010660031909619553,0.0010648590821566498,0.0008669868948572719,0.0008654485914504859,0.000894228803718114,0.003977284482738434,0.003976662116286657,0.003971533501924946,0.008726646259971648,0.008726646259971648,0.008726646259971648,-0.11851749962880347,0.07928830855079287,12.105396524222325,0.9213358321286285,-1.6342803721275125,-0.15641518207893967,-0.16941514270662772,-0.1027853824611098,-0.11873353630964112,-0.32969395124706724,-2.2537893460695453,-0.33950629558164924,-0.007233037559128103,-0.018658498534395274,0.04625002242935916,0.016048780751853828,-0.07605703609289455,-0.004934357483035753
47.80323224067688,-0.21667860448360443,-0.3842982053756714,0.800000011920929,0.0,0.0,-0.02741909958422184,0.0,0.0,0.0,0.0,0.0,0.0,-0.04953670362103577,-0.29473383567211897,0.9685709636924745,0.3678465641870965,2.0753878503602485,0.35657779989596183,0.09779635800810572,0.10742078949783979,0.07088997545760307,-0.4682243445479733,-1.8809333655553193,0.30508769867846763,-0.22125922457025535,-0.40036038186935496,0.84704140138067,0.018806476319014873,-0.05722225755480295,-0.027749858165517147,0.060550597119602624,0.04980496468705107,0.01362122335190705,0.07272100867598563,0.404276508346534,0.08894679063538835,0.0010663544793675104,0.0010663334623423983,0.0010651319035935181,0.0008666805843106053,0.0008651478394241302,0.000894574356700336,0.003982190807097995,0.003981317993179127,0.003976649273123505,0.008726646259971648,0.008726646259971648,0.008726646259971648,-0.1491417411361651,0.07638458005079286,12.122520174808272,0.716658147895033,-3.0450336177931794,-0.18989572985388836,-0.17172252094921958,-0.105626546197236,-0.12152956231180456,-0.34183634056865586,-2.1401343181956016,-0.34648780223278064,-0.004580620086650916,-0.016062176493683578,0.04704138945974101,0.01958854714770506,-0.056957231941194106,-0.00033904863432960777
47.85323224067688,-0.21667860448360443,-0.3842982053756714,0.800000011920929,0.0,0.0,-0.02741909958422184,0.0,0.0,0.0,0.0,0.0,0.0,-0.04475514383717831,-0.28943287215979774,0.9720939727689222,0.3793185520617769,1.9692928670336405,0.3653211863672169,0.09346603334617626,0.10461775099499289,0.0700303876002905,-0.5229898016339435,-2.1408305841422206,0.30164953462560523,-0.21796210880937356,-0.39799569627081766,0.8476003070316563,0.022279000028924356,-0.037774589036495165,-0.023165822737348598,0.07108737808590711,0.04485958212776795,0.008708555520721424,0.04638834195253248,0.4037372321739353,0.08626620872110788,0.0010676390924613545,0.0010676393201759682,0.0010663884147184754,0.0008664039114984987,0.000864873475678019,0.0008949056835011878,0.003990998071821177,0.003989947780178868,0.00398556950257235,0.008726646259971648,0.008726646259971648,0.008726646259971648,-0.17440581343827855,0.07759023991740428,12.13325382016575,1.0154441545283688,-3.2643168244134175,-0.19980622547831953,-0.17320696497219523,-0.10856282411101992,-0.12449366573726584,-0.3516998392887564,-2.01444283080299,-0.3530206738532409,-0.0012835043257691248,-0.01369749089514627,0.047600295110727386,0.022794270109287845,-0.03746480397562247,0.004248882300275918
47.90323224067688,-0.21667860448360443,-0.3842982053756714,0.800000011920929,0.0,0.0,-0.02741909958422184,0.0,0.0,0.0,0.0,0.0,0.0,-0.04022168037679562,-0.2842705534977863,0.9755874195092005,0.3893593579301036,1.8496433903415417,0.371759546083971,0.0878725050691418,0.10187499548547696,0.0697074820108519,-0.56281595838824,-2.4116919630600964,0.2977158457915218,-0.21410915551371607,-0.3958762119170782,0.8479303894070187,0.024788353261141347,-0.0158273065198272,-0.018593977509174277,0.08252504014849955,0.03978493730875351,0.004754945884775101,0.04214502554364723,0.44818916181506674,0.08722324961569844,0.0010680964223974093,0.0010681048827281344,0.0010668124655473727,0.0008661346042351417,0.0008646005001996868,0.000895200485067032,0.003995017860604723,0.003993889797973094,0.003989735005578348,0.008726646259971648,0.008726646259971648,0.008726646259971648,-0.18779406481563793,0.07702587382292106,12.144868414667245,1.0508124238391705,-3.973724196528008,-0.21946967946864174,-0.17388747513692043,-0.11160565841929193,-0.12765703010218177,-0.35930740626709723,-1.8726823483388464,-0.3590125530445387,0.002569448969888366,-0.011578006541406838,0.04793037748608975,0.025002723132933984,-0.01548581977088934,0.00882314570379335
47.95323224067688,-0.21667860448360443,-0.3842982053756714,0.800000011920929,0.0,0.0,-0.02741909958422184,0.0,0.0,0.0,0.0,0.0,0.0,-0.035984628644485754,-0.27924607806886803,0.9790792392131342,0.39813997936608336,1.7154693557152965,0.37489187218412096,0.08160956422323853,0.09910402167123648,0.06996530614648806,-0.6008737016770018,-2.718023710583743,0.29279898425792167,-0.20978038800848034,-0.39402227936923595,0.848075480401355,0.026891457188920533,0.005279077331497392,-0.014612085803705347,0.09009285870028663,0.03477397617603951,0.0011426878531710068,0.03509654720647815,0.3966818695147487,0.06454327423541677,0.001067528703537187,0.0010675304434597434,0.001066210560616806,0.0008658887996261659,0.0008643433022860803,0.0008954545765653927,0.003992593915125223,0.003991507167921235,0.003987413947068485,0.008726646259971648,0.008726646259971648,0.008726646259971648,-0.20040601616375545,0.07684831046877887,12.146916002756786,1.1067544271332495,-3.5662766933578007,-0.18929310920432182,-0.17379575936399458,-0.11477620130036792,-0.13100375881177917,-0.3649208273187358,-1.7173312881784941,-0.3628195752268692,0.0068982164751240915,-0.009724073993564564,0.0480754684804261,0.02681650321856804,0.005647227798943747,0.012805297756328516
48.00323224067688,-0.21667860448360443,-0.3842982053756714,0.800000011920929,0.0,0.0,-0.02741909958422184,0.0,0.0,0.0,0.0,0.0,0.0,-0.03207648889365675,-0.27436037328485513,0.9825865096089613,0.405563942939384,1.566488291601672,0.37428163320119484,0.07471602580993031,0.0963241696892893,0.07032550968660121,-0.6361343448010545,-3.003983082948837,0.2893909512375381,-0.20509935065465298,-0.3924167661401774,0.8480655426692172,0.02951697969518935,0.02529724174717493,-0.011245842547790133,0.09675035024853966,0.02932682326680463,-0.0012738157509001417,0.06270798409171457,0.3875928966032154,0.056486067225953944,0.0010670558573449074,0.001067037293879669,0.0010657139909464506,0.0008656756772092208,0.0008641115353459314,0.0008956770396573182,0.003988605898623287,0.0039876620238914855,0.003983474022240752,0.008726646259971648,0.008726646259971648,0.008726646259971648,-0.2066305606545507,0.07407794935632679,12.146433661553825,0.7605397010972749,-3.628450196866609,-0.18785434792355774,-0.17302286176099624,-0.11805639285532227,-0.13452096693974414,-0.36803945826453827,-1.5484506712158954,-0.3632659019974572,0.011579253828951447,-0.008118560764506011,0.04806553074828823,0.02916756700780074,0.025699660856274627,0.01616980397774356
48.05323224067688,-0.21667860448360443,-0.3842982053756714,0.800000011920929,0.0,0.0,-0.02741909958422184,0.0,0.0,0.0,0.0,0.0,0.0,-0.028520806744106637,-0.2696171240513302,0.9861111872552903,0.4110724131475512,1.403088389282095,0.37011451627434205,0.06751126017208234,0.09340579965171951,0.07066159616656632,-0.6887057242269049,-3.2930511304893715,0.28605485628119276,-0.20016478036551802,-0.3911172990744225,0.8479769514785825,0.03315242844942252,0.04321163592922437,-0.008636785228244882,0.09995849279857168,0.022606282825549582,-0.0021834913409390635,0.07556412467812829,0.33039872241353163,0.0322081176918461,0.0010664797161369704,0.0010664313150453625,0.00106512663931439,0.0008654756780757936,0.0008638901692656434,0.0008958558946853244,0.003982663340832158,0.00398191909138016,0.003977485258331275,0.008726646259971648,0.008726646259971648,0.008726646259971648,-0.212430395521175,0.07591077398374489,12.142724494590302,0.5686244422826445,-3.1373856670547275,-0.14072851898852443,-0.17164397362141137,-0.1215001750230923,-0.1381342357767078,-0.36802447581609965,-1.3675096644158742,-0.3603541288497732,0.016513824118086412,-0.006819093698751111,0.047976939557653586,0.03255729658620632,0.04366257154627398,0.018775536163962853
48.10323224067688,-0.21667860448360443,-0.3842982053756714,0.800000011920929,0.0,0.0,-0.02741909958422184,0.0,0.0,0.0,0.0,0.0,0.0,-0.025332612670031753,-0.2650175022888988,0.9896480327669137,0.41382005261748517,1.2256930267600865,0.36277279091838255,0.06001650279090211,0.09057907084552022,0.07081222429835532,-0.7508728665934952,-3.5575659515393507,0.2850750527715988,-0.1951436619369349,-0.39017787549101557,0.8478417573738759,0.03719210014685707,0.05828527566930583,-0.007090516085197506,0.1002962904911988,0.014998806169401076,-0.003255967956993106,0.07632211691310467,0.2621740286558518,0.023252587270113048,0.0010658502256340602,0.001065768268000891,0.0010644987432041212,0.0008652950907060512,0.0008636899099809077,0.0008960134852818308,0.003975624934288285,0.003975088965898928,0.003970333443944567,0.008726646259971648,0.008726646259971648,0.008726646259971648,-0.21498656962553545,0.08250625669876663,12.137451476475993,0.5274635768041156,-2.4612371220971747,-0.13683914290160273,-0.16981104926690313,-0.12516037320211676,-0.1418062753930378,-0.36466779945946154,-1.175638355648041,-0.3553050449974514,0.021534942546669544,-0.005879670115344182,0.04784174545294695,0.03639011513468366,0.058790557803708086,0.020317659644260338
48.15323224067688,-0.21667860448360443,-0.3842982053756714,0.800000011920929,0.0,0.0,-0.02741909958422184,0.0,0.0,0.0,0.0,0.0,0.0,-0.022522351682646737,-0.2605509726133843,0.9931858184124831,0.41312245346765464,1.0357281206014421,0.35252364585076806,0.05239393670450493,0.0880821161750724,0.07069920152442886,-0.8150980522340029,-3.7882733453414166,0.284289718066351,-0.1901437012412817,-0.3896306112394428,0.8476471363078806,0.04107539111962469,0.07065585303368305,-0.005987830918436555,0.09926647467456125,0.006895245801694661,-0.004546397878636852,0.06486459253921187,0.2242884043014829,0.014035145775565907,0.0010657990799793108,0.0010656853690865628,0.0010644627728731435,0.000865134346800034,0.0008635128578632216,0.0008961627823458371,0.003970771514866715,0.003970421923930645,0.003965315361204689,0.008726646259971648,0.008726646259971648,0.008726646259971648,-0.21606041727676706,0.09011186188042716,12.139525868963043,0.6284993048372868,-2.1201098362949664,-0.11752264661778802,-0.16762134955863495,-0.12907963862605853,-0.14553868210460252,-0.3583559991551877,-0.9738830589161462,-0.3483176488186273,0.026534903242322744,-0.005332405863771428,0.04764712438695162,0.040103608438151514,0.07121357602395856,0.021416004812551827
48.20323224067688,-0.21667860448360443,-0.3842982053756714,0.800000011920929,0.0,0.0,-0.02741909958422184,0.0,0.0,0.0,0.0,0.0,0.0,-0.02009456130914528,-0.2561997836649144,0.9967205459099655,0.40862514456744314,0.8345340155954555,0.33932004601284305,0.04471767823554508,0.08596544176370728,0.07068989837485487,-0.8742714514728608,-4.001924374853403,0.28447020817529395,-0.1852507750170651,-0.3894597059224858,0.8473947858578347,0.04400324044632751,0.08090218543853457,-0.005633858583303201,0.09597392575831187,-2.8334780041695777e-05,-0.005343024815493538,0.04422206046714987,0.1807538926995877,-0.0016444637763679026,0.0010659702579248324,0.0010658307600809054,0.0010646557489990976,0.0008649836151054113,0.0008633457274010039,0.0008963010275035122,0.00396677445150827,0.00396656775303458,0.0039611240948406335,0.008726646259971648,0.008726646259971648,0.008726646259971648,-0.21841854610802822,0.09651511647896167,12.14111993011217,0.8513074402150411,-1.67652454861781,-0.09743446125172173,-0.16515621370791983,-0.13325992225757138,-0.14932576005213083,-0.3494238243895879,-0.7629495401476816,-0.3400014572508227,0.031427829466539325,-0.005161500546814413,0.04739477393690572,0.04289079806597476,0.08149933067660037,0.021765858590613696
48.25323224067688,-0.21667860448360443,-0.3842982053756714,0.800000011920929,0.0,0.0,-0.02741909958422184,0.0,0.0,0.0,0.0,0.0,0.0,-0.018053531520131186,-0.25194642436876524,1.0002568008264052,0.40034357980870816,0.6232332484867666,0.3229458228990086,0.03692351332502328,0.08416893008226917,0.07076029828273725,-0.9223044439428232,-4.193396139981504,0.28565510755254014,-0.18057788821462425,-0.38962270593007875,0.8471554759020804,0.04602449943440709,0.08822105920327347,-0.005822206154216103,0.09068209779428228,-0.006460907969926606,-0.0038101359703183206,0.018539580944630728,0.13001160262821906,-0.007488984982273932,0.0010660941239722438,0.0010659375366177568,0.001064801527308624,0.0008648453284351337,0.000863197095666713,0.0008964494864849196,0.003962551984438367,0.003962440663289403,0.003956728171276997,0.008726646259971648,0.008726646259971648,0.008726646259971648,-0.22136037079956658,0.10199431296073479,12.136509349549428,1.1448213017989541,-1.157941628327789,-0.08036437368824376,-0.16252435669449306,-0.1376762815613135,-0.15310132492432482,-0.3384165281085143,-0.5446579502955032,-0.32950787333434645,0.036100716268980176,-0.005324500554407363,0.047155463981151446,0.04481154775622215,0.08884532321184241,0.021574265956062814
48.30323224067688,-0.21667860448360443,-0.3842982053756714,0.800000011920929,0.0,0.0,-0.02741909958422184,0.0,0.0,0.0,0.0,0.0,0.0,-0.016405887257507582,-0.24777604166108574,1.0037908125125354,0.3885094575083279,0.4032008902169076,0.30323937332811296,0.02898225717992456,0.0826463782249197,0.07060016916248252,-0.9556617433335908,-4.358938759095104,0.28769351130796017,-0.1761914191226566,-0.390090337935774,0.8470418892112717,0.04645006251739781,0.0936100155864008,-0.006320329870002535,0.08435042237886949,-0.011665730341652246,-0.0006410600782603607,-0.0019380497159681535,0.07730157851247504,-0.019454847446911654,0.0010656085260654692,0.0010654445362072952,0.0010643319286039947,0.0008647068181047851,0.0008630473058166287,0.0008965937913406604,0.003955813583920128,0.003955758913779803,0.003949879079536233,0.008726646259971648,0.008726646259971648,0.008726646259971648,-0.22254553152340262,0.10572483443141521,12.12842442018486,1.3859396151770746,-0.5896801940669226,-0.05896143058068413,-0.15978553186514902,-0.14231429627468828,-0.15674892330126378,-0.3263392790430709,-0.31923167851390233,-0.31645418344972986,0.040487185360947836,-0.005792132560102636,0.047041877290342704,0.045163147805301194,0.09423959685662459,0.02107381256890561
48.35323224067688,-0.21667860448360443,-0.3842982053756714,0.800000011920929,0.0,0.0,-0.02741909958422184,0.0,0.0,0.0,0.0,0.0,0.0,-0.015156787253043539,-0.2436771233944348,1.0073067115809478,0.3733815140473775,0.17594910949571874,0.2801923579889391,0.020981742998632907,0.08131035244110406,0.07003579357399935,-0.976963127055456,-4.496068306495682,0.29080206221875854,-0.17214090785153205,-0.39077345631091853,0.8471054783034948,0.045898435698068424,0.09695713084391115,-0.00726989035364935,0.07737120853770191,-0.015224340537747886,0.0031636141909859366,-0.023489981297263398,0.04379692478829344,-0.023491173810617452,0.0010645348824163876,0.0010643731886294666,0.0010632670916631381,0.0008645874053148492,0.0008629187869472846,0.000896760112870844,0.00394722621336216,0.0039471928670871,0.003941262380558329,0.008726646259971648,0.008726646259971648,0.008726646259971648,-0.2242119643795294,0.10961449024600207,12.116181447663743,1.6559022444112603,-0.22890323911166374,-0.039535517876762405,-0.1569841205984885,-0.14709633291648372,-0.16020123327745295,-0.3130117197557093,-0.08839063406393936,-0.30029368225973396,0.04453769663207238,-0.0064752509352471455,0.04710546638256585,0.044565579973619256,0.0975786796578671,0.02012291059398795
48.40323224067688,-0.21667860448360443,-0.3842982053756714,0.800000011920929,0.0,0.0,-0.02741909958422184,0.0,0.0,0.0,0.0,0.0,0.0,-0.014309795998714363,-0.23964014434720698,1.010779088154284,0.3552343132010761,-0.05722973505253844,0.2538827458281228,0.012897907174536058,0.08016880944801794,0.06885926935946046,-0.9847663793156096,-4.615159006148479,0.2948819087647525,-0.16848157082001933,-0.39161384240081076,0.8473604445141123,0.04431005355061839,0.09832276244606786,-0.00849107344681398,0.0687683548404347,-0.017840720849463358,0.007023953416438891,-0.038719640896866206,-0.009534416999531933,-0.02954348707990686,0.001063776419116721,0.001063626307190847,0.0010625155385169678,0.0008644872460636161,0.0008628117121587961,0.0008969484427432513,0.003940857366745014,0.003940812176413178,0.003934872615314798,0.008726646259971648,0.008726646259971648,0.008726646259971648,-0.22729892723976758,0.11052797859248878,12.104230910805946,1.857135503550494,0.39848122764630045,-0.030620784398428847,-0.15417177482130495,-0.15197369805360378,-0.16341864364017167,-0.29885714725718054,0.14667113689312422,-0.28053181765715013,0.048197033663585104,-0.0073156370251393765,0.047360432593183344,0.042958481979912304,0.09892215123126416,0.018901445522910575
48.45323224067688,-0.21667860448360443,-0.3842982053756714,0.800000011920929,0.0,0.0,-0.02741909958422184,0.0,0.0,0.0,0.0,0.0,0.0,-0.01387085523916527,-0.2356591005891998,1.0141777003458217,0.3342890179293653,-0.29499622028616135,0.2244967424438831,0.004659723207426136,0.07907294087225598,0.06708521830203146,-0.9825079686188019,-4.702880482463392,0.29940749198466377,-0.1652848494783062,-0.39254118997812576,0.8478018524458046,0.0418528377461711,0.09696776428886107,-0.01010060819344961,0.05883788556252837,-0.01886998322342862,0.010248872216889483,-0.04715714161081943,-0.05718430639360286,-0.03426094076449012,0.0010633855172238588,0.0010632545466007976,0.0010621301164960757,0.0008644030842574229,0.0008627292438443476,0.0008971678414814828,0.003937551867495223,0.003937466171083513,0.003931559863273145,0.008726646259971648,0.008726646259971648,0.008726646259971648,-0.22870444046880284,0.113687002767489,12.093731862452401,1.9744463609140317,0.9506460105688519,-0.01398133347862505,-0.15141399423914095,-0.15688208938892595,-0.16637584790001703,-0.28399972348896174,0.3838186216048239,-0.25691805644323756,0.05139375500529822,-0.008242984602454373,0.04780184052487568,0.040519894915984685,0.09753321897261963,0.01729299969191922
48.50323224067688,-0.21667860448360443,-0.3842982053756714,0.800000011920929,0.0,0.0,-0.02741909958422184,0.0,0.0,0.0,0.0,0.0,0.0,-0.013845580569507979,-0.23172890147976255,1.0174744861740455,0.3105548882879565,-0.5358140624156311,0.19232691903794658,-0.003648736421134372,0.07813502350524419,0.06478621482692551,-0.9743840150538179,-4.762993719632167,0.3047650477505645,-0.16261248737818135,-0.3935022132392091,0.8483743771811628,0.03933837199973582,0.09375591446767573,-0.011883192054814806,0.04762845248616785,-0.019618100521402615,0.012464934720496892,-0.047046054720234584,-0.08534014441675725,-0.03673087196860927,0.0010645303479929849,0.001064423982967566,0.0010632848741251627,0.0008643533236012869,0.0008626860384746389,0.0008974213256006934,0.003942060128396272,0.003941913773426866,0.003936003454550588,0.008726646259971648,0.008726646259971648,0.008726646259971648,-0.2250960070526875,0.11769634364881566,12.087887457393403,2.002338635655457,1.3274655939626394,0.0028927836891296764,-0.14876690680867338,-0.16177331175944654,-0.16910010899288264,-0.2674032550448691,0.6222638884895689,-0.22949402313570744,0.054066117105423084,-0.0092040078635377,0.048374365260233865,0.03804952187001622,0.09428678927732573,0.015512282760453534
48.55323224067688,-0.21667860448360443,-0.3842982053756714,0.800000011920929,0.0,0.0,-0.02741909958422184,0.0,0.0,0.0,0.0,0.0,0.0,-0.014231218339508543,-0.2278405865625742,1.0206490163221902,0.28386511233098477,-0.7784837499294616,0.15761825015831207,-0.011776774378889123,0.07739757318229872,0.062194991098869695,-0.9648654477517628,-4.804265977631253,0.310966309374853,-0.16055613792085746,-0.39449068354635297,0.8490385434625647,0.03698900242946122,0.08873552584187562,-0.013744186395343907,0.03421486864009999,-0.01995642735567154,0.013763010079305573,-0.03006410013333535,-0.12029668825856525,-0.03112529297140071,0.0010652025323105068,0.0010651221791014875,0.00106395776391036,0.0008643079956560133,0.0008626518360131106,0.0008976764027747934,0.003945619398871737,0.0039454149903551195,0.003939541897185226,0.008726646259971648,0.008726646259971648,0.008726646259971648,-0.21870104492964085,0.1193638958837658,12.088144398053911,1.8209043528511535,1.776646673289441,-0.004032460195653891,-0.1463249195813489,-0.16665009698377878,-0.1716104728596255,-0.24849896114625847,0.8608160042129042,-0.19841992939907463,0.05612246656274697,-0.010192478170681585,0.04903853154163573,0.03576903671318227,0.0892342644423142,0.013653792448395659
48.60323224067688,-0.21667860448360443,-0.3842982053756714,0.800000011920929,0.0,0.0,-0.02741909958422184,0.0,0.0,0.0,0.0,0.0,0.0,-0.015015264304743155,-0.2239870597212389,1.0236943064597581,0.2537065817595918,-1.0219428984236967,0.12042233304235483,-0.019585064230492673,0.07674350047110065,0.05961661440383892,-0.9644185945899222,-4.823079181664003,0.3168213088049031,-0.15920083826826853,-0.3954946518478657,0.8497523848184899,0.035363660164804606,0.08255405502816433,-0.015335658069974958,0.01997756334507581,-0.02041021760817502,0.014565719722340857,-0.014038979453574345,-0.13302965544436654,-0.030624541608530332,0.0010652977650739799,0.0010652416837804695,0.0010640423480968557,0.0008642767727505132,0.0008626336776411694,0.0008979343031976797,0.003946687500300392,0.0039464322127137135,0.003940642663155671,0.008726646259971648,0.008726646259971648,0.008726646259971648,-0.20863179989427685,0.12592971160135386,12.08507712770004,1.6334896766750528,1.9899398353021207,-0.005153152223369435,-0.14418557396352538,-0.1715075921266268,-0.1739419216412682,-0.2258846215258534,1.0990304538395015,-0.16382561426392564,0.0574777662153359,-0.01119644647219431,0.04975237289756096,0.034228465495183394,0.0830307914372036,0.012065009620070304
48.65323224067688,-0.21667860448360443,-0.3842982053756714,0.800000011920929,0.0,0.0,-0.02741909958422184,0.0,0.0,0.0,0.0,0.0,0.0,-0.01617713820626358,-0.22015802924581704,1.0266068436746318,0.21934140982255207,-1.265303788710795,0.08050946335016905,-0.026889891830326938,0.07641771854578207,0.05688487419111499,-0.9733424752368862,-4.831227727596117,0.32262027363356666,-0.15854707436414833,-0.3965553959168516,0.8505015396878992,0.034521187949071705,0.07599580834763019,-0.01702715209152867,0.006374782680794096,-0.02213698719505539,0.015382128927637177,-0.00957048277763315,-0.12672584875743922,-0.031064795833004335,0.0010648125077209324,0.0010647768418268599,0.0010635369511025835,0.0008642607070569314,0.0008626281398755627,0.0008981828396817614,0.003945032897609789,0.003944751513088205,0.003939048735586452,0.008726646259971648,0.008726646259971648,0.008726646259971648,-0.20054101609381056,0.13447943488663938,12.08161985589156,1.5995902564163855,1.9788383807640548,0.0019597152266824275,-0.14236993615788476,-0.1763973666710346,-0.17610530398673263,-0.19882905524622915,1.3367702122511829,-0.12621620811476258,0.0581315301194561,-0.01225719054118024,0.050501527766970256,0.033475853755907996,0.07646134073114257,0.01037602666722726
48.70323224067688,-0.21667860448360443,-0.3842982053756714,0.800000011920929,0.0,0.0,-0.02741909958422184,0.0,0.0,0.0,0.0,0.0,0.0,-0.017694140008025355,-0.21633460071255395,1.029378472289109,0.18022115988688386,-1.5081958410134606,0.03754835231479094,-0.03379018024013889,0.07651942278472774,0.05398027038796662,-0.983961326896785,-4.839931346255135,0.32877488183473363,-0.15854027539012738,-0.39771357100481214,0.8512968745491706,0.03353259463431687,0.06944018304959487,-0.01877215495893353,-0.006064196348327727,-0.023965912020871647,0.016417892599798374,-0.021297190292028596,-0.13642947584574147,-0.03426179708640845,0.0010646833589714414,0.0010646634858494715,0.0010633871280282695,0.0008642767477843866,0.0008626492747251864,0.0008984358185244956,0.003944594066745493,0.003944302079069317,0.003938657583409676,0.008726646259971648,0.008726646259971648,0.008726646259971648,-0.19440052274766,0.14255546537411326,12.076812451203308,1.740788758007395,2.1541234909655924,0.027929974619088214,-0.14084613538210203,-0.1813789702922582,-0.17808159773993848,-0.16759999349834862,1.5741455938125875,-0.08481527390542197,0.05813832909347705,-0.013415365629140752,0.051296862628241624,0.032577102214847074,0.06989255015783645,0.008633356539576495
48.75323224067688,-0.21667860448360443,-0.3842982053756714,0.800000011920929,0.0,0.0,-0.02741909958422184,0.0,0.0,0.0,0.0,0.0,0.0,-0.019548480613594783,-0.2124959919292348,1.0319988614575684,0.1360697901897038,-1.7502555766856518,-0.008584463594435793,-0.040383443982642354,0.07702492854804709,0.05083529635040607,-0.9875202534771321,-4.839870709404075,0.33622800300551997,-0.15916067638628606,-0.39894022862427997,0.8521448657288037,0.03210242931794553,0.06205547712686981,-0.02052576443862479,-0.018695355602139595,-0.02467879647941314,0.0174634354940111,-0.022524961642328912,-0.15205476880347793,-0.03436013515990643,0.0010644500700510006,0.0010644409444770402,0.001063132889639096,0.0008643078439152302,0.000862684632281293,0.0008986840704193359,0.003943577794109276,0.003943291166277984,0.00393768597721007,0.008726646259971648,0.008726646259971648,0.008726646259971648,-0.18203885238116738,0.14863762997151922,12.06772121727387,1.783894570404033,2.3939504585897287,0.023332336833855077,-0.13961219577269127,-0.18644423669504517,-0.1798539957287647,-0.13204267465292763,1.8099652617974566,-0.03905295767166089,0.05751792809731837,-0.014642023248608582,0.0521448538078747,0.03124819938766151,0.06248876744629387,0.006882180765219231
48.80323224067688,-0.21667860448360443,-0.3842982053756714,0.800000011920929,0.0,0.0,-0.02741909958422184,0.0,0.0,0.0,0.0,0.0,0.0,-0.021717032318331247,-0.2086245051520029,1.0344506378817377,0.0865974076399875,-1.9907774877049722,-0.05794456459355864,-0.04635862420682122,0.0778345425412367,0.047235760616373676,-0.9889238894376475,-4.82781872417181,0.34345124228704466,-0.1603958972926743,-0.40018808413560175,0.8530458402867742,0.030418074366385654,0.05453926449914767,-0.022203604586837816,-0.03041975141752352,-0.025012695879703475,0.01841584728379955,-0.025556873498774214,-0.14327659466566547,-0.0313818765084854,0.0010639352042772204,0.0010639318866455917,0.0010625981724308301,0.0008643597944920956,0.0008627377478685348,0.0008989254355296981,0.003941493467962602,0.003941222107290449,0.003935654576279046,0.008726646259971648,0.008726646259971648,0.008726646259971648,-0.17125623758549044,0.1563706462230472,12.049649444218472,1.8420022905827154,2.35641577383861,0.03001097526229667,-0.13867886497434306,-0.19156357898359885,-0.18140479759496353,-0.09149280840177874,2.044180610588613,0.011075099138417106,0.05628270719093012,-0.015889878759930365,0.05304582836584526,0.029666954373559488,0.05495007711604728,0.005206583935282597
48.85323224067688,-0.21667860448360443,-0.3842982053756714,0.800000011920929,0.0,0.0,-0.02741909958422184,0.0,0.0,0.0,0.0,0.0,0.0,-0.024170864765782417,-0.20470287140479657,1.0366998478028866,0.03136197889222423,-2.2292792306358096,-0.11074355277890283,-0.05179467369121705,0.07903080734700287,0.042732636229570777,-0.9874221393892287,-4.8176434731771,0.35100841348999245,-0.16218566328633155,-0.4014313895052984,0.8539698029081059,0.028977784725129543,0.04743550181068159,-0.023674527981827703,-0.04094906857406906,-0.024736926808881263,0.01832564660222267,-0.015976905631293847,-0.1316930775574069,-0.025368108612901515,0.0010635842935062415,0.0010635826410237404,0.0010622336959245772,0.0008644328543201201,0.0008628082702866065,0.000899153351003272,0.0039407498147327755,0.003940497601869036,0.003934950283103163,0.008726646259971648,0.008726646259971648,0.008726646259971648,-0.15959075655551536,0.16013726473150222,12.035156116889402,1.7385319396418943,2.301509858451047,0.021528983409386044,-0.13801479852054913,-0.19672851810050182,-0.18273004489478073,-0.044974778031166736,2.276842374790263,0.06535598115235818,0.05449294119727288,-0.017133184129627,0.05396979098717691,0.028324117361895846,0.04782721457734872,0.003737511404368903
48.90323224067688,-0.21667860448360443,-0.3842982053756714,0.800000011920929,0.0,0.0,-0.02741909958422184,0.0,0.0,0.0,0.0,0.0,0.0,-0.02688191783616552,-0.20071671614416692,1.0387057848455337,-0.030333053617477207,-2.465573221129219,-0.16748217026070678,-0.05664744912411338,0.0804154030781916,0.03750484547631504,-0.9910939068878509,-4.810213517951768,0.3581414851002937,-0.1644944212158242,-0.40265944140150856,0.8548594568752005,0.028056719327443806,0.03993281443100148,-0.025222304245758678,-0.05118850951597438,-0.024567620730527623,0.01713711723095642,-0.007117230130025177,-0.1522729215922993,-0.02873386527833926,0.0010637950020564218,0.0010637916811839932,0.0010624403930390664,0.0008645301411155224,0.0008629038583140592,0.000899376102048829,0.003943330913567081,0.0039430994468001275,0.003937529618757671,0.008726646259971648,0.008726646259971648,0.008726646259971648,-0.14694402762211092,0.16312709882372928,12.02577479724794,1.6309641252219353,2.586166703700448,0.03993617399836353,-0.13761250337965866,-0.20194272525734164,-0.18384632797033318,0.00803092598680064,2.506982251713268,0.12369610189218185,0.05218418326778024,-0.01836123602583717,0.05485944495427153,0.02750591517764823,0.04031263394244688,0.0021913530495030974
48.95323224067688,-0.21667860448360443,-0.3842982053756714,0.800000011920929,0.0,0.0,-0.02741909958422184,0.0,0.0,0.0,0.0,0.0,0.0,-0.02981980126702711,-0.19665759380436199,1.0404386057009665,-0.09943453233761454,-2.698948793104002,-0.22905052549343752,-0.06086788811034013,0.0819494905139919,0.03180798874098546,-1.000144065107472,-4.788550720463964,0.3661949162400449,-0.1672831333744134,-0.4038942681032412,0.8556776125958784,0.02775018540943053,0.032578006016486236,-0.026554682308319196,-0.06023696258098232,-0.025020958826681886,0.015502501588523874,0.0103062358555848,-0.14910279969661153,-0.01901805194506064,0.0010650160528846953,0.0010650085456127942,0.001063668858381555,0.0008646510340602665,0.0008630227453433534,0.000899587803577241,0.00395093737916381,0.00395072739893338,0.003945069262973518,0.008726646259971648,0.008726646259971648,0.008726646259971648,-0.13332477022644615,0.16843835939839125,12.022284977580792,1.4215272596321518,2.6277249297247587,0.021130325534520853,-0.1374633321073863,-0.2072366742988792,-0.1847609931050881,0.06863442146076094,2.7345401143595054,0.18679625636992847,0.04939547110919104,-0.019596062727569807,0.05567760067494942,0.027300160361672363,0.03295440772473871,0.000860232688922794
49.00323224067688,-0.21667860448360443,-0.3842982053756714,0.800000011920929,0.0,0.0,-0.02741909958422184,0.0,0.0,0.0,0.0,0.0,0.0,-0.03295168257545501,-0.1925151280170493,1.0418822214450485,-0.17703023015208247,-2.928403893125351,-0.2968071751906087,-0.06440736422678307,0.08374914097852507,0.025936641022299284,-1.0196660666065804,-4.764810011674948,0.37330805495660285,-0.17051268657726074,-0.40517785044447785,0.8563692166141087,0.02859103802721194,0.024751961106511008,-0.027522901759052133,-0.06873851593326472,-0.02642322683935167,0.011776404151265655,0.034604822126512724,-0.16365560371081342,-0.011673430067651938,0.001066552559455003,0.0010665391177179318,0.0010652169069966344,0.000864790599509481,0.0008631632460053821,0.0008997870679812279,0.003960090088935338,0.00395990192438176,0.003954143058478821,0.008726646259971648,0.008726646259971648,0.008726646259971648,-0.11867943565831393,0.17542301317605494,12.027645171927787,1.1208749343915543,2.864322468612841,0.006730346416755403,-0.1375610040018057,-0.21266272242742856,-0.1855130048309398,0.13803859783599642,2.9581235351195656,0.254882689583386,0.046165917906343695,-0.020879645068806463,0.05636920469317974,0.028248131860622444,0.02514079940054274,-0.00010706981651788347
49.05323224067688,-0.21667860448360443,-0.3842982053756714,0.800000011920929,0.0,0.0,-0.02741909958422184,0.0,0.0,0.0,0.0,0.0,0.0,-0.03624223102149489,-0.18827394888928786,1.04303897004613,0.25698597063966644,3.0654321639730853,0.3625845535057454,-0.06721457361481945,0.08589802413194139,0.020333303020962836,-1.054220684367718,-4.729239425941528,0.3797011947172726,-0.17413993386481214,-0.4065435633433519,0.8568082258046597,0.030550443346196575,0.01665225720498717,-0.028142302231360335,-0.07613942299310693,-0.02808127795253229,0.0054294026029718286,0.04980714079255828,-0.1562221601598149,-0.006138451590174119,0.0010667606435796177,0.0010667401858385733,0.0010654264807535747,0.0008649310888349253,0.0008633080727283266,0.0008999567207806331,0.003962998022826114,0.003962829360686121,0.003957041496007534,0.008726646259971648,0.008726646259971648,0.008726646259971648,-0.10380304283717401,0.18273160326803115,12.046001937838197,0.9028936840225812,2.845981955766993,-0.005504821195855018,-0.13789770284331726,-0.21826961445406404,-0.18623074424147035,-0.2087076628680824,-3.0582874888694693,-0.3172214886254747,0.042538670618792296,-0.022245357967680512,0.056808213883730696,0.030318284620383523,0.017068949049352456,-0.0007259687877769904
49.10323224067688,-0.21667860448360443,-0.3842982053756714,0.800000011920929,0.0,0.0,-0.02741909958422184,0.0,0.0,0.0,0.0,0.0,0.0,-0.03965454444591065,-0.18391618986624006,1.0439384977045327,0.30330217367697737,2.8198674874500673,0.3850119610483421,-0.06927796336179916,0.08841233678995687,0.01564780331514615,-1.09967436464731,-4.694585865850396,0.3854825760973127,-0.17813193290973833,-0.40799115579050965,0.8568662836270453,0.03319562341284971,0.008598074182919167,-0.028353971551136465,-0.08346933969352245,-0.02964700932601896,-0.0034177902324587046,0.05037993493061629,-0.1730302774899453,-0.001663484490551862,0.001065923580553597,0.0010658956909979404,0.0010645804596648436,0.0008650705458679782,0.0008634537147530219,0.00090009188709461,0.003960244615952598,0.003960101160481113,0.003954346616516657,0.008726646259971648,0.008726646259971648,0.008726646259971648,-0.08954651664907634,0.19179600198862798,12.076201897787953,0.8706711868691408,3.124077503366967,-0.01631644919124878,-0.13847738846382768,-0.2240749659242696,-0.18707221407748742,-0.25434260908134176,-2.8217500678023377,-0.3443485215246365,0.0385466715738661,-0.023692950414838265,0.056866271706116356,0.03307352500442675,0.009052046045150067,-0.0009375587031124485
49.15323224067688,-0.21667860448360443,-0.3842982053756714,0.800000011920929,0.0,0.0,-0.02741909958422184,0.0,0.0,0.0,0.0,0.0,0.0,-0.04315220669993978,-0.17942138471189134,1.0446415003275817,0.34035011684866906,2.5752639775758652,0.40411524714550423,-0.07062852679937373,0.0913798693840018,0.012472301606817877,-1.1467391697845675,-4.64602752837927,0.3907233760775823,-0.18246108683423992,-0.4094894990047162,0.8564759037088613,0.035376731957269376,0.00029610864131562013,-0.02835409455873923,-0.08933942067847148,-0.029955021254303733,-0.012080061043943897,0.04063225039802398,-0.16070014116049386,0.0004401636002623329,0.001065827218015051,0.0010657922707419504,0.0010644762238219356,0.0008652293320497068,0.0008636189134709132,0.0009002142863346708,0.00396016621385909,0.0039600460203723705,0.003954277619403422,0.008726646259971648,0.008726646259971648,0.008726646259971648,-0.07380873740215392,0.19606500969518723,12.1082303996125,0.9636146446903726,3.046985734867094,-0.0191129906588575,-0.13930888013430015,-0.23006811429282487,-0.18816559661872045,-0.2914815511900496,-2.586229617935794,-0.36824697606440393,0.03421751764936451,-0.02519129362904482,0.05647589178793233,0.0353681644145054,0.0007810385517609289,-0.0009378547358334108
49.20323224067688,-0.21667860448360443,-0.3842982053756714,0.800000011920929,0.0,0.0,-0.02741909958422184,0.0,0.0,0.0,0.0,0.0,0.0,-0.04669772490178948,-0.17477286666820652,1.045225763492495,0.3690947256538452,2.332058785976299,0.42028294894949075,-0.07119220127460231,0.09456085236337514,0.010898224989716626,-1.1891568020307697,-4.601323779333132,0.39582434898447216,-0.18705820153896846,-0.41096162512115,0.8556614797879886,0.03671326970462159,-0.00782245494163385,-0.02831377940602382,-0.09444785778923072,-0.028615943842085448,-0.0202937755477321,0.016969868100128276,-0.16478973888183882,0.007345544663837154,0.0010652103677677568,0.001065169256264767,0.0010638467000434401,0.000865397452934658,0.0008637921911614719,0.0009003171694303936,0.003958017617211371,0.003957919878493253,0.003952128244584418,0.008726646259971648,0.008726646259971648,0.008726646259971648,-0.057535125261718716,0.19753328935153838,12.141502406519717,1.2207726407997825,3.148956950826846,-0.026121241178722256,-0.140360476637179,-0.23618875845294346,-0.1895642837045065,-0.3209741391996019,-2.3517360832037664,-0.3897695908639103,0.02962040294463597,-0.02666341974547859,0.05566146786705961,0.03681582985170564,-0.0073181689560994955,-0.0008978993560405526
49.25323224067688,-0.21667860448360443,-0.3842982053756714,0.800000011920929,0.0,0.0,-0.02741909958422184,0.0,0.0,0.0,0.0,0.0,0.0,-0.05025108481222457,-0.1699634641259833,1.0457729128351874,0.39048479775511097,2.0905384883388107,0.43333994494465145,-0.0709421951428091,0.09781524932556558,0.010987748717976321,-1.218716534471496,-4.551521469489013,0.4005749093653681,-0.19186923321951083,-0.4123275258536747,0.8544540467111907,0.03769246025243484,-0.01497248960798115,-0.02804600866750487,-0.0977252775983206,-0.02596168456369469,-0.027843462057442685,0.025568840221740247,-0.1394105412674609,0.009933225464958418,0.0010641374711907558,0.0010640916096274087,0.0010627584240846507,0.0008655588250525907,0.0008639591467399923,0.0009003798634126376,0.003954927331636596,0.003954853734754866,0.003949089447018403,0.008726646259971648,0.008726646259971648,0.008726646259971648,-0.04119105483919536,0.19643812173000166,12.174721416434828,1.0942383226992722,2.9206579700353923,-0.039492125855803195,-0.14161814840728626,-0.24236406172769143,-0.19131886612399662,-0.3436303495194179,-2.117774901590686,-0.40804099354973206,0.024809371264093605,-0.028029320478003328,0.054454034790261785,0.03789293627580499,-0.01445387854143599,-0.0006306675069749761
49.30323224067688,-0.21667860448360443,-0.3842982053756714,0.800000011920929,0.0,0.0,-0.02741909958422184,0.0,0.0,0.0,0.0,0.0,0.0,-0.053771514328041836,-0.16499271069517743,1.0463660621266866,0.4052252771329098,1.8507039715141747,0.44335652425093036,-0.06987498548988977,0.10101488790667919,0.012738222941991485,-1.2546029828172476,-4.513134108684466,0.40465692551241006,-0.19680773322138734,-0.4135789935718151,0.8528905324660615,0.039382908059716594,-0.021476851778720368,-0.027435885890303137,-0.0995512015018626,-0.02398573553366121,-0.03443658229344806,0.0429846528291476,-0.11990761954066609,0.016330511445831176,0.0010639158853252785,0.0010638673835036902,0.0010625289162446562,0.0008657406744329954,0.0008641512678270152,0.0009004293701033126,0.003956885676893573,0.003956830820714763,0.003951044414256802,0.008726646259971648,0.008726646259971648,0.008726646259971648,-0.027100461477959352,0.19450420943972943,12.20371649223908,0.8565531454792256,2.7239055400539223,-0.05378843441267194,-0.1430362188933455,-0.24858628287663767,-0.1934755296606251,-0.35954975705751674,-1.88477736813622,-0.42197819657781405,0.019870871262217094,-0.029280788196143714,0.05289052054513255,0.039672391271521,-0.020934271756843464,-2.138417007023296e-05
49.35323224067688,-0.21667860448360443,-0.3842982053756714,0.800000011920929,0.0,0.0,-0.02741909958422184,0.0,0.0,0.0,0.0,0.0,0.0,-0.057220970119512084,-0.159864392725678,1.0470829789741418,0.4135447469237924,1.6120005702691682,0.4507798951838143,-0.06810324616890842,0.10411783087327962,0.015938450956219617,-1.3023736900240075,-4.484584369378988,0.40802412623160905,-0.20177886476292642,-0.4147402547337939,0.8510354693254557,0.04209464787430861,-0.026716373597600013,-0.026458816683878134,-0.0991167752738097,-0.02250976377230999,-0.03953365678009452,0.06321257718562576,-0.09962556060152267,0.024333137038944845,0.0010647273635313698,0.0010646786513344598,0.0010633418346796166,0.0008659417815387764,0.0008643700553764045,0.0009004654731885204,0.003964876873873106,0.003964829470758407,0.003958977403786675,0.008726646259971648,0.008726646259971648,0.008726646259971648,-0.014873749186607431,0.19481347544819005,12.22840005404254,0.61057606844554,2.553329671086281,-0.07072411190029952,-0.14455789464341434,-0.25487586200811585,-0.1960475096486861,-0.36822532447075734,-1.6516808368288578,-0.43217645239635644,0.014899739720678012,-0.030442049358122503,0.05103545740452675,0.04245571290110914,-0.02613602076066408,0.0009546031756942794
49.40323224067688,-0.21667860448360443,-0.3842982053756714,0.800000011920929,0.0,0.0,-0.02741909958422184,0.0,0.0,0.0,0.0,0.0,0.0,-0.060566555554568594,-0.15458054102533875,1.0479907616745627,0.4153892077809051,1.3738973879001095,0.45596682402232763,-0.06572017123335977,0.10723623714030266,0.020372857060620232,-1.3624432510824442,-4.464563423521895,0.41054454307642624,-0.20668226871894277,-0.415835675950698,0.8489775135954646,0.04509938012043669,-0.031228800127443865,-0.025123369238129734,-0.09657829485739462,-0.021608461320954262,-0.04248276676016738,0.06800779623184455,-0.08385605339449556,0.032166208654532194,0.0010672787893304773,0.0010672323509970396,0.001065907062207673,0.0008661657217455863,0.0008646162587805249,0.0009004931449412816,0.003980864124182966,0.003980811747218736,0.003974823765026313,0.008726646259971648,0.008726646259971648,0.008726646259971648,-0.006043106031830593,0.19767494258604443,12.242790069696497,0.5174602108607468,2.420627380498634,-0.09626729179101508,-0.14611571316437416,-0.26125513492535923,-0.19901324807909815,-0.37002363723206205,-1.4184180988864474,-0.43989482392364315,0.009996335764661662,-0.031537470575026594,0.04897750167453563,0.04552207367008694,-0.03060679407837256,0.0022888544522634184
49.45323224067688,-0.21667860448360443,-0.3842982053756714,0.800000011920929,0.0,0.0,-0.02741909958422184,0.0,0.0,0.0,0.0,0.0,0.0,-0.06378194893890467,-0.14913719217772525,1.0491382521997712,0.41069619416149983,1.1359986734763559,0.4589394520771052,-0.0628955641400719,0.11049771676421886,0.025526763947719387,-1.4271686050201295,-4.451177592194182,0.4117878009267079,-0.2114039949714434,-0.41689830853959525,0.8468365503215005,0.048094100479339964,-0.035423129409438946,-0.023469753406820653,-0.0922467059546507,-0.02078175841436954,-0.04257065599206268,0.05664194299430851,-0.07809132432613372,0.03910614842869909,0.0010684061716351788,0.0010683633965464536,0.00106703778371098,0.0008664223701815658,0.0008648981378212991,0.0009005347793014933,0.003992225742345657,0.003992162364499996,0.003986070715838584,0.008726646259971648,0.008726646259971648,0.008726646259971648,-0.0010068725874904816,0.20195557888701696,12.246280504650864,0.6224630578888656,2.4115513227423353,-0.11108648437468657,-0.14762204603253876,-0.26776111636187,-0.20230170187827068,-0.3651169527748755,-1.1849696869028696,-0.44548553242897354,0.0052746095121610215,-0.032600103163923866,0.04683653840057156,0.04857411700710723,-0.03475969716099987,0.00394119369009928
49.50323224067688,-0.21667860448360443,-0.3842982053756714,0.800000011920929,0.0,0.0,-0.02741909958422184,0.0,0.0,0.0,0.0,0.0,0.0,-0.06684981667677048,-0.14352541855354053,1.0505478011130276,0.39966544265039056,0.8982304327571908,0.45938788493563376,-0.05981914537456744,0.11397322820318322,0.030855192582536144,-1.4866438166064,-4.438245563754286,0.4122900991478059,-0.21591650343152974,-0.4179207927876689,0.8447709154982259,0.05071706017970814,-0.03944363364497901,-0.02138505355567778,-0.08817157808192387,-0.01987761620276353,-0.039412618260428,0.05190110017894761,-0.08032450914251299,0.044742839201710925,0.0010688258041959937,0.0010687876189343823,0.0010674535724210204,0.0008666455939251134,0.00086514729871404,0.0009005129453732365,0.003998242560720647,0.003998163363394274,0.003992083218056297,0.008726646259971648,0.008726646259971648,0.008726646259971648,0.007034560505175707,0.20321642208845134,12.237140105649667,0.6505739749808042,2.481325035124318,-0.13415511003630592,-0.14906668675475926,-0.2743953742341284,-0.20577688561480167,-0.3540756452007688,-0.9513115147160743,-0.44874310404660817,0.0007621010520746929,-0.03362258741199753,0.04477090357729696,0.05125213211128111,-0.03874396070890135,0.006024613407517606
49.55323224067688,-0.21667860448360443,-0.3842982053756714,0.800000011920929,0.0,0.0,-0.02741909958422184,0.0,0.0,0.0,0.0,0.0,0.0,-0.06975381168499524,-0.13773829330340578,1.0522123459592732,0.38255622121233473,0.6608063998507608,0.45697967140896006,-0.05634065495442969,0.11751178180221929,0.03572660126729309,-1.5447134823380737,-4.421824849695292,0.41163896608582295,-0.2202311114236936,-0.4188802479765557,0.842942875261521,0.052820239260887004,-0.04417707671388559,-0.018892877282450534,-0.08436123991566521,-0.018374444838688008,-0.03334827839282519,0.038860130361572875,-0.10123981666954683,0.05793872313822046,0.0010697205047586397,0.001069687464076538,0.0010683462602081328,0.0008668886986992481,0.0008654141032265479,0.000900482468266127,0.004004837092718382,0.004004740860531618,0.003998631509245953,0.008726646259971648,0.008726646259971648,0.008726646259971648,0.016479664747916116,0.20336975767205903,12.214843990385411,0.7726359380615536,2.8366138422007268,-0.17447597122738756,-0.15047729973869833,-0.28114195467314995,-0.20926947069775215,-0.33745595488262503,-0.7184923042807908,-0.4491762951962373,-0.0035525069400891562,-0.03458204260088432,0.04294286334059205,0.053420270970162394,-0.043448291019017045,0.00851538748946572
49.60323224067688,-0.21667860448360443,-0.3842982053756714,0.800000011920929,0.0,0.0,-0.02741909958422184,0.0,0.0,0.0,0.0,0.0,0.0,-0.07247207579191008,-0.13177404870383888,1.0540925910956764,0.3595338133945843,0.4243944090532488,0.45146365034514535,-0.052389909322154385,0.12105800218043625,0.039483204188837835,-1.5966800499157177,-4.3876396952824726,0.4089717899642857,-0.22435996944498723,-0.4197285352459946,0.8414576565225081,0.05432873988946548,-0.049736018041739494,-0.01579377069451237,-0.08078485212148932,-0.015664746034967147,-0.026000958486930383,0.025185383500846682,-0.10830244886487042,0.07151376871754953,0.0010701475310898434,0.0010701194696160438,0.0010687674920536274,0.0008671409777350591,0.0008656868755561592,0.0009004320986561313,0.0040076767752386935,0.004007566658641894,0.004001430264541046,0.008726646259971648,0.008726646259971648,0.008726646259971648,0.02648385248440214,0.20330955939958337,12.192011417441485,0.9275873558271622,2.9282262738162266,-0.21427915453680677,-0.15188789365307714,-0.2879544865421557,-0.2126349345731683,-0.3154824903270861,-0.4872397792810422,-0.446216216427232,-0.007681364961382803,-0.03543032987032324,0.04145764460157919,0.055005208680044645,-0.048986310892679026,0.01161293157782991
49.65323224067688,-0.21667860448360443,-0.3842982053756714,0.800000011920929,0.0,0.0,-0.02741909958422184,0.0,0.0,0.0,0.0,0.0,0.0,-0.07498029738254018,-0.1256325683332026,1.056132125661977,0.3309080473698629,0.1897330379400958,0.44255178740669915,-0.04793895430305537,0.12460121264502892,0.0420981784631858,-1.6408990466050741,-4.3488739192888834,0.40431445467727795,-0.22832607316916234,-0.42043370981857314,0.8403309448049356,0.055223608392993166,-0.05559041581350162,-0.012139343577693513,-0.07797839482861468,-0.01234122528105722,-0.019168641066390615,0.007313234994323696,-0.12540542958693068,0.08133447750660977,0.0010702870664539086,0.0010702634432845513,0.0010688979650716095,0.0008674008621473429,0.0008659651416168999,0.0009003625713378123,0.004007244414572404,0.004007124804727371,0.0040009571513124,0.008726646259971648,0.008726646259971648,0.008726646259971648,0.03742928176494409,0.20080133039923692,12.167370422637592,1.12933927903066,3.1971551587292577,-0.2494753048560745,-0.15334577578662217,-0.2948011414853705,-0.21580118085704125,-0.28818153505330585,-0.2578093711178588,-0.4395860132736258,-0.01164746868555791,-0.036135504442901756,0.04033093288400669,0.05598071445856684,-0.05482832049878761,0.01526572534673447
49.70323224067688,-0.21667860448360443,-0.3842982053756714,0.800000011920929,0.0,0.0,-0.02741909958422184,0.0,0.0,0.0,0.0,0.0,0.0,-0.07725228943561498,-0.11931706272558622,1.0582716076984902,0.2971215426315612,-0.042523389520653,0.4299751094997264,-0.04294072781992858,0.12801901165960478,0.04348110299733941,-1.6750304471342612,-4.296661699049636,0.397897311874306,-0.23216258693498326,-0.42094529305882816,0.8395058244629895,0.05550512919227617,-0.06183935590817681,-0.00792285131648562,-0.07519316050434492,-0.007935494369762194,-0.01404223553431609,0.006464944041748361,-0.11969591940225353,0.09258290020721371,0.001069217295418431,0.0010691972054450557,0.0010678093881834822,0.0008676433441835786,0.0008662237423290513,0.0009002471988435876,0.003999931552649582,0.003999805929580814,0.003993694396283559,0.008726646259971648,0.008726646259971648,0.008726646259971648,0.04823511437259495,0.1952666499988224,12.150032646438216,1.132235593408605,3.1943650285569976,-0.2893101533686968,-0.1549102974993683,-0.30162823033324193,-0.21876578323550067,-0.25584681098837303,-0.03098614719548184,-0.42889264508511993,-0.01548398245137883,-0.036647087683156776,0.03950581254206054,0.056348420418837586,-0.061073424608650326,0.01948046914660653
49.75323224067688,-0.21667860448360443,-0.3842982053756714,0.800000011920929,0.0,0.0,-0.02741909958422184,0.0,0.0,0.0,0.0,0.0,0.0,-0.07926086287377358,-0.11283758551774248,1.0604585637414616,0.2584639234186571,-0.2718792048999428,0.4134996843683477,-0.03740220970641999,0.13116007665415944,0.04399713872152407,-1.7090170319445461,-4.24458898531901,0.38948842664570393,-0.23583750195303846,-0.4212298534109739,0.8389148698794041,0.055833390719925435,-0.06779374788671777,-0.003136674435768695,-0.07191730982802619,-0.0036593918705624426,-0.009852157808440017,0.012556066116222443,-0.12061388513807396,0.10422234848743724,0.0010688986840691561,0.001068881267059012,0.001067475938516718,0.0008678907013466669,0.0008664914432434919,0.0009001090266384203,0.003994948948094878,0.003994819350920827,0.003988750807228139,0.008726646259971648,0.008726646259971648,0.008726646259971648,0.05781079955852352,0.18798586333693837,12.140030883092042,1.097276083481305,3.3710850838961868,-0.3382183181211827,-0.1565766390792649,-0.30839226789323143,-0.22154369386205752,-0.21778766753361622,0.19321971200900956,-0.4140200186733501,-0.019158897469434027,-0.03693164803530252,0.03891485795847516,0.056758906676312997,-0.067023568354558,0.024264798141211765
49.80323224067688,-0.21667860448360443,-0.3842982053756714,0.800000011920929,0.0,0.0,-0.02741909958422184,0.0,0.0,0.0,0.0,0.0,0.0,-0.08098054079977436,-0.10621015604349837,1.0626588193664597,0.21496571980275547,-0.49800335932188644,0.39282895458309885,-0.03138490733361499,0.1339371023156199,0.04401308627840002,-1.744751592251196,-4.1836802688214245,0.37863413317947775,-0.23938292112061016,-0.4213186289966889,0.8384665246975433,0.05657815512236193,-0.07480230394608303,0.002098301970843499,-0.06974453964915402,0.00017591013671876748,-0.008446369423365848,0.020776038170024012,-0.13732060039281865,0.1078254692106134,0.0010695797828587004,0.001069564087723677,0.0010681489526279551,0.0008681501163087227,0.0008667711292947255,0.0008999416016372358,0.003993937773502463,0.003993809135526948,0.003987753895098147,0.008726646259971648,0.008726646259971648,0.008726646259971648,0.06789810348336359,0.18251628327648822,12.139867570902632,0.9418914386417854,3.5465480229787563,-0.3620566678680443,-0.1584023803208358,-0.31510847295319055,-0.22419229466891633,-0.17379587695605148,0.41302002235169233,-0.3949006313642009,-0.022704316637005728,-0.03702042362101754,0.03846651277661439,0.05760039148207644,-0.07402231003755354,0.0294972987078902
49.85323224067688,-0.21667860448360443,-0.3842982053756714,0.800000011920929,0.0,0.0,-0.02741909958422184,0.0,0.0,0.0,0.0,0.0,0.0,-0.08238674447722903,-0.09945071226125585,1.064859668229065,0.16642762287621887,-0.7203672090491826,0.3676027720577476,-0.024863239764567096,0.13644064897405822,0.04402086822580551,-1.7882553847998277,-4.113998405369701,0.36658792222590686,-0.24279340161467006,-0.42122824160445194,0.8380528104758632,0.05750173745559655,-0.08172359655788711,0.007474457187825385,-0.06653422333892721,0.0034525866000229615,-0.008180022783016086,0.011583323420426426,-0.13880882300717856,0.11082746585622348,0.0010725628374607646,0.0010725479489183728,0.0010711377689087223,0.0008684420416699005,0.0008670877955722958,0.0008997770435804468,0.004002482907203837,0.004002364064253024,0.003996216504521271,0.008726646259971648,0.008726646259971648,0.008726646259971648,0.07348495152906893,0.17963787460297576,12.153705983777897,1.0038541529238858,3.6337640942754583,-0.39245542867729294,-0.160406657137441,-0.3217775293431961,-0.22680685775320175,-0.12367612704220529,0.6290075063944196,-0.37192407985917225,-0.026114797131065626,-0.03693003622878055,0.038052798554934264,0.05861952870096521,-0.08093153428066141,0.03487073648993579
49.90323224067688,-0.21667860448360443,-0.3842982053756714,0.800000011920929,0.0,0.0,-0.02741909958422184,0.0,0.0,0.0,0.0,0.0,0.0,-0.08345988121617402,-0.09256968915693427,1.0670782042051343,0.11280374034884752,-0.9385040429500975,0.3374090095910999,-0.018062229793234873,0.13880027519882057,0.044720570816974184,-1.8286610416343483,-4.039955738353153,0.35302177323187534,-0.24602632575095648,-0.42095556823637165,0.837659529094116,0.05723468644175964,-0.0885122882046145,0.012899413222069339,-0.06251214642697718,0.007507273184512296,-0.007534655371564269,-0.0249387752950984,-0.12468281902792717,0.11578637287135299,0.0010757026536687298,0.0010756874658447207,0.0010742807594931758,0.0008687635158007266,0.0008674304838383307,0.0008996253736468821,0.0040111933381175476,0.004011097240519902,0.004004870569692254,0.008726646259971648,0.008726646259971648,0.008726646259971648,0.07686706124495589,0.17743456887204656,12.164329239118253,1.47464750757841,3.5153136116383727,-0.42287853451781454,-0.16256644453478247,-0.3283858790794374,-0.22941867511101832,-0.0686816682183343,0.8410289339142508,-0.34441110066704805,-0.02934772126735205,-0.03665736286070026,0.03765951717318705,0.05844628586820715,-0.08772466508538108,0.04029312044751732
49.95323224067688,-0.21667860448360443,-0.3842982053756714,0.800000011920929,0.0,0.0,-0.02741909958422184,0.0,0.0,0.0,0.0,0.0,0.0,-0.08418873981940764,-0.08557343887353724,1.069345004379938,0.054866544675911164,-1.1521658038314118,0.3021066044250219,-0.011092114336107323,0.1410497361370368,0.045951436175160794,-1.8455270307361464,-3.9718355954684488,0.33793446894581564,-0.24900376295224025,-0.4204601919943003,0.8373185099873636,0.05512373379106179,-0.09408844087041304,0.018569769220172873,-0.05628967796827856,0.012678872739276493,-0.005938378074051398,-0.04885333794760123,-0.09230888079933966,0.1224029408553326,0.001079115877396035,0.0010790996050375145,0.001077693652466656,0.0008690943405106655,0.0008677824141358787,0.000899484321238594,0.004019375611581804,0.00401931003304229,0.004013013327583367,0.008726646259971648,0.008726646259971648,0.008726646259971648,0.07745023499055217,0.17065395414118698,12.170737438476566,1.8516854541938397,3.1839322354441806,-0.4576191767314067,-0.1648150231328326,-0.33488675312076305,-0.2320264943925744,-0.0097945799164889,1.0499799999173822,-0.31153436256435435,-0.03232515846863582,-0.036161986618628905,0.03731849806643461,0.0564125830907371,-0.093330783107108,0.04596169055851644
50.00323224067688,-0.21667860448360443,-0.3842982053756714,0.800000011920929,0.0,0.0,-0.02741909958422184,0.0,0.0,0.0,0.0,0.0,0.0,-0.08456836368260283,-0.07847319131164399,1.0716813580718485,-0.0061911763017805516,-1.3615897297307857,0.2618910378373471,-0.004092840191700951,0.14296016633870975,0.04750271150126288,-1.8435411225071716,-3.920284521393463,0.3211101325490786,-0.25165518398723835,-0.4196782932185815,0.8370731312284609,0.051888699814378283,-0.09866969717867234,0.024534143660175423,-0.04974964348142893,0.018602735880208766,-0.004153241344046665,-0.062429358159031514,-0.07668770765213614,0.13037292093518402,0.0010809272854660395,0.0010809095431678175,0.001079489782440022,0.0008694258280840829,0.0008681374611414797,0.0008993444507035675,0.004018418364354172,0.004018385488254321,0.004012122259473701,0.008726646259971648,0.008726646259971648,0.008726646259971648,0.07520477397141055,0.1603744802653687,12.170432212264988,1.976672424175074,3.0871602787717753,-0.5058526550566175,-0.1670868203046355,-0.34120510190693754,-0.23460822684338756,0.052624007605103613,1.2556602656957998,-0.2734452706849412,-0.03497657950363392,-0.035380087842910135,0.03707311930753199,0.05324114994088173,-0.09795763470506412,0.0519248370710707
50.05323224067688,-0.21667860448360443,-0.3842982053756714,0.800000011920929,0.0,0.0,-0.02741909958422184,0.0,0.0,0.0,0.0,0.0,0.0,-0.08460083066485163,-0.07129027158201184,1.0740948939972996,-0.0696060892095459,-1.5670862770319174,0.21686943327328256,0.0027941609017483457,0.14435662284659181,0.04903872551678605,-1.8353058657791355,-3.8735720451520974,0.3018741222360812,-0.2539556892324973,-0.4185971469532212,0.836873371168127,0.04832669505493397,-0.10167464732668453,0.030717706430439643,-0.04197560095741975,0.024760535423712503,-0.0041546825718646,-0.060178008753889456,-0.03605225889856625,0.12630289079278417,0.0010819929764190439,0.001081974128720211,0.001080533750898626,0.0008697250714022501,0.0008684720478930203,0.000899178171225097,0.00401290138883444,0.004012895479735776,0.004006737173234219,0.008726646259971648,0.008726646259971648,0.008726646259971648,0.07365529460105136,0.1496232376223807,12.176310188299277,2.051055633828965,2.635348709574031,-0.5278562806557681,-0.16935485856764565,-0.34730687537120936,-0.23722152282917264,0.11866212763459277,1.4587702664878979,-0.23073344801743756,-0.03727708474889285,-0.03429894157754981,0.036873359247198034,0.04972107023704191,-0.10101282881606993,0.05810783895633799
50.10323224067688,-0.21667860448360443,-0.3842982053756714,0.800000011920929,0.0,0.0,-0.02741909958422184,0.0,0.0,0.0,0.0,0.0,0.0,-0.08429088444164087,-0.06405096808028832,1.0765925780935701,-0.13497764970813286,-1.7691836763809161,0.16700053770881357,0.009603688026680655,0.14521551722232462,0.05086863833402395,-1.8233514485684033,-3.849450147370614,0.2815379306431234,-0.25582617288930376,-0.41721644755307996,0.8366291879702558,0.04487872648946114,-0.1025360585052203,0.0369571357642966,-0.03246806760030179,0.03045065843286135,-0.005997626151490203,-0.07014796711625937,0.013352245595428493,0.13254750608454965,0.0010842183310139917,0.0010841993713397752,0.0010827479984633574,0.0008700312797285497,0.0008688302272049237,0.0008990311525440262,0.004012786153546248,0.004012798961260385,0.0040066900688854445,0.008726646259971648,0.008726646259971648,0.008726646259971648,0.06847080635969591,0.14083003583901302,12.187901665948274,2.13393856561736,2.06389708157904,-0.5736869746583335,-0.1715352884476629,-0.35316547947279164,-0.23996339012331436,0.18824426506642133,1.6603502149525318,-0.18385480459751938,-0.03914756840569933,-0.032918242177408574,0.036629176049326806,0.046285546201751446,-0.10192297344567494,0.06434760014488983
50.15323224067688,-0.21667860448360443,-0.3842982053756714,0.800000011920929,0.0,0.0,-0.02741909958422184,0.0,0.0,0.0,0.0,0.0,0.0,-0.08364694247248529,-0.05677971136200839,1.0791962471777634,-0.20197827575953897,-1.969012458978976,0.11229354435766188,0.01615399073954424,0.14563475150888894,0.053278125033711404,-1.8072528847682534,-3.853900830988882,0.2589102043500403,-0.2571818394932705,-0.4155367020164491,0.8362738812095333,0.04086808306424355,-0.10130268305983646,0.043342540117935195,-0.021728088017562614,0.0366850460087623,-0.008095120604351467,-0.08104827775940543,0.03477201065783927,0.13540211758495685,0.0010874884047490793,0.0010874704944823694,0.0010860206178511505,0.0008703505233969994,0.0008692128033840926,0.0008989145352144763,0.004019484726487502,0.004019507997094336,0.004013373437053299,0.008726646259971648,0.008726646259971648,0.008726646259971648,0.061795571600681526,0.13105446358964257,12.198850721264936,2.328305762413586,1.8242947932743871,-0.6078229915850688,-0.17353489702078523,-0.3587569906544407,-0.24292236596823014,0.26064687410795373,1.8615221657705532,-0.1321787290341071,-0.04050323500966607,-0.031238496640777713,0.03627386928860432,0.04225852172941729,-0.10074603032900781,0.07073436478313773
50.20323224067688,-0.21667860448360443,-0.3842982053756714,0.800000011920929,0.0,0.0,-0.02741909958422184,0.0,0.0,0.0,0.0,0.0,0.0,-0.08268382941113515,-0.049499712394710925,1.0819340769160872,-0.2703022730273484,-2.1674316132231497,0.05292162793032033,0.022370531714458006,0.14556520718298477,0.05623506449923232,-1.781435961128289,-3.8703316290223846,0.23457567721061712,-0.25801764648604397,-0.41354090206604216,0.8358373634163658,0.03606167178212505,-0.1002164680070316,0.05006563137476321,-0.012072793699617545,0.04364220040332029,-0.009285203761807751,-0.09406710254339114,0.018820968491633165,0.13983975550745997,0.0010902302129817175,0.0010902144614054466,0.0010887712522429374,0.0008707082300172109,0.0008696273260480451,0.0008988260477327447,0.004028736191374174,0.004028754128925948,0.004022569471111612,0.008726646259971648,0.008726646259971648,0.008726646259971648,0.056456569247459266,0.1195185889040353,12.206844071688916,2.51096241750178,2.0440986316997702,-0.6436340111250802,-0.1753338170749088,-0.36404118967133126,-0.2460967134997214,0.3355702282475602,2.0608122140880187,-0.07567008967312262,-0.04133904200243954,-0.029242696690370773,0.035837351495436875,0.03743761790596538,-0.09972720859033082,0.07745880106729881
50.25323224067688,-0.21667860448360443,-0.3842982053756714,0.800000011920929,0.0,0.0,-0.02741909958422184,0.0,0.0,0.0,0.0,0.0,0.0,-0.08141656305398103,-0.042237610487066715,1.0848297453157165,-0.33970441676618446,-2.3643162681785936,-0.010847906045941958,0.02832012257170979,0.14491886912280028,0.05959167148595182,-1.7464862047339191,-3.875772235134616,0.20845059909419691,-0.2584114158099787,-0.4111525968844024,0.8353543822515822,0.03092956427391846,-0.10069953673857289,0.05680532953674349,-0.0041262278882641746,0.05167903591303273,-0.010031880470104906,-0.09551049028363638,-0.027796258965717312,0.14349486879789,0.0010903381410081673,0.0010903254294076217,0.0010888823592916776,0.0008710348972978575,0.000869996440780185,0.0008986730605438373,0.004035739041214079,0.004035728759926797,0.0040295541056194276,0.008726646259971648,0.008726646259971648,0.008726646259971648,0.049097605247136494,0.11021148129777555,12.207947759393651,2.540024901309496,2.657955683939743,-0.6794008507133781,-0.17699485275599763,-0.3689149863973357,-0.24947536306413431,0.41285357796200095,2.2566489610721527,-0.0156790998827603,-0.04173281132637424,-0.026854391508731035,0.03535437033065325,0.032312366016410236,-0.1002822142031987,0.08419906258697656
50.30323224067688,-0.21667860448360443,-0.3842982053756714,0.800000011920929,0.0,0.0,-0.02741909958422184,0.0,0.0,0.0,0.0,0.0,0.0,-0.07986101585896474,-0.035019459366939544,1.0878946236743128,-0.4100418302524308,-2.5585054510595127,-0.0790852101603456,0.03390176522894546,0.14380717568230283,0.06300346285790805,-1.7100833241491635,-3.8505199886348507,0.1805371789983619,-0.25848605309257744,-0.40836299769313855,0.8348605244078877,0.026063070966983844,-0.1039583864816071,0.06358047088769749,0.0007876492613468085,0.059851033599120716,-0.009401929593870546,-0.08079062925058865,-0.08286792398168365,0.13823430354765887,0.0010883401630495965,0.0010883305568031945,0.00108688355381283,0.0008713263839876367,0.0008703123134729732,0.0008984400020959397,0.004038642430611364,0.004038568940828132,0.0040324785806116386,0.008726646259971648,0.008726646259971648,0.008726646259971648,0.05462225057057825,0.08913325818588692,12.205323346931873,2.4392198926565682,3.2709664812619974,-0.7054382803483138,-0.1786250372336127,-0.373343538326199,-0.25303409926642506,0.4926989757112183,2.44674590861419,0.046436233987348696,-0.04180744860897301,-0.024064792317467165,0.03486051248695876,0.027490654812807894,-0.10360961359140435,0.09097331235287108
50.35323224067688,-0.21667860448360443,-0.3842982053756714,0.800000011920929,0.0,0.0,-0.02741909958422184,0.0,0.0,0.0,0.0,0.0,0.0,-0.0780194807244321,-0.027883240697726096,1.09112681108593,-0.48119382726131504,-2.7483599510849626,-0.15241610945444606,0.03975964015235403,0.1416415710862107,0.06628403360677587,-1.6787206939970496,-3.7946172022689666,0.15132188742077607,-0.2583738270274127,-0.4051923871870628,0.834435193179481,0.02227705022646553,-0.1092322046641875,0.06999364701348904,0.003510990311776919,0.06649368629017424,-0.007557870171511681,-0.05673876075278635,-0.11777185555929492,0.13185802761159876,0.00108517443003486,0.0010851663695152112,0.0010837181131702588,0.0008716424873530343,0.0008706422081834412,0.0008981956582386179,0.004037866063879527,0.004037713911124367,0.004031771238400288,0.008726646259971648,0.008726646259971648,0.008726646259971648,0.05752294994004271,0.07103850302093156,12.197614638312317,2.184061582123373,3.841159893531792,-0.7189871256423431,-0.18035434630298058,-0.3773091464893367,-0.256691617906449,0.5747657027337248,2.630619808830276,0.1094649049303007,-0.04169522254380825,-0.02089418181139141,0.03443518125855205,0.023776981952762795,-0.10893737703244852,0.09738433531430432
50.40323224067688,-0.21667860448360443,-0.3842982053756714,0.800000011920929,0.0,0.0,-0.02741909958422184,0.0,0.0,0.0,0.0,0.0,0.0,-0.0758814259695175,-0.020877920702274448,1.094513391149216,-0.5529675124288816,-2.932264909686931,-0.23208761580786957,0.04576255004423498,0.13857122873187117,0.0691791689246654,-1.6601159793715992,-3.710204745289602,0.12142915357849293,-0.25816746108074967,-0.4017413322838416,0.8341110474247426,0.019734325918371817,-0.11658423520831125,0.07621510354406393,0.004437174062183582,0.07131168603969835,-0.005025014915082232,-0.04693286115936847,-0.15068486412313123,0.1258009226063944,0.0010827765303558048,0.001082766492428237,0.0010813334742314485,0.0008720341071209271,0.0008710355824122609,0.0008979856743118102,0.004039792891083836,0.004039578666122266,0.004033721826545807,0.008726646259971648,0.008726646259971648,0.008726646259971648,0.06099952893818096,0.05509121112149269,12.186347950284196,2.096180546693573,4.261537601612271,-0.7433488017613072,-0.18228603511123218,-0.38086341158156717,-0.26040234372447335,0.658725726833051,2.8070267242554943,0.1735499759885254,-0.04148885659714524,-0.017443126908170237,0.03411103550381367,0.021335122854984408,-0.11632664295161861,0.10360223881969849
50.45323224067688,-0.21667860448360443,-0.3842982053756714,0.800000011920929,0.0,0.0,-0.02741909958422184,0.0,0.0,0.0,0.0,0.0,0.0,-0.07343887999626082,-0.014046051939413107,1.0980306446183616,0.6070756400393148,3.0201609852752704,0.3104217474545206,0.05193928888602372,0.13470352178255918,0.07151096984114926,-1.6459053165176365,-3.6047734029061997,0.09031833593025725,-0.25796592262177054,-0.398089093340993,0.8339597687104888,0.017575590051565504,-0.1252821925215775,0.08230862720146831,0.0032133640606662127,0.07426874783385093,-0.0010272003148807539,-0.03769541482913861,-0.18117612196897556,0.12526805594563858,0.0010800430803524902,0.0010800260372076525,0.0010786192696427485,0.0008724866242084884,0.0008714804169378952,0.000897810651490663,0.004038464200221245,0.004038235052264833,0.004032457397163521,0.008726646259971648,0.008726646259971648,0.008726646259971648,0.0641463583386076,0.04903462397465011,12.16748842363614,1.9564144041288658,4.743793620886843,-0.7588257033554753,-0.18452704262550973,-0.3840430414015799,-0.2640708759078728,0.7437783853685038,2.9755156873840853,0.24066614119317778,-0.04128731813816611,-0.01379088796532163,0.03395975678955987,0.019295680935237428,-0.12505691348711098,0.10969113456879145
50.50323224067688,-0.21667860448360443,-0.3842982053756714,0.800000011920929,0.0,0.0,-0.02741909958422184,0.0,0.0,0.0,0.0,0.0,0.0,-0.07068356354416457,-0.007415139257951864,1.101640913725021,0.5996902475249551,2.8226358886840726,0.35852232331493583,0.0582733691978329,0.13053298547590564,0.07289979442523005,-1.6386829607919107,-3.4752292595590855,0.05843367320231762,-0.2578820947709534,-0.39435102331625094,0.8339934658374448,0.015981833535981007,-0.1361123359228762,0.08843181819829583,0.0003101049128138818,0.0752702862481816,0.0022479524849762806,-0.04092092856640709,-0.2143232773432208,0.12451513654896298,0.0010770929387273662,0.001077064117753918,0.001075695230257059,0.0008729924639718054,0.0008719625276329418,0.000897654985360048,0.004033930567889264,0.004033757132518169,0.004028018993374396,0.008726646259971648,0.008726646259971648,0.008726646259971648,0.06971073115961074,0.04249479992827818,12.146243698015345,2.0328358141447826,5.09453644053117,-0.7841833612060766,-0.18719853122678887,-0.3869358840582991,-0.2676474478875761,-0.7702654759256986,-2.912097878986759,-0.2887961798126947,-0.04120349028734899,-0.01005281794057955,0.03399345391651587,0.01785047876650606,-0.1359121730599615,0.11580797181908478
50.55323224067688,-0.21667860448360443,-0.3842982053756714,0.800000011920929,0.0,0.0,-0.02741909958422184,0.0,0.0,0.0,0.0,0.0,0.0,-0.06760458761045161,-0.00100092817188125,1.1052940681538583,0.5866606331324266,2.6319884735182444,0.4010397214918205,0.06488566815069222,0.1260354579669335,0.07322638272827116,-1.6276395345653893,-3.3281479752297556,0.025281127581848,-0.25788673573681264,-0.390575751481375,0.8341740799318329,0.014121659862016947,-0.14635690813733657,0.09460887552858205,-0.00073058869704557,0.07545158158989938,0.004572396173479934,-0.035721799675255635,-0.22631840873883913,0.1207706659983413,0.0010747243009067084,0.001074681993318941,0.0010733641028813558,0.0008735762228917887,0.0008725266048785151,0.0008975848441667285,0.004029639327455311,0.004029590308436041,0.004023765767506681,0.008726646259971648,0.008726646259971648,0.008726646259971648,0.06772630436322077,0.03433568419201347,12.138221994750825,1.9510515708745744,5.398932068238025,-0.8058444406232347,-0.19028214812636102,-0.3895748233094938,-0.27111998822202543,-0.7591823842949612,-2.7294798123387087,-0.32158796744894136,-0.04120813125320821,-0.006277546105703635,0.034174068010903946,0.01613075043364247,-0.14618574719561356,0.12197853631317362
50.60323224067688,-0.21667860448360443,-0.3842982053756714,0.800000011920929,0.0,0.0,-0.02741909958422184,0.0,0.0,0.0,0.0,0.0,0.0,-0.0641974772625907,0.005178207644071301,1.1089535248687676,0.5686502337421349,2.4490371698601487,0.43909869634375914,0.07139874576373297,0.12112997467114746,0.0731518858680863,-1.6206853205023772,-3.1658469095150608,-0.008954472009484328,-0.25789896677945473,-0.38680673867161486,0.8344083397428195,0.012982709597966643,-0.15685766693655412,0.1002549975509437,0.001122608139604249,0.07523118827832341,0.0046236293433361665,-0.02094639772534235,-0.16927188898523268,0.11280604233198903,0.0010736291748724167,0.0010735769362293353,0.0010723184228912056,0.0008742477549186115,0.0008731765437887423,0.0008976019133054829,0.004028754415769413,0.004028850680292018,0.004022795866870454,0.008726646259971648,0.008726646259971648,0.008726646259971648,0.06127517615203705,0.01882288367322453,12.145317381397291,1.8788467787905005,4.874089945767246,-0.8288487247572371,-0.19370148951686403,-0.39198494631568614,-0.27454518512594817,-0.741958138709493,-2.555503776471079,-0.34922171846639194,-0.0412203622958503,-0.0025085332959434714,0.034408327821890516,0.015135812561490195,-0.15670576141860254,0.12761744308573222
50.65323224067688,-0.21667860448360443,-0.3842982053756714,0.800000011920929,0.0,0.0,-0.02741909958422184,0.0,0.0,0.0,0.0,0.0,0.0,-0.06047277694434225,0.011092678294585219,1.1126181259739751,0.5461340702632885,2.273461252352276,0.47340316237120617,0.07758926696621363,0.11544885134942272,0.0734321583402247,-1.6173413460435695,-3.0297879499239264,-0.04434028580751185,-0.2577165391214369,-0.3830796790247152,0.8346117365090834,0.012388189257535995,-0.16385945970025856,0.10569898957110123,0.006639269953041852,0.0733800786906274,0.003196721458210724,0.008903951308115034,-0.10340438395403719,0.10601671604444983,0.0010732420931454075,0.001073189284933233,0.001071980838164061,0.0008749998147481604,0.0008739394186599189,0.0008977688443879217,0.0040287974089748615,0.004029001286050947,0.004022683208590788,0.008726646259971648,0.008726646259971648,0.008726646259971648,0.0403412494146738,0.007369048909208664,12.16341767208548,1.5088398893585246,4.093461914407231,-0.838719530821495,-0.19724376217709463,-0.3941723573193004,-0.27800638946489176,-0.7180332253935843,-2.386262660526927,-0.3737092498457691,-0.04103793463783245,0.001218526350956206,0.034611724588154424,0.014637388978419959,-0.16371891215402984,0.1330563296862529
50.70323224067688,-0.21667860448360443,-0.3842982053756714,0.800000011920929,0.0,0.0,-0.02741909958422184,0.0,0.0,0.0,0.0,0.0,0.0,-0.05646471797439089,0.016708775485558675,1.1163193660661503,0.519437540520025,2.1035070733948538,0.5043379649555686,0.08273309183182692,0.10919503628949633,0.07461744534677266,-1.6324977160563616,-2.9327603919007768,-0.08021963990875733,-0.2571732051277833,-0.3794854944474926,0.8346848887593404,0.01339509698994282,-0.16649860901281813,0.11057046623307659,0.015938309568605067,0.07035118520470818,-0.000570229251165164,0.039099898297105584,0.014294854512677412,0.08980674554444829,0.0010717349816084932,0.0010716950164792152,0.0010705023724243365,0.0008757953357865266,0.0008747872473194155,0.0008980791096757089,0.004022176791918917,0.004022369316825425,0.004015975357701248,0.008726646259971648,0.008726646259971648,0.008726646259971648,0.009147081910790717,-0.00031781674514893166,12.194612979525129,1.1674690815105655,2.79156146223885,-0.8343097059287452,-0.2007084871533924,-0.39619426993305124,-0.2816344773068099,-0.6862569635096266,-2.219566449803533,-0.3947591081346109,-0.04049460064417887,0.004812710928178809,0.03468487683841148,0.015680842015360706,-0.1663465803933228,0.1379257499988446
50.75323224067688,-0.21667860448360443,-0.3842982053756714,0.800000011920929,0.0,0.0,-0.02741909958422184,0.0,0.0,0.0,0.0,0.0,0.0,-0.05223846047053932,0.022002573341467106,1.120118864642952,0.4887773173199227,1.9363697843943166,0.5320746730253572,0.08631720832224542,0.10255687794685296,0.0773624977253028,-1.6647226264615487,-2.9008278564860563,-0.11587850276536024,-0.25606339255793953,-0.3760688696496522,0.8345415022809507,0.015374125744071765,-0.1628883712721645,0.11512398129204664,0.028409796544098254,0.0660160595971162,-0.005256334422101917,0.05550684812883851,0.10270115938831442,0.08102397636750958,0.0010706954551750608,0.0010706814297837767,0.0010694716353696278,0.00087666215599657,0.0008757604325550564,0.000898595835996383,0.00401615383335113,0.004016192065429718,0.004009921597946873,0.008726646259971648,0.008726646259971648,0.008726646259971648,-0.021380184299287487,-0.0067188401663707525,12.22020285197303,0.9811574229069983,1.697522944310865,-0.8501685950880217,-0.2038249320874002,-0.3980714429911193,-0.2855773623620014,-0.6465301796677692,-2.050755657371638,-0.41370542953267936,-0.0393847880743351,0.008229335726019193,0.03454149036002174,0.017610923239057483,-0.16271021236595296,0.14248185404265568
50.80323224067688,-0.21667860448360443,-0.3842982053756714,0.800000011920929,0.0,0.0,-0.02741909958422184,0.0,0.0,0.0,0.0,0.0,0.0,-0.047871156224929434,0.026956462000966862,1.1240876031792402,0.45451202525733125,1.7689614596496523,0.5562251826539248,0.0883749615021601,0.09559866843314853,0.08138704372622792,-1.7062631197969136,-2.923597246967732,-0.15233031007992692,-0.2543355909897988,-0.372877226686869,0.8341575198064762,0.017292087062502952,-0.1563394164357213,0.11866322960700783,0.040941301437582185,0.061761975558545,-0.010097587009991306,0.0433657234465997,0.1501028205744118,0.053684233990483804,0.001069972329289973,0.0010699925678105916,0.0010687335822862775,0.0008776641086710816,0.0008768877965530068,0.0008993228837044783,0.0040103899301430525,0.004010166598197157,0.004004195971722175,0.008726646259971648,0.008726646259971648,0.008726646259971648,-0.046987249463145,-0.013030229301224128,12.24755634421369,1.0806230685018867,1.0942202345177268,-0.8160839786141247,-0.20646443476486936,-0.39983368868783586,-0.28993008337276394,-0.6003780596370822,-1.879930824596026,-0.43098605544991225,-0.03765698650619437,0.011420978688802375,0.03415750788554728,0.019439619683188615,-0.15613490628284848,0.14602574134377588
50.85323224067688,-0.21667860448360443,-0.3842982053756714,0.800000011920929,0.0,0.0,-0.02741909958422184,0.0,0.0,0.0,0.0,0.0,0.0,-0.04343297315177801,0.03155455094836348,1.128291760880876,0.4172418952578981,1.5992312164785534,0.5761527211016245,0.08915236142388207,0.08832488946270041,0.08677926433918674,-1.7428303308525395,-2.9765317729390706,-0.1870778865708038,-0.2518915467481869,-0.36989933398796676,0.8335355433797789,0.018476649577820633,-0.14622857274658718,0.121407069166094,0.058016415964716066,0.05752854227918875,-0.014660237782478073,0.025894411783019815,0.30397245762783753,0.0481088387223671,0.0010690828215230343,0.0010691365908578826,0.0010678023602993093,0.0008787967315427236,0.0008781644493409605,0.000900267509388814,0.004003557643131764,0.004002993113929199,0.003997576738494429,0.008726646259971648,0.008726646259971648,0.008726646259971648,-0.08078481846869144,-0.02051138590574917,12.288934087496358,1.275638163967981,-0.8379765818840841,-0.8279807704024026,-0.2084585735964089,-0.4014538849363302,-0.29475621750109715,-0.5490521185059929,-1.7040917060260548,-0.44641193877229046,-0.03521294226458249,0.014398871387704626,0.03353553145884991,0.02048590508503116,-0.14600662416039697,0.14877648263761648
50.90323224067688,-0.21667860448360443,-0.3842982053756714,0.800000011920929,0.0,0.0,-0.02741909958422184,0.0,0.0,0.0,0.0,0.0,0.0,-0.038998167043798035,0.03577959950148142,1.1328172517922623,0.3781720144289878,1.4243205633147924,0.5905838900825283,0.08823988289532671,0.08067705266202709,0.09424037211627809,-1.769646787134856,-3.1260761397304866,-0.22242030265108959,-0.24845476363413566,-0.3670667025465114,0.8327376906272375,0.017344033231088567,-0.12719852924281463,0.12376004934100042,0.0784526514165633,0.05570760436452674,-0.017002665217512647,-0.0011661873357113972,0.39720573226718814,0.049157754787602675,0.0010687366441080484,0.0010688102911685221,0.0010673958051699965,0.0008800669752358227,0.0008796177226669424,0.0009014963113851826,0.003998929781038458,0.0039980938722474265,0.003993317370003484,0.008726646259971648,0.008726646259971648,0.008726646259971648,-0.11905102581332734,-0.02981364019852811,12.309150131199756,1.6023833154262104,-2.1264002276878986,-0.8461872549801891,-0.2094565965903376,-0.4028463020479928,-0.3000795611650249,-0.49358050554639094,-1.5145986637933628,-0.45997368827826146,-0.031776159150531225,0.017231502829159973,0.032737678706308504,0.019092182074870574,-0.1269887044541105,0.1511414590078181
50.95323224067688,-0.21667860448360443,-0.3842982053756714,0.800000011920929,0.0,0.0,-0.02741909958422184,0.0,0.0,0.0,0.0,0.0,0.0,-0.034656817621426014,0.03961062839670027,1.1377410681471332,0.33894493251462277,1.2406909857858994,0.5979491958995882,0.08541409399953925,0.07256410314671369,0.10271228207854047,-1.7801259858442635,-3.34004168881212,-0.25867304296026983,-0.2441286624412668,-0.3643250368971945,0.8318362668476188,0.014939989615943212,-0.10758200227758219,0.12609186185873253,0.09455341452111068,0.05441655162204894,-0.018774903846810978,-0.04463957131400388,0.41347372339859984,0.03597243107677987,0.0010683456589905948,0.0010684173593906625,0.001066935230280343,0.0008815633553992796,0.000881275409003825,0.0009029605821737964,0.003994047648465433,0.003993133150057487,0.00398879742263732,0.008726646259971648,0.008726646259971648,0.008726646259971648,-0.1500720033342917,-0.03941708154498232,12.317175317979283,2.1379110220186894,-2.5046476186129314,-0.8366229686832802,-0.20947184481984077,-0.40393566529389474,-0.30590480129951436,-0.4381333659447823,-1.3156406993346907,-0.466920139582645,-0.027450057957662366,0.01997316847847691,0.031836254926689844,0.016418686383703012,-0.10740139529763677,0.15348398351825823
51.00323224067688,-0.21667860448360443,-0.3842982053756714,0.800000011920929,0.0,0.0,-0.02741909958422184,0.0,0.0,0.0,0.0,0.0,0.0,-0.03049553386574517,0.043024005514469894,1.1430985114835908,0.3011341378875397,1.0468198960368043,0.597197857696542,0.08103725622770408,0.06397098156407877,0.11158545137977796,-1.7638287992240471,-3.5729196074399736,-0.2944475689545995,-0.23898832262404537,-0.36160942632239507,0.8309284264492637,0.010146901861028079,-0.08614140221771999,0.12781318617451473,0.11060102666262422,0.054328560093658426,-0.016863268033028053,-0.09888936966761455,0.42374628871429976,0.032437180325179914,0.001068635749080351,0.001068680931850225,0.0010671651433443545,0.0008833140951330647,0.0008831666692379988,0.0009046979210124711,0.003992123286851194,0.0039913657697936205,0.00398718896294268,0.008726646259971648,0.008726646259971648,0.008726646259971648,-0.16835061279833374,-0.049816131195323105,12.30576829366413,2.823299634827245,-2.825204279412301,-0.8436375036849881,-0.2084927887583002,-0.40463343183686495,-0.3121700850343271,-0.3846619965034905,-1.1041914572940692,-0.46717186198586536,-0.022309718140440943,0.02268877905327632,0.030928414528334724,0.011330535982937215,-0.08602202555103164,0.15521508227890493
51.05323224067688,-0.21667860448360443,-0.3842982053756714,0.800000011920929,0.0,0.0,-0.02741909958422184,0.0,0.0,0.0,0.0,0.0,0.0,-0.026575940260486118,0.045994727741044864,1.1488853545047162,0.26639907289374254,0.8424767057969272,0.5876197432653434,0.07574648798266685,0.054857907498926835,0.11988826946525785,-1.7132621819634049,-3.821825359107795,-0.33057282169901453,-0.2331504023188269,-0.3588551909697458,0.8301939560918603,0.0020606568826197157,-0.06703313848812041,0.12921390689699971,0.12229308428233823,0.05604793414521957,-0.01204496591845586,-0.1784181743929452,0.3543003956204342,0.03327412281797345,0.0010679536884642279,0.0010679529602681272,0.001066433221463917,0.000885345357043267,0.0008853041211356071,0.0009066999172467978,0.0039861869243713,0.003985775630193793,0.00398142730265659,0.008726646259971648,0.008726646259971648,0.008726646259971648,-0.18844722826677532,-0.059865298947767084,12.283073122132679,3.8472937727989973,-2.1760148888545023,-0.855136409558923,-0.20657446205834076,-0.4048499187107906,-0.3186913984128559,-0.33759275365219876,-0.8834420341396051,-0.45911775845558356,-0.016471797835222457,0.025443014405925612,0.030193944170931353,0.0029804021175608847,-0.06702048093439941,0.1566227220671361
51.10323224067688,-0.21667860448360443,-0.3842982053756714,0.800000011920929,0.0,0.0,-0.02741909958422184,0.0,0.0,0.0,0.0,0.0,0.0,-0.02294600583681397,0.04849723480467203,1.1550589694657023,0.2365946040674785,0.6288134420947425,0.5688121267162688,0.0694508889642067,0.04524237504615136,0.12705632897416627,-1.6114958578041634,-4.038271641247759,-0.3672730197371315,-0.22683015542552568,-0.3559506436952808,0.829762960371176,-0.008362947532988961,-0.051755993316503095,0.13009075776660065,0.12962028221584831,0.06013213172634088,-0.004898737125676616,-0.19128950470938447,0.2851285585492765,0.018434343409801265,0.0010678666588578441,0.0010678124151163578,0.0010663260170553268,0.0008876752972991103,0.0008877116291508484,0.0009089946185544276,0.003983479519579782,0.003983481497225973,0.003978711219404892,0.008726646259971648,0.008726646259971648,0.008726646259971648,-0.19360278942649117,-0.07345291874934398,12.242979079423831,4.190580691057082,-1.424716240321362,-0.8351921742415259,-0.2038841495887117,-0.40444787849995284,-0.3252960090945263,-0.29863558635148285,-0.6561694710859534,-0.4413173290283387,-0.010151550941921245,0.0283475616803906,0.029762948450247073,-0.007655148285681043,-0.05188282906248175,0.15750357249630167
51.15323224067688,-0.21667860448360443,-0.3842982053756714,0.800000011920929,0.0,0.0,-0.02741909958422184,0.0,0.0,0.0,0.0,0.0,0.0,-0.01963729581551495,0.05050198072090816,1.1615408698487468,0.2128697924048674,0.40805472306025853,0.5411615997124619,0.06289751188776167,0.03494746160329845,0.1322196863476314,-1.4925651877320332,-4.217152990961037,-0.40297600600937344,-0.22029774049813697,-0.3528661326619763,0.8297050583624762,-0.01873020532993047,-0.04124344493381348,0.1301835016932319,0.1306131019200234,0.06340942645745205,0.0026521436491318477,-0.19152121154118043,0.1614431089423907,-0.0005706143512234009,0.0010673073275588182,0.0010672059341973591,0.001065768146632241,0.0008903409295475402,0.0008904316171197256,0.0009116312515901991,0.0039797008374440525,0.00398002823237796,0.003974687850067138,0.008726646259971648,0.008726646259971648,0.008726646259971648,-0.19659156718895202,-0.08423970784873114,12.206946913120852,4.212119171987866,-0.06535575773993822,-0.8020093005470172,-0.200660444682622,-0.4033681133828845,-0.3318358114862706,-0.267068408053069,-0.4261900541480798,-0.41333992502778916,-0.003619136014532537,0.03143207271369508,0.029705046441547256,-0.01816900872016791,-0.041509994355194216,0.15759790969365606
51.20323224067688,-0.21667860448360443,-0.3842982053756714,0.800000011920929,0.0,0.0,-0.02741909958422184,0.0,0.0,0.0,0.0,0.0,0.0,-0.016659990620240837,0.051978497478627615,1.1682358978925869,0.1950132329018642,0.18283646141625948,0.5057492340604633,0.056194695923192664,0.024113208705474676,0.13558143540594816,-1.3725575936133467,-4.3280663165452635,-0.4370198485968949,-0.2138605475511368,-0.3496463542621029,0.830031349489011,-0.028097334083942015,-0.03605829099948987,0.12943843451044387,0.1261025213788995,0.06494017112455416,0.010363829707960279,-0.15985281505090515,0.0708627755879719,-0.01884464532816172,0.0010680119798369002,0.0010678816269136693,0.001066500412957438,0.0008933665376528626,0.0008934932181606337,0.0009146599856195825,0.003982609059770158,0.003983098768005533,0.003977165164594716,0.008726646259971648,0.008726646259971648,0.008726646259971648,-0.19255441254174813,-0.09167314143064416,12.171445740203739,3.893935118964357,0.9201243583401355,-0.771406655153677,-0.19720055693089594,-0.4016248517407305,-0.33820454840357583,-0.2418993138948136,-0.1970083619973742,-0.37642867149584713,0.002818056932467644,0.0346518511135685,0.030031337568082073,-0.027609398551783022,-0.03645201736751913,0.1568527560608943
51.25323224067688,-0.21667860448360443,-0.3842982053756714,0.800000011920929,0.0,0.0,-0.02741909958422184,0.0,0.0,0.0,0.0,0.0,0.0,-0.014012779779886552,0.05290400979947835,1.1750546369231956,0.18199965979420618,-0.04417706853344199,0.4637664556284149,0.049693737690984785,0.01290728412855681,0.13716812581840887,-1.2684592021458518,-4.389705636325473,-0.4695335589147446,-0.20775118122184205,-0.34641813811726513,0.8307526812983816,-0.03485026219673857,-0.03479835573636105,0.1279384244910144,0.11758313704297794,0.06367286649807954,0.01863958528687835,-0.12182785274631444,-0.015714606981338627,-0.03622170895312008,0.0010683002546991534,0.0010681646166457144,0.0010668164770122016,0.0008967794019466913,0.0008969251707992261,0.0009181323572857847,0.003984844843166192,0.003985331169387648,0.003978982773391887,0.008726646259971648,0.008726646259971648,0.008726646259971648,-0.18475950861304583,-0.09472015062242252,12.136973671346544,3.5029096463334577,1.9422038723306985,-0.7405426884434183,-0.1937384014419555,-0.3993221479167435,-0.3443019556248139,-0.22007193644419085,0.029626032445079015,-0.33232338501129655,0.00892742326176238,0.03788006725840626,0.03075266937745269,-0.03438106210834506,-0.03528427419723058,0.15535197824495783
51.30323224067688,-0.21667860448360443,-0.3842982053756714,0.800000011920929,0.0,0.0,-0.02741909958422184,0.0,0.0,0.0,0.0,0.0,0.0,-0.011680873221231765,0.053265417129993504,1.1819096203883557,0.17247672492167626,-0.27084342048408866,0.4161779344140916,0.043582524655212,0.0015490090920500365,0.13703121278800995,-1.183912084309901,-4.400240980406158,-0.5005040708970814,-0.20216603647725356,-0.3433167062488427,0.8318829802736482,-0.040170436979044766,-0.03779750220280755,0.12555089786282353,0.10523296507282397,0.0603273330944327,0.02657863122244502,-0.10317618461977528,-0.08648352687616423,-0.05746844798252078,0.0010680217697551088,0.001067904633592964,0.001066551856538614,0.000900593152938824,0.0009007434723181665,0.0009220841879511891,0.003985225227457896,0.0039855532199080486,0.003979086616962788,0.008726646259971648,0.008726646259971648,0.008726646259971648,-0.17647952058771635,-0.0932865475557072,12.107063468539105,3.3212330897759132,2.891572456383425,-0.6905932577261974,-0.1904851632560218,-0.3965821233788362,-0.3500266401147075,-0.20137144215491826,0.25150918914653897,-0.28286036246290447,0.014512568006350868,0.04098149912682869,0.0318829683527192,-0.039661114070191156,-0.03835685905637939,0.15296304123573018
51.35323224067688,-0.21667860448360443,-0.3842982053756714,0.800000011920929,0.0,0.0,-0.02741909958422184,0.0,0.0,0.0,0.0,0.0,0.0,-0.00964417732933367,0.05306070271251667,1.1887203704484874,0.16535188707202206,-0.4949844385133823,0.3637453139673539,0.03788531102070486,-0.00973758579112258,0.13539878961723892,-1.108448794301816,-4.363307895284204,-0.5289771113435614,-0.19728248409348137,-0.34041172527346975,0.8334074717264365,-0.044298799874993786,-0.044321406023643796,0.12235123354678694,0.08972691559074564,0.05566035500435735,0.034171196603843185,-0.08037727475608528,-0.16257261414842872,-0.07242567531201469,0.0010689624817452803,0.0010688829327370585,0.0010674967092768447,0.0009048761247686859,0.0009050170392621041,0.0009265870206908932,0.003991071497854588,0.003991130391768269,0.003984741953915182,0.008726646259971648,0.008726646259971648,0.008726646259971648,-0.16744597001774555,-0.09370952031028158,12.073848392273199,3.104565991862363,3.7875797077910764,-0.66528448376338,-0.1876383067641477,-0.3934724279859864,-0.35531289872205096,-0.1847463789861428,0.46723434808637065,-0.22920614206098175,0.01939612039012306,0.04388648010220164,0.03340745980550752,-0.043700618025094264,-0.04493851203649801,0.149761354689615
51.40323224067688,-0.21667860448360443,-0.3842982053756714,0.800000011920929,0.0,0.0,-0.02741909958422184,0.0,0.0,0.0,0.0,0.0,0.0,-0.007881050180948724,0.05229112983493809,1.1954079805047473,0.15987549807116513,-0.7144928747533669,0.3070856889136143,0.032639774914697044,-0.021045329312022312,0.13210561263317291,-1.0438188591894186,-4.281574447591875,-0.5561847130918965,-0.19321768707580658,-0.3377553956917483,0.835277550899458,-0.04745979641228592,-0.053368249278163006,0.11824021295273958,0.07282863118749575,0.05042391863674992,0.04037106754293499,-0.07372500761182792,-0.18562034516350662,-0.09475005789763141,0.0010693392156769588,0.0010693073816435757,0.0010678508027366488,0.000909640343850914,0.0009097579430641927,0.0009316619120244433,0.003994367734574016,0.003994109133221626,0.003988051574256236,0.008726646259971648,0.008726646259971648,0.008726646259971648,-0.15720665310308163,-0.09019214412000566,12.055378436710264,3.0616240798383907,4.145679425595225,-0.6173839552277111,-0.18533663689485785,-0.3900465255266864,-0.3601304296052893,-0.16955505100362808,0.6757357220589184,-0.17243745247461073,0.02346091740779785,0.0465428096839231,0.03527753897852903,-0.046737798466878144,-0.05403015891734748,0.1456476502610371
51.45323224067688,-0.21667860448360443,-0.3842982053756714,0.800000011920929,0.0,0.0,-0.02741909958422184,0.0,0.0,0.0,0.0,0.0,0.0,-0.006367400691720626,0.050960566501552174,1.2019078442673512,0.1556904868641405,-0.9279320486581312,0.24671066260998725,0.02790620465442172,-0.03217720402340984,0.12788893787095962,-0.9813360196782109,-4.181936014009326,-0.5809972884134519,-0.19001115122193987,-0.33536791779537306,0.8374061354891273,-0.05026739539371824,-0.06372428738273014,0.11307058889768092,0.05494171684744253,0.045286625962201156,0.04437299909148068,-0.06587827421946954,-0.2432724208055268,-0.1235170875395548,0.0010695286865572795,0.001069544795514918,0.001067996082495168,0.000914930855492291,0.0009150131266212452,0.0009373586624326792,0.003996079428521769,0.003995499449137594,0.003989937850338539,0.008726646259971648,0.008726646259971648,0.008726646259971648,-0.14857569834941628,-0.08598432952323881,12.031777030321651,3.0020322060917186,4.935958370966034,-0.5030448988523206,-0.18364375053021925,-0.38632848429692523,-0.36450170877822385,-0.1560253728559482,0.8768964667698183,-0.1132530512587331,0.02666745326166456,0.048930287580298326,0.03740612356819839,-0.04940338147416721,-0.06442608714963412,0.14047462640900163
51.50323224067688,-0.21667860448360443,-0.3842982053756714,0.800000011920929,0.0,0.0,-0.02741909958422184,0.0,0.0,0.0,0.0,0.0,0.0,-0.005079641022064398,0.0490786692008431,1.2081673725338575,0.15266361704132775,-1.1339660100715456,0.1832535878965837,0.023604182131830312,-0.043098688004957454,0.12249219278931633,-0.9218327738543456,-4.042783633158252,-0.6000929109162345,-0.18780686510898698,-0.3332508394077517,0.839673252448154,-0.05286665103688089,-0.08087173625511779,0.10656394645037433,0.033366893904435264,0.03926370075441174,0.045671531251441785,-0.07318808457885552,-0.39095328071764573,-0.14462185398885988,0.0010697877951197758,0.0010698409459634003,0.0010681973238632165,0.0009208043018281809,0.000920820939184475,0.0009437105329557122,0.003996993711002885,0.003996159214932367,0.003991181060521476,0.008726646259971648,0.008726646259971648,0.008726646259971648,-0.13331923208208502,-0.08379559240341414,12.014223764671662,3.1247350593434473,6.872477642661762,-0.4477712511732086,-0.18272722408692257,-0.38232950860859477,-0.3684941200857035,-0.14492005833451882,1.063944409432586,-0.05196526092013739,0.028871739374617456,0.0510473659679197,0.039673240527225095,-0.05176723149189816,-0.08161132365133167,0.1339617018521163
51.55323224067688,-0.21667860448360443,-0.3842982053756714,0.800000011920929,0.0,0.0,-0.02741909958422184,0.0,0.0,0.0,0.0,0.0,0.0,-0.003987911895703567,0.046653433622456456,1.2141351219642194,0.1506865108679748,-1.3292819532684361,0.11760493518335342,0.020064982922605425,-0.053910735130513844,0.11621778442517368,-0.8561943853678942,-3.8068052887223978,-0.6164248510350617,-0.18655006609457891,-0.3314300741605957,0.8419508286402361,-0.0553467573395347,-0.09933932676200831,0.09956033066701296,0.01795171596946362,0.03361761846429416,0.045609673875159476,-0.08145074012044022,-0.3296611577935802,-0.15157055544216527,0.0010693387598147675,0.0010694105596029963,0.0010676860759382598,0.0009272890524825392,0.0009272211040895875,0.0009507535380603949,0.003993734442287718,0.003992816166892685,0.003988188918418633,0.008726646259971648,0.008726646259971648,0.008726646259971648,-0.1254250823971125,-0.0837263801656546,12.016167085462133,3.2591530161088422,6.318611091885575,-0.4163097361429081,-0.18256215419887534,-0.37808350778305216,-0.3721842933239833,-0.135248696653057,1.2390221939028971,0.010888495527876777,0.030128538389025517,0.052868131215075664,0.041950816719307116,-0.053993678064798094,-0.10011466223381918,0.12694986252374713
51.60323224067688,-0.21667860448360443,-0.3842982053756714,0.800000011920929,0.0,0.0,-0.02741909958422184,0.0,0.0,0.0,0.0,0.0,0.0,-0.003063275042697635,0.04368768220308876,1.219791580127363,0.15022945955369135,-1.5122392901590205,0.050712881818116014,0.016920491197628694,-0.06471932164418379,0.11004054210055365,-0.7838350990431631,-3.5985202718253215,-0.631183715402376,-0.186001696357116,-0.32988810004133134,0.8442260850069112,-0.05797307775052076,-0.11592491946408848,0.09169405497491474,0.004168359479213824,0.028205193650672998,0.045141253654736965,-0.07063156726495476,-0.31698030606573413,-0.1747311512063576,0.0010676808246664602,0.0010677516017086244,0.0010659774660307967,0.0009344111444426491,0.0009342532249903317,0.000958535601876431,0.003984793247772326,0.003983939972664516,0.003979457929093883,0.008726646259971648,0.008726646259971648,0.008726646259971648,-0.12740925600228392,-0.08270870194995142,12.015255559303066,3.1623386332123737,6.327338669027363,-0.3489314257442058,-0.18293842131441837,-0.3735757822444201,-0.3755654951204519,-0.12795162454853484,1.403699369353497,0.07413183672031726,0.030676908126488434,0.05441010533434004,0.044226073085982254,-0.05639198475354305,-0.11673690488813379,0.11907474228328209
51.65323224067688,-0.21667860448360443,-0.3842982053756714,0.800000011920929,0.0,0.0,-0.02741909958422184,0.0,0.0,0.0,0.0,0.0,0.0,-0.0022983429929471152,0.04018277355580769,1.2251380367665763,0.15170460191748225,-1.683645943959459,-0.01673638210488255,0.013676790792393843,-0.07547702424706704,0.10381772346798117,-0.7163165318632654,-3.3897988760711857,-0.6425736642497534,-0.18613342424104895,-0.3285956365656791,0.8464188019243385,-0.05999089139324834,-0.13226140285334664,0.08305422801366111,-0.008791481883683363,0.0235213987705139,0.04213481886296253,-0.0601617870267881,-0.2852187252499538,-0.1788441918580522,0.0010667471065361797,0.0010667982508452886,0.0010650298455593002,0.0009422422382389221,0.0009419793850318935,0.0009671200011523322,0.003979178513235497,0.0039785212888692,0.003973860901649214,0.008726646259971648,0.008726646259971648,0.008726646259971648,-0.12645930906891992,-0.08739353815866113,12.024183316053644,3.0627644710073336,6.111764067070115,-0.314585225369584,-0.18383508124810183,-0.36877841012148677,-0.3787192348422378,-0.12299113376757985,1.5571361673858901,0.13692383166032923,0.03054518024255548,0.0557025688099923,0.04641879000340954,-0.05818493281214137,-0.13310082878804422,0.1104250993004935
51.70323224067688,-0.21667860448360443,-0.3842982053756714,0.800000011920929,0.0,0.0,-0.02741909958422184,0.0,0.0,0.0,0.0,0.0,0.0,-0.0016944085297915493,0.036134123733120985,1.2301845121700998,0.15521291613591406,-1.8438972617480953,-0.0842775353416518,0.010480587733826735,-0.08646896866038732,0.09804129267293676,-0.6537766727936105,-3.1918562104148833,-0.652246303078401,-0.1868172071136292,-0.3275452869284624,0.8484056550426954,-0.061470235550397455,-0.14551923645081974,0.07426300710113247,-0.017758910695739077,0.018478772896684884,0.03709115172759435,-0.051310859118102146,-0.2185627021571349,-0.18211445289021358,0.0010677069016450204,0.0010677259752039394,0.0010660246696909503,0.0009508288608288952,0.0009504670101587462,0.0009765897715535968,0.00398184141352443,0.00398144192958825,0.003976191105471364,0.008726646259971648,0.008726646259971648,0.008726646259971648,-0.13542237095058865,-0.08863212457308613,12.039050029348651,2.9807236491531137,5.374852842882575,-0.2886450818714756,-0.18512279858383765,-0.3636794106615834,-0.38177885712740445,-0.1203014082851121,1.7026040069095472,0.19923446524923316,0.02986139736997523,0.05675291844720898,0.04840564312176643,-0.05948147608566673,-0.14637769133642972,0.10162504563732043
51.75323224067688,-0.21667860448360443,-0.3842982053756714,0.800000011920929,0.0,0.0,-0.02741909958422184,0.0,0.0,0.0,0.0,0.0,0.0,-0.0012614880469164886,0.03153432845675088,1.234960749425489,0.16086785025133188,-1.9943066679238295,-0.1516094947107587,0.006836231581176671,-0.0975228423944273,0.09300819754264347,-0.5953388548166753,-3.030759105967984,-0.660621934732142,-0.18783483901958026,-0.32672402084753444,0.8501284203082748,-0.06352652314174903,-0.15472860977032465,0.06511840628500602,-0.022452472441755668,0.014678340346810616,0.03193254337143858,-0.06486576058093722,-0.13763896660937028,-0.1893382886434057,0.0010683597088607443,0.0010683433698576582,0.0010667427327676524,0.0009601964732499624,0.0009597587859381802,0.0009870032034493166,0.003985224724610726,0.003985048264166127,0.003979043171182196,0.008726646259971648,0.008726646259971648,0.008726646259971648,-0.1433101261296437,-0.08834615357585383,12.05472897801171,3.1587149889988,4.572705435657374,-0.2350811261087571,-0.18657335097266378,-0.3582583493042853,-0.3848323291172142,-0.12123723494765166,1.8422956253821632,0.2618040047685408,0.028843765464024174,0.05757418452813695,0.05012840838734589,-0.06141042199626284,-0.1556129925446707,0.09247353414517896
51.80323224067688,-0.21667860448360443,-0.3842982053756714,0.800000011920929,0.0,0.0,-0.02741909958422184,0.0,0.0,0.0,0.0,0.0,0.0,-0.0010206450656477385,0.02638219695742535,1.2395049306101924,0.16886573757763212,-2.1369473180255825,-0.21823618680383647,0.002797487669573877,-0.10856241757860566,0.08875904984550308,-0.5280014698474562,-2.9097693718823425,-0.6663193685977472,-0.1890248922098912,-0.3260625192770911,0.8516409311477402,-0.06570215824443645,-0.16029574166399652,0.05552516880554561,-0.024879392970937587,0.01197582591327458,0.029250647673093967,-0.05983192457997698,-0.06338270708115602,-0.19300992633427022,0.0010677109825243905,0.0010676632053625104,0.0010661727317986557,0.0009703739472785397,0.0009698818180430819,0.0009983941258186967,0.00398245624904556,0.003982445389789653,0.0039756801833951754,0.008726646259971648,0.008726646259971648,0.008726646259971648,-0.15360964729299764,-0.09034135080378355,12.064892745276081,3.1173869733686232,3.7440262016084644,-0.22810215574126486,-0.18800424714424344,-0.35244471623451645,-0.3878639994624522,-0.12596370782343283,1.9777926258935956,0.32405583398084836,0.027653712273713243,0.058235686098580264,0.051640919226811244,-0.06350851720041407,-0.16120689929228968,0.08287564434385497
51.85323224067688,-0.21667860448360443,-0.3842982053756714,0.800000011920929,0.0,0.0,-0.02741909958422184,0.0,0.0,0.0,0.0,0.0,0.0,-0.0009946136814133202,0.02067559270235517,1.2438493591191198,0.17928304238800705,-2.274027957061002,-0.28370642601565893,-0.0017562323001972325,-0.11970175262418208,0.08501809051158069,-0.4627304856597366,-2.8302135994991326,-0.6716678539449786,-0.1902976739945731,-0.32552014810470387,0.8531039520419007,-0.06802557728893197,-0.1618544614930225,0.04573158278173382,-0.02576824455557471,0.009651209564664491,0.029629348329780706,-0.0602710264794101,0.009847857939384596,-0.19430232717016988,0.0010683849233592405,0.0010683143943409977,0.0010669404848069027,0.0009814436309015743,0.0009809250349233113,0.001010858489796178,0.003984357331112604,0.003984433424423655,0.003976849402321111,0.008726646259971648,0.008726646259971648,0.008726646259971648,-0.16177112645834277,-0.09316405082009308,12.05716837447837,3.141628329667817,2.8905957950439847,-0.19021027229296397,-0.18930306031315977,-0.34619574080705906,-0.39074540707721905,-0.13459926310768755,2.1115805826666247,0.38605135910038957,0.02638093048903134,0.05877805727096752,0.05310394012097175,-0.06580923969106418,-0.16279393069724268,0.07308020177414058
51.90323224067688,-0.21667860448360443,-0.3842982053756714,0.800000011920929,0.0,0.0,-0.02741909958422184,0.0,0.0,0.0,0.0,0.0,0.0,-0.001206470144624112,0.014408493319986665,1.2479970841978534,0.19193304199935274,-2.407795930477054,-0.3478918696504747,-0.006718026228234928,-0.13098222267057238,0.08089091263777333,-0.3962474336570667,-2.793329347444156,-0.6751217451197943,-0.19159654833275463,-0.3251050579900042,0.8546304043894393,-0.06996008647655957,-0.16040864020130224,0.03581080430607761,-0.026124008676376355,0.006809514912217754,0.031693620229457785,-0.04336346488729009,0.05955229586540507,-0.19404763546515783,0.0010697688555987342,0.001069686006250453,0.0010684120712819243,0.0009934694961978372,0.0009929416135266624,0.0010244580293652403,0.0039897632128878075,0.003989852309643103,0.003981408811454221,0.008726646259971648,0.008726646259971648,0.008726646259971648,-0.16228863909576977,-0.09194720725777922,12.030954099148278,2.972339765253924,2.3143993450628746,-0.1550016897338993,-0.19039007818813053,-0.3395135513099909,-0.3933666798084141,-0.1466495145562315,2.244874508746562,0.44737982846251256,0.025082056150849796,0.059193147385667166,0.054630392468510314,-0.06776211636714315,-0.16137091248776772,0.06315988140121889
51.95323224067688,-0.21667860448360443,-0.3842982053756714,0.800000011920929,0.0,0.0,-0.02741909958422184,0.0,0.0,0.0,0.0,0.0,0.0,-0.0016670631950336415,0.007578891489750557,1.2519056825387345,0.20639532154524506,-2.540137194045339,-0.41091921370392875,-0.01170569578814468,-0.1422018505388486,0.07545302099746065,-0.33822880987508275,-2.785254917888232,-0.6768152071666571,-0.19292187727742874,-0.3248645603909456,0.856300198345585,-0.0708992389234872,-0.15786498213318398,0.025878566800890856,-0.027002963677350455,0.002642504371351147,0.035264772002449166,-0.023952968040406225,0.0611214418394722,-0.1935010269092453,0.0010721529972952672,0.0010720675820434981,0.001070857987589675,0.001006512513531878,0.0010059732146809053,0.001039211183631234,0.003995819906463685,0.003995887834258947,0.0039865970918274846,0.008726646259971648,0.008726646259971648,0.008726646259971648,-0.15757603038307244,-0.0867365788188586,11.996137685176839,2.72438863643583,2.257550464961831,-0.11436745021386006,-0.19125481408239509,-0.33244345188069613,-0.39560548419314945,-0.16110054656051148,2.377719177584773,0.5075798714528893,0.023756727206175693,0.05943364498472581,0.05630018642465606,-0.06873460124776729,-0.15883647527297315,0.053229195809013134
52.00323224067688,-0.21667860448360443,-0.3842982053756714,0.800000011920929,0.0,0.0,-0.02741909958422184,0.0,0.0,0.0,0.0,0.0,0.0,-0.0023711489625476904,0.0001948215516503316,1.2554988657801351,0.22214643636092304,-2.671834275873346,-0.4733075374961506,-0.01645773491241887,-0.1531609469851772,0.06827430865857688,-0.292607742534011,-2.7800229323373613,-0.6764769572375178,-0.19431539590848923,-0.32485658589147115,0.858163876460798,-0.07126561548409178,-0.15509250411371936,0.01607414852173331,-0.02869944424393846,-0.0025333029978777833,0.039154179339644504,-0.02340323839064876,0.06061518489185778,-0.1897431082000739,0.0010767219186558596,0.001076642058288766,0.0010754450989195724,0.001020657905520513,0.0010201014397603829,0.0010551831141525807,0.004008527560297726,0.004008556936055456,0.003998294180520127,0.008726646259971648,0.008726646259971648,0.008726646259971648,-0.14988429802598477,-0.07666126820483289,11.957570875454435,2.7185419349675866,2.2481841177542683,-0.0902294966632344,-0.19194424694594153,-0.3250514074431215,-0.3973349893193372,-0.17731869169292674,2.5099481324273696,0.5676649951717926,0.0223632085751152,0.05944161948420024,0.05816386453986899,-0.06913743853046149,-0.1560655322037895,0.04342664535880045
52.05323224067688,-0.21667860448360443,-0.3842982053756714,0.800000011920929,0.0,0.0,-0.02741909958422184,0.0,0.0,0.0,0.0,0.0,0.0,-0.0033032220208290765,-0.0077246090704987625,1.2586849048924387,0.2388573049699175,-2.802977207370573,-0.5353023415163405,-0.020825187418838702,-0.16361627790080455,0.059167255833573004,-0.2472790102663514,-2.7752592641468685,-0.6749318096308472,-0.19578387782359782,-0.3251187302545176,0.8602137028162605,-0.07118488538901276,-0.15239449035267377,0.006352239309224744,-0.03011809653538205,-0.008156652897903523,0.042742959809727726,-0.0038546696599433645,0.06730187095909383,-0.18890568403097996,0.0010813436129647807,0.001081274738761622,0.0010800004485607027,0.001035961514224302,0.0010353803860302633,0.001072422330697017,0.004020893059038409,0.004020873571781243,0.004009478058573684,0.008726646259971648,0.008726646259971648,0.008726646259971648,-0.13895198970950656,-0.06690951393160186,11.927725154408149,2.479367339799788,2.1534532858105013,-0.04793952689467985,-0.19248065580276874,-0.31739412118401883,-0.39847120207617814,-0.1950146855362685,2.6412795174914625,0.6280105077479063,0.020894726660006607,0.05917947512115379,0.06021369089533157,-0.06909216493263198,-0.15336307333394236,0.03370666194903067
52.10323224067688,-0.21667860448360443,-0.3842982053756714,0.800000011920929,0.0,0.0,-0.02741909958422184,0.0,0.0,0.0,0.0,0.0,0.0,-0.004440002319036021,-0.01615461654558889,1.2613782842121846,0.2561917756477261,-2.933668730024743,-0.5972288865577613,-0.024646024509435194,-0.1735840211027718,0.048567916956253426,-0.2139090077570763,-2.7752321375535636,-0.6712721635357486,-0.19733009451445416,-0.32569705254409753,0.8624268140337217,-0.07032126703848374,-0.1495923880300282,-0.0031951085999331027,-0.03170505527683968,-0.014960746300513906,0.04567440248534027,0.00891172430612093,0.06883156523063523,-0.19101754707785504,0.0010863674220844273,0.001086313071376309,0.0010848460417222092,0.001052436619065812,0.0010518252333104041,0.0010909201220106301,0.004025671639723714,0.004025603068921892,0.004013312086499481,0.008726646259971648,0.008726646259971648,0.008726646259971648,-0.1276241275603913,-0.05747782663129013,11.907959490988333,2.3162941351342248,2.1184767334283494,-0.00974212841832764,-0.19289009219541814,-0.3095424359985086,-0.3989514701784629,-0.2137539393887072,2.7720549346470125,0.6885120182621781,0.019348509969150274,0.058601152831573855,0.06242680211279272,-0.06826551451115623,-0.15054598058521496,0.02416153058950058
52.15323224067688,-0.21667860448360443,-0.3842982053756714,0.800000011920929,0.0,0.0,-0.02741909958422184,0.0,0.0,0.0,0.0,0.0,0.0,-0.005753664644086212,-0.02507122157165073,1.2635169895087894,-0.27297377110341914,3.0551521739918104,0.6579262548365513,-0.027900468492575412,-0.18308017993972206,0.036980294907944584,-0.18869266548108365,-2.776953838579366,-0.665702647516833,-0.1989413237961298,-0.32662030239245043,0.864762798436359,-0.0688802490768047,-0.14654320607354196,-0.01249184397660925,-0.03252627213354102,-0.022068340807565007,0.04727111399890532,0.02238124458739033,0.07846106818445879,-0.18230544447711558,0.0010921506504611778,0.0010921127076604412,0.0010903175975700136,0.0010701946200098685,0.0010695512162155279,0.0011107883444960122,0.004030841292818293,0.004030718709443859,0.0040174289017251745,0.008726646259971648,0.008726646259971648,0.008726646259971648,-0.11899122547584932,-0.04594014295240623,11.896090929521398,2.13760728635067,1.9836274341956746,0.00895102610335511,-0.19318765915204358,-0.3015490808207997,-0.3987541910724305,-0.23318488130980947,2.902357520429952,0.750152716032033,0.017737280687474627,0.05767790298322095,0.06476278651543,-0.06686497919323921,-0.14747412279118138,0.014867320448360937
52.20323224067688,-0.21667860448360443,-0.3842982053756714,0.800000011920929,0.0,0.0,-0.02741909958422184,0.0,0.0,0.0,0.0,0.0,0.0,-0.007219258040687946,-0.03444821243496282,1.2650614780011453,-0.2653517454958796,2.909924048531388,0.6595316196339015,-0.03072326737148896,-0.19199945459272943,0.0247992447862873,-0.17241066564426594,-2.7854180045668033,-0.6591984737718323,-0.20055992079077878,-0.32789295373075916,0.8671217875285147,-0.06729842954357107,-0.14257243961838204,-0.021260845380746067,-0.03210371009332651,-0.028869506572103167,0.04680383163629367,0.009114684423414081,0.09780504520136196,-0.16197761507510083,0.0010984466326263208,0.001098425133738146,0.0010961507304411775,0.0010892410917748055,0.0010885769691552339,0.001132021463753671,0.0040311906336809354,0.004031005813891497,0.004017090212439108,0.008726646259971648,0.008726646259971648,0.008726646259971648,-0.11300765822127358,-0.035821342834910536,11.893483183090737,2.282686051353319,1.7247524556953888,0.00036778878196452614,-0.19334066275009082,-0.29344474129579634,-0.39793969047263067,0.2514601140672552,-3.0158367907716994,-0.8099161400009893,0.016118683692825653,0.056405251644912224,0.0671217756075857,-0.06533643043300687,-0.14347915774236542,0.0061014380781552685
52.25323224067688,-0.21667860448360443,-0.3842982053756714,0.800000011920929,0.0,0.0,-0.02741909958422184,0.0,0.0,0.0,0.0,0.0,0.0,-0.008818511922166913,-0.044258518530777016,1.26599365430438,-0.2564652368366148,2.7646466825517284,0.6570070903747351,-0.03324688788767333,-0.20041278923986078,0.012487807343098723,-0.14887472755731848,-2.806825919479253,-0.653123461892902,-0.20215621974031994,-0.32947677476729964,0.8694287199725106,-0.06694195842257783,-0.13806942421672516,-0.02905433241754846,-0.031915042771572186,-0.034119984360804566,0.045438681533453706,-0.015183833603089492,0.09172285242527205,-0.1421096446829873,0.0011037132400912551,0.001103706270722599,0.001100785832516849,0.0011096098456019883,0.0011089416751293266,0.0011546196462145178,0.004022844295453192,0.004022604199917614,0.004008683484618036,0.008726646259971648,0.008726646259971648,0.008726646259971648,-0.10664167801761745,-0.027707531766843502,11.900309412658235,2.570907822994992,1.7631577397102245,-0.0034625861071605115,-0.19333770781815302,-0.28521825623652264,-0.39656493433186935,0.24596431067134833,-2.867796732514434,-0.8015246219874467,0.014522384743284489,0.054821430608371746,0.06942870805158163,-0.06504057185623509,-0.13896928151142204,-0.0016890489390280834
52.30323224067688,-0.21667860448360443,-0.3842982053756714,0.800000011920929,0.0,0.0,-0.02741909958422184,0.0,0.0,0.0,0.0,0.0,0.0,-0.010535989354200522,-0.05447934909511268,1.2663187915224146,-0.24615483438220218,2.6191800073791236,0.6500616562160061,-0.03545220939367492,-0.20842043333358878,0.00051768137828501,-0.11092770088828818,-2.826313570190961,-0.647239968758428,-0.20374162042872693,-0.3313001798717832,0.8716741374451185,-0.06763926497022552,-0.1332759685693256,-0.03590753493079722,-0.031281905612555394,-0.038500050909731805,0.04446215678811449,-0.031648188509270876,0.10704769720073808,-0.12212769833845115,0.001109742125626364,0.0011097465942007815,0.0011060734908936744,0.0011313623787615951,0.0011307030356649027,0.001178615909202877,0.00401782678944307,0.004017534914136755,0.004004500523281786,0.008726646259971648,0.008726646259971648,0.008726646259971648,-0.10072137700287638,-0.020613964954659714,11.900323604168657,2.776015247315019,1.5441356550515295,-0.02654739142626908,-0.1932056310745264,-0.2768208307766705,-0.3946446540772961,0.23726848511157814,-2.7187719698979445,-0.7910728898149748,0.012936984054877504,0.05299802550388821,0.0716741255241895,-0.0658024695638001,-0.13418390234150837,-0.008539491339683618
52.35323224067688,-0.21667860448360443,-0.3842982053756714,0.800000011920929,0.0,0.0,-0.02741909958422184,0.0,0.0,0.0,0.0,0.0,0.0,-0.012356332485266044,-0.06509169490562101,1.2660454401815964,-0.23420169288792284,2.4734403901196056,0.6383685751591321,-0.037361515848939736,-0.21607339908670872,-0.011451735011009307,-0.06272530300325029,-2.8567523251356075,-0.6425107158899087,-0.2052749099940459,-0.33331495277674306,0.8738774336385235,-0.06943102960507144,-0.12766266764900774,-0.04155243780508142,-0.030007708584649895,-0.04178653572109118,0.04359505840135785,-0.05200169097024125,0.11115799974029138,-0.0954976050497196,0.0011160603635679302,0.001116071845872694,0.0011116068397552224,0.0011545833199402727,0.0011539529922788558,0.0012040897720922825,0.004025828336719413,0.0040254974553192826,0.004013922084018785,0.008726646259971648,0.008726646259971648,0.008726646259971648,-0.09632798595090684,-0.013007267934719438,11.893259092262177,3.0401331894456587,1.4503087283704028,-0.04835867710140253,-0.19291857750877986,-0.26822325787112206,-0.3921680065430728,0.22482823509064873,-2.5682765473021782,-0.777388058388173,0.011403694489558525,0.05098325259892833,0.0738774217175946,-0.06767005144106075,-0.12859431756830375,-0.014181606325340448
52.40323224067688,-0.21667860448360443,-0.3842982053756714,0.800000011920929,0.0,0.0,-0.02741909958422184,0.0,0.0,0.0,0.0,0.0,0.0,-0.014266649200279575,-0.07607718063250887,1.2651647873814307,-0.22028566812097428,2.3271607772962115,0.6216965232664906,-0.03905115275160582,-0.22334602998883057,-0.023774376995625884,-0.0013170080116879923,-2.8918824264143055,-0.6388720273051467,-0.2067252705244098,-0.33544098808721867,0.8760290755133899,-0.07191440663307642,-0.1216955684536587,-0.046043597096979194,-0.027931379268419414,-0.04326711733108779,0.042362476235906686,-0.055476105275521194,0.12805829968432006,-0.06945268429527894,0.001121421233612076,0.0011214343571208,0.0011162155892510232,0.00117932596737052,0.0011787365095110001,0.0012310650111186446,0.004051865887837368,0.00405151319024256,0.004041891639145497,0.008726646259971648,0.008726646259971648,0.008726646259971648,-0.0912492314143624,-0.00844517878341852,11.88361858559455,3.107770395731374,1.202121295795707,-0.0852594672297778,-0.19245862132413025,-0.25936380745470977,-0.38913571186804075,0.20841731973924058,-2.4167787595678916,-0.7593235681305581,0.009953333959194621,0.048857217288452714,0.07602906359246098,-0.07023411467545336,-0.12266094319873502,-0.018670165927235992
52.45323224067688,-0.21667860448360443,-0.3842982053756714,0.800000011920929,0.0,0.0,-0.02741909958422184,0.0,0.0,0.0,0.0,0.0,0.0,-0.01625509931725601,-0.08742059529306531,1.2636559518486992,-0.20411352369144023,2.1799722019902283,0.600061296309796,-0.0404868519274449,-0.2303905564333884,-0.03657904431362556,0.06347314729416907,-2.9394218993217445,-0.6370783782268031,-0.20806517634619384,-0.33764062242806614,0.8780793241948596,-0.07378590330854909,-0.11515197369622139,-0.04950452006447611,-0.02548238453471789,-0.04486388615311628,0.039387981392328034,-0.02789547283069724,0.14741330024842542,-0.05392758159309667,0.0011235881893608393,0.0011235973992293413,0.0011177318425232552,0.0012056567584526055,0.001205112685051068,0.0012596067743544373,0.004099959626607661,0.004099608657392588,0.0040921278879339105,0.008726646259971648,0.008726646259971648,0.008726646259971648,-0.0879322372962065,-0.0036754906836028263,11.879865252968806,2.7974219726985554,0.9159533501490605,-0.09677275654594272,-0.19181007702893782,-0.2502200271350008,-0.3855766276538396,0.18871799173730064,-2.264295807933974,-0.7350346610855751,0.00861342813741059,0.04665758294760525,0.07807931227393061,-0.07219442660493147,-0.11614318371284454,-0.02212816882722334
52.50323224067688,-0.21667860448360443,-0.3842982053756714,0.800000011920929,0.0,0.0,-0.02741909958422184,0.0,0.0,0.0,0.0,0.0,0.0,-0.01831118815037642,-0.09911027416572321,1.2615021912842859,-0.18564328703286356,2.031075290761583,0.5742664107495794,-0.04175670139737599,-0.23719659847295446,-0.04957137826291067,0.11274588144837688,-3.0012697695115085,-0.635860393614268,-0.2092698918311857,-0.3399621641772253,0.8799466492933711,-0.07447918690986563,-0.10820654058367749,-0.052103469897935614,-0.022779842313181677,-0.048023925650169705,0.035295248573989184,-0.010200489372612618,0.13863391837960815,-0.03898213401477025,0.0011243663155543618,0.0011243666266989706,0.0011181412712005423,0.001233418943519268,0.0012329185337669718,0.0012895551237047224,0.004186375943612341,0.004186048221933149,0.004180362745502168,0.008726646259971648,0.008726646259971648,0.008726646259971648,-0.08431242379295906,0.005827630534415489,11.879590417982813,2.59499700513613,0.9630009828562685,-0.1230014508039329,-0.19095870368080928,-0.2408518900115021,-0.3815555419909148,0.16641219865106957,-2.1103539150687007,-0.7048467916679146,0.007408712652418742,0.044336041198446086,0.07994663737244212,-0.07298236315549013,-0.10920782720971886,-0.0247238070132578
52.55323224067688,-0.21667860448360443,-0.3842982053756714,0.800000011920929,0.0,0.0,-0.02741909958422184,0.0,0.0,0.0,0.0,0.0,0.0,-0.020426244690114316,-0.11112837623883688,1.258698470478676,-0.16519878893297008,1.8799428565399232,0.5453420004694808,-0.04284556019214472,-0.24352748445161962,-0.0625774539614954,0.151897367224464,-3.060765258065912,-0.6359538437146324,-0.21033606784242395,-0.3424635174602723,0.8816037642001889,-0.0742074331138022,-0.10101848279378714,-0.05396193517127485,-0.019674292792031946,-0.05201403317307075,0.030982524971835783,0.0048000136957581,0.1557605689763851,-0.021563109390853718,0.001124982232019701,0.001124970054647679,0.0011188324607073242,0.0012629117172156862,0.0012624533871379115,0.0013211768448216123,0.004341717800734997,0.004341437324447843,0.004335771229822521,0.008726646259971648,0.008726646259971648,0.008726646259971648,-0.07937529087663513,0.017989468317845668,11.881192457023387,2.4175884160539787,0.6938680489725236,-0.1468223035484734,-0.18990982315230964,-0.23133514122143545,-0.37709470627848696,0.1420701865602834,-1.9543798657694855,-0.6702547866468794,0.0063425366411804796,0.04183468791539907,0.08160375227925998,-0.072808883223948,-0.10201691804197349,-0.026578741865159895
52.60323224067688,-0.21667860448360443,-0.3842982053756714,0.800000011920929,0.0,0.0,-0.02741909958422184,0.0,0.0,0.0,0.0,0.0,0.0,-0.022589572753445555,-0.12344782031365627,1.255246448436937,-0.1430906231595938,1.7261195309965813,0.5139790052287054,-0.043687562341097386,-0.24925027854111412,-0.0755034277080533,0.18217842354644836,-3.1337173933145124,-0.6372383364522238,-0.21124181647326162,-0.3451747333654846,0.8830395170474067,-0.07326405187245631,-0.09341859877341867,-0.05485145753702612,-0.016419948068378966,-0.05664235017184926,0.026104351983200474,0.025076202575009268,0.1540780675932671,-0.005716351483791161,0.001126657033375347,0.001126630748553558,0.0011211236606733805,0.0012939725503053655,0.0012935606536390511,0.0013543174773544356,0.004573132309071399,0.00457291223812935,0.00456396312401208,0.008726646259971648,0.008726646259971648,0.008726646259971648,-0.07644265990163594,0.03258474519618077,11.88400373817195,2.1702168653467337,0.6496978614920702,-0.16524664339686818,-0.18865224371981607,-0.22172691305182834,-0.3722069313895303,0.11587593247393757,-1.7955588752632277,-0.6321201456104371,0.005436788010342808,0.03912347201018679,0.08303950512647773,-0.07196970974749618,-0.09440532458011286,-0.02746456832840015
52.65323224067688,-0.21667860448360443,-0.3842982053756714,0.800000011920929,0.0,0.0,-0.02741909958422184,0.0,0.0,0.0,0.0,0.0,0.0,-0.024791335135505365,-0.13603515999685067,1.2511516418093065,-0.11967510503144116,1.5690429413341582,0.48079212135121974,-0.04438293294129998,-0.2542433087866911,-0.08828883739718119,0.20009090233306687,-3.208878037937125,-0.6394440461822348,-0.21196163038390048,-0.34814121722362634,0.884186386381966,-0.07108592881060437,-0.08580168780629359,-0.055183789459986116,-0.01231964668666223,-0.06230514518534233,0.0195693351699542,0.05379142256163217,0.1561759303146685,-0.0005971070015429686,0.001138226049338807,0.0011381867606337468,0.001133958755814081,0.0013264627607491686,0.0013260923509798702,0.0013888439182695453,0.004905109825538542,0.004904948868507098,0.004886796168263054,0.008726646259971648,0.008726646259971648,0.008726646259971648,-0.07268210297502642,0.04687960044362346,11.8951431943514,1.809172667796321,0.5550863937984344,-0.17255706005018456,-0.18717029524839512,-0.21210605722677567,-0.3669652554273405,0.08909334731078854,-1.6337811040088688,-0.5910369776810112,0.004716974099703952,0.036156988152045044,0.08418637446103705,-0.06989635496216372,-0.08675992318019052,-0.02779306126512043
52.70323224067688,-0.21667860448360443,-0.3842982053756714,0.800000011920929,0.0,0.0,-0.02741909958422184,0.0,0.0,0.0,0.0,0.0,0.0,-0.02702316535141736,-0.14885428262326647,1.246431489017443,-0.09556972356482418,1.408335858642278,0.44646091090182327,-0.044890275695172184,-0.25852159626989657,-0.10051727427733836,0.19995117124216574,-3.2887692559444304,-0.642015276744912,-0.2124657395339044,-0.3514103107382287,0.8849772667766935,-0.06769860396583903,-0.07775465843663118,-0.0551452422305938,-0.0077896488340023174,-0.06858669409928608,0.012085921358436587,0.06381402458394522,0.17527359572343493,0.01405262063548169,0.001167841374003369,0.0011677934962020134,0.001165267507596118,0.0013608039936124094,0.0013604763447304408,0.001425151047653903,0.0053735341421327085,0.005373419022079977,0.005339607599337445,0.008726646259971648,0.008726646259971648,0.008726646259971648,-0.0700120063425161,0.06361083732147467,11.908321549612637,1.664104998643209,0.2547313542582426,-0.2054190496567672,-0.18544257418248705,-0.20255602811496223,-0.3614542222407495,0.06276827656856884,-1.4681162008616735,-0.5480436643960243,0.004212864949700024,0.03288789463744268,0.08497725485576457,-0.06661998318427835,-0.07866798762040098,-0.027750431327344127
52.75323224067688,-0.21667860448360443,-0.3842982053756714,0.800000011920929,0.0,0.0,-0.02741909958422184,0.0,0.0,0.0,0.0,0.0,0.0,-0.029277025084232005,-0.16186640557774337,1.241116387325649,-0.07127769265655351,1.243360833608787,0.4113945168524214,-0.045264113617418805,-0.26196332190920896,-0.11208679339443198,0.19255805669360945,-3.3836782259287332,-0.6462296067879177,-0.21271990289841047,-0.35500516353092115,0.8853886824090814,-0.0644320011593453,-0.06874823474143307,-0.05430420208379922,-0.0022997541918769126,-0.07498985061054836,0.004528070445706552,0.04917260306758606,0.1837435229455164,0.03092220837209219,0.0012283614244494533,0.0012283126636237539,0.0012273423508707873,0.0013965536967490211,0.0013962893262172375,0.0014628328926467086,0.005957308560891827,0.005957227739540583,0.005898635857462096,0.008726646259971648,0.008726646259971648,0.008726646259971648,-0.06830681868724958,0.07928598871854553,11.926472772566706,1.8153632979929393,0.06831298763155624,-0.23421108965769466,-0.18344287781417848,-0.19313875795317778,-0.3557277049165676,0.03622624765425422,-1.2969798993712949,-0.5042275809239333,0.003958701585193958,0.029293041844750234,0.08538867048815246,-0.06347757767128938,-0.06961861963143598,-0.026905389098594818
52.80323224067688,-0.21667860448360443,-0.3842982053756714,0.800000011920929,0.0,0.0,-0.02741909958422184,0.0,0.0,0.0,0.0,0.0,0.0,-0.0315474452285899,-0.17503102087493952,1.235245498706693,-0.04680554849160652,1.0735138540342033,0.3754477821482572,-0.04555269215690211,-0.26462128997866785,-0.1227487513638222,0.19272785711253926,-3.48790811424437,-0.6518835388309698,-0.2126842510159319,-0.35887801685282167,0.8854284113360561,-0.06225662642135746,-0.059529485604862195,-0.05276119837664276,0.003810125507764465,-0.0793456386505093,-0.002987304761872394,0.01760664938384682,0.1897451342035828,0.04166910518915062,0.0013341274186234263,0.001334087988235214,0.0013335681456492692,0.0014338807833291925,0.0014337003567611915,0.001502020137026539,0.006664014581119254,0.006663975219999556,0.006571068222250545,0.008726646259971648,0.008726646259971648,0.008726646259971648,-0.06661418224779962,0.09523073854779257,11.942337820544942,2.181114742895954,-0.08712412417516786,-0.26646620005300703,-0.181136805787342,-0.18384699597788215,-0.3498170873706369,0.00858412208727669,-1.1203188429782311,-0.46003005275941994,0.003994353467672518,0.025420188522849718,0.08542839941512714,-0.0614291954081838,-0.060371985712661974,-0.025359052984701796
52.85323224067688,-0.21667860448360443,-0.3842982053756714,0.800000011920929,0.0,0.0,-0.02741909958422184,0.0,0.0,0.0,0.0,0.0,0.0,-0.03383017850437297,-0.18830860363832397,1.2288613434992393,-0.02164802630051289,0.8984862412206337,0.33812494248527375,-0.04575663887441295,-0.2664820205566647,-0.13261745693430205,0.21118522977662138,-3.599909858150358,-0.6591502263937885,-0.21233408402873635,-0.36289239859090755,0.8850874912268449,-0.06220188798685341,-0.05019372299116521,-0.05077854114611216,0.01008493715654043,-0.0805020769348787,-0.010525214407274098,-0.03314640329347688,0.16901658402480352,0.04693857485551204,0.0014979354712237305,0.0014979169332541644,0.0014956166029117001,0.001472926145414871,0.001472859175893889,0.0015428351654997903,0.007498674249159667,0.007498697862038959,0.00736201799804036,0.008726646259971648,0.008726646259971648,0.008726646259971648,-0.06583048285329904,0.10638446473686544,11.957372579423613,2.796591545956614,0.07250657568816522,-0.26882624506166164,-0.17850390552436338,-0.17458379495258358,-0.3437738522723943,-0.021499823431096462,-0.9378448998182675,-0.41530898739614036,0.004344520454868078,0.021405806784763837,0.08508747930591598,-0.06150271960356419,-0.05103741476418613,-0.023374039284922418
52.90323224067688,-0.21667860448360443,-0.3842982053756714,0.800000011920929,0.0,0.0,-0.02741909958422184,0.0,0.0,0.0,0.0,0.0,0.0,-0.03612212949178813,-0.20166528077287002,1.222002546461861,0.005188145926983245,0.718471369465843,0.29881838118831966,-0.04592140062219873,-0.26778506482520764,-0.14173442456084703,0.26041644259373214,-3.7039300670631645,-0.6665349162070389,-0.21165587794668766,-0.3668918295183794,0.8843908629141625,-0.06487343703906408,-0.040802679978975194,-0.048375965193386286,0.017242239460393962,-0.07881593900117033,-0.017259549699656367,-0.07985279100400013,0.18038486790056382,0.05864265053075789,0.0017281918879389257,0.001728206337002703,0.0017209383465871101,0.0015137689795269298,0.0015138526808632304,0.0015853521002098239,0.008451627130667947,0.008451744662497684,0.00826174318359826,0.008726646259971648,0.008726646259971648,0.008726646259971648,-0.06426444800399016,0.11518194700448973,11.973113579643652,3.3872278516355907,-0.14883581827652456,-0.2931264094495369,-0.17553374845489955,-0.16522654874550938,-0.33761168354769844,-0.05567505135296748,-0.7499115284296854,-0.3690892769691685,0.005022726536916766,0.01740637585729199,0.08439085099323351,-0.06430287650070078,-0.04168490028924544,-0.020970286329906784
52.95323224067688,-0.21667860448360443,-0.3842982053756714,0.800000011920929,0.0,0.0,-0.02741909958422184,0.0,0.0,0.0,0.0,0.0,0.0,-0.03842036102303127,-0.2150761132680106,1.2147075772934293,0.03501945590485495,0.5335735611775301,0.2570489576479301,-0.04600786062751908,-0.26864823498036955,-0.15006434217639128,0.33917947069480125,-3.819017395674221,-0.6751346142396841,-0.21061670501791205,-0.370724094146853,0.8833781767219181,-0.06912082781911573,-0.03191698605600003,-0.04565655881551529,0.024347872445740517,-0.074265107417533,-0.02314418708064522,-0.09293055142522949,0.16600874307279867,0.06372167042196483,0.0020295362480075682,0.002029596554722259,0.0020135271563293962,0.0015556388423247731,0.0015558998349181764,0.0016288572251594523,0.00943019986248609,0.009430431587731835,0.009175098263853201,0.008726646259971648,0.008726646259971648,0.008726646259971648,-0.0630917272031101,0.11685101662327982,11.985568311712294,3.5900554606071973,-0.06129655857831709,-0.32336681104259096,-0.17219634399488076,-0.15564798087884238,-0.33132940057151117,-0.09424508936159733,-0.5575682538337692,-0.3199055245577251,0.006061899465692383,0.013574111228818408,0.08337816480098914,-0.06867176382029617,-0.03285917295261693,-0.018250703944559073
